A.J. Hammons,24,Dallas Mavericks,42767
Aaron Brooks,32,Indiana Pacers,42767
Aaron Gordon,21,Orlando Magic,42767
Aaron Harrison,22,Charlotte Hornets,42767
Adreian Payne,25,Minnesota Timberwolves,42767
Al Horford,30,Boston Celtics,42767
Al Jefferson,32,Indiana Pacers,42767
Alan Anderson,34,Los Angeles Clippers,42767
Alan Williams,24,Phoenix Suns,42767
Alec Burks,25,Utah Jazz,42767
Álex Abrines,23,Oklahoma City Thunder,42767
Alex Len,23,Phoenix Suns,42767
Alex Poythress,23,Philadelphia 76ers,42767
Alexis Ajinça,28,New Orleans Pelicans,42767
Al-Farouq Aminu,26,Portland Trail Blazers,42767
Allen Crabbe,24,Portland Trail Blazers,42767
Alonzo Gee,29,Denver Nuggets,42767
Amir Johnson,29,Boston Celtics,42767
Anderson Varejão,34,Golden State Warriors,42767
Andre Drummond,23,Detroit Pistons,42767
Andre Iguodala,33,Golden State Warriors,42767
Andre Roberson,25,Oklahoma City Thunder,42767
Andrew Bogut,32,Dallas Mavericks,42767
Andrew Bogut,32,Cleveland Cavaliers,42767
Andrew Harrison,22,Memphis Grizzlies,42767
Andrew Nicholson,27,Washington Wizards,42767
Andrew Nicholson,27,Brooklyn Nets,42767
Andrew Wiggins,21,Minnesota Timberwolves,42767
Anthony Bennett,23,Brooklyn Nets,42767
Anthony Brown,24,New Orleans Pelicans,42767
Anthony Brown,24,Orlando Magic,42767
Anthony Davis,23,New Orleans Pelicans,42767
Anthony Morrow,31,Oklahoma City Thunder,42767
Anthony Morrow,31,Chicago Bulls,42767
Anthony Tolliver,31,Sacramento Kings,42767
Archie Goodwin,22,Brooklyn Nets,42767
Archie Goodwin,22,New Orleans Pelicans,42767
Arinze Onuaku,29,Orlando Magic,42767
Aron Baynes,30,Detroit Pistons,42767
Arron Afflalo,31,Sacramento Kings,42767
Austin Rivers,24,Los Angeles Clippers,42767
Avery Bradley,26,Boston Celtics,42767
Axel Toupane,24,New Orleans Pelicans,42767
Axel Toupane,24,Milwaukee Bucks,42767
Ben Bentil,21,Dallas Mavericks,42767
Ben McLemore,23,Sacramento Kings,42767
Beno Udrih,34,Detroit Pistons,42767
Bismack Biyombo,24,Orlando Magic,42767
Blake Griffin,27,Los Angeles Clippers,42767
Boban Marjanović,28,Detroit Pistons,42767
Bobby Brown,32,Houston Rockets,42767
Bobby Portis,21,Chicago Bulls,42767
Bojan Bogdanović,27,Brooklyn Nets,42767
Bojan Bogdanović,27,Washington Wizards,42767
Boris Diaw,34,Utah Jazz,42767
Bradley Beal,23,Washington Wizards,42767
Brandan Wright,29,Memphis Grizzlies,42767
Brandon Bass,31,Los Angeles Clippers,42767
Brandon Ingram,19,Los Angeles Lakers,42767
Brandon Jennings,27,New York Knicks,42767
Brandon Jennings,27,Washington Wizards,42767
Brandon Knight,25,Phoenix Suns,42767
Brandon Rush,31,Minnesota Timberwolves,42767
Brian Roberts,31,Charlotte Hornets,42767
Briante Weber,24,Charlotte Hornets,42767
Briante Weber,24,Golden State Warriors,42767
Brice Johnson,22,Los Angeles Clippers,42767
Brook Lopez,28,Brooklyn Nets,42767
Bruno Caboclo,21,Toronto Raptors,42767
Bryn Forbes,23,San Antonio Spurs,42767
Buddy Hield,24,New Orleans Pelicans,42767
Buddy Hield,24,Sacramento Kings,42767
C.J. Miles,29,Indiana Pacers,42767
C.J. Watson,32,Orlando Magic,42767
C.J. Wilcox,26,Orlando Magic,42767
Cameron Payne,22,Oklahoma City Thunder,42767
Cameron Payne,22,Chicago Bulls,42767
Caris LeVert,22,Brooklyn Nets,42767
Carmelo Anthony,32,New York Knicks,42767
Chandler Parsons,28,Memphis Grizzlies,42767
Channing Frye,33,Cleveland Cavaliers,42767
Chasson Randle,23,New York Knicks,42767
Chasson Randle,23,Philadelphia 76ers,42767
Cheick Diallo,20,New Orleans Pelicans,42767
Chinanu Onuaku,20,Houston Rockets,42767
Chris Andersen,38,Cleveland Cavaliers,42767
Chris McCullough,21,Brooklyn Nets,42767
Chris McCullough,21,Washington Wizards,42767
Chris Paul,31,Los Angeles Clippers,42767
Christian Wood,21,Charlotte Hornets,42767
CJ McCollum,25,Portland Trail Blazers,42767
Clint Capela,22,Houston Rockets,42767
Cody Zeller,24,Charlotte Hornets,42767
Cole Aldrich,28,Minnesota Timberwolves,42767
Corey Brewer,30,Houston Rockets,42767
Corey Brewer,30,Los Angeles Lakers,42767
Cory Joseph,25,Toronto Raptors,42767
Courtney Lee,31,New York Knicks,42767
Cristiano Felício,24,Chicago Bulls,42767
D.J. Augustin,29,Orlando Magic,42767
Dahntay Jones,36,Cleveland Cavaliers,42767
Damian Jones,21,Golden State Warriors,42767
Damian Lillard,26,Portland Trail Blazers,42767
Damjan Rudež,30,Orlando Magic,42767
D'Angelo Russell,20,Los Angeles Lakers,42767
Daniel Ochefu,23,Washington Wizards,42767
Danilo Gallinari,28,Denver Nuggets,42767
Danny Green,29,San Antonio Spurs,42767
Dante Cunningham,29,New Orleans Pelicans,42767
Dante Exum,21,Utah Jazz,42767
Danuel House Jr.,23,Washington Wizards,42767
Dario Šarić,22,Philadelphia 76ers,42767
Darrell Arthur,28,Denver Nuggets,42767
Darren Collison,29,Sacramento Kings,42767
Darrun Hilliard,23,Detroit Pistons,42767
David Lee,33,San Antonio Spurs,42767
David Nwaba,24,Los Angeles Lakers,42767
David West,36,Golden State Warriors,42767
Dāvis Bertāns,24,San Antonio Spurs,42767
DeAndre' Bembry,22,Atlanta Hawks,42767
DeAndre Jordan,28,Los Angeles Clippers,42767
DeAndre Liggins,28,Cleveland Cavaliers,42767
DeAndre Liggins,28,Dallas Mavericks,42767
Dejounte Murray,20,San Antonio Spurs,42767
Delon Wright,24,Toronto Raptors,42767
DeMar DeRozan,27,Toronto Raptors,42767
DeMarcus Cousins,26,Sacramento Kings,42767
DeMarcus Cousins,26,New Orleans Pelicans,42767
DeMarre Carroll,30,Toronto Raptors,42767
Demetrius Jackson,22,Boston Celtics,42767
Dennis Schröder,23,Atlanta Hawks,42767
Denzel Valentine,23,Chicago Bulls,42767
Deron Williams,32,Dallas Mavericks,42767
Deron Williams,32,Cleveland Cavaliers,42767
Derrick Favors,25,Utah Jazz,42767
Derrick Jones Jr.,19,Phoenix Suns,42767
Derrick Rose,28,New York Knicks,42767
Derrick Williams,25,Miami Heat,42767
Derrick Williams,25,Cleveland Cavaliers,42767
Devin Booker,20,Phoenix Suns,42767
Devin Harris,33,Dallas Mavericks,42767
Dewayne Dedmon,27,San Antonio Spurs,42767
Deyonta Davis,20,Memphis Grizzlies,42767
Diamond Stone,19,Los Angeles Clippers,42767
Dion Waiters,25,Miami Heat,42767
Dirk Nowitzki,38,Dallas Mavericks,42767
Domantas Sabonis,20,Oklahoma City Thunder,42767
Donatas Motiejūnas,26,New Orleans Pelicans,42767
Dorian Finney-Smith,23,Dallas Mavericks,42767
Doug McDermott,25,Chicago Bulls,42767
Doug McDermott,25,Oklahoma City Thunder,42767
Dragan Bender,19,Phoenix Suns,42767
Draymond Green,26,Golden State Warriors,42767
Dwight Howard,31,Atlanta Hawks,42767
Dwight Powell,25,Dallas Mavericks,42767
Dwyane Wade,35,Chicago Bulls,42767
Ed Davis,27,Portland Trail Blazers,42767
Edy Tavares,24,Cleveland Cavaliers,42767
Edy Tavares,24,Atlanta Hawks,42767
Elfrid Payton,22,Orlando Magic,42767
Elijah Millsap,29,Phoenix Suns,42767
Emmanuel Mudiay,20,Denver Nuggets,42767
Enes Freedom,24,Oklahoma City Thunder,42767
Eric Bledsoe,27,Phoenix Suns,42767
Eric Gordon,28,Houston Rockets,42767
Ersan İlyasova,29,Philadelphia 76ers,42767
Ersan İlyasova,29,Atlanta Hawks,42767
Ersan İlyasova,29,Oklahoma City Thunder,42767
E'Twaun Moore,27,New Orleans Pelicans,42767
Evan Fournier,24,Orlando Magic,42767
Evan Turner,28,Portland Trail Blazers,42767
Frank Kaminsky,23,Charlotte Hornets,42767
Fred VanVleet,22,Toronto Raptors,42767
Garrett Temple,30,Sacramento Kings,42767
Gary Harris,22,Denver Nuggets,42767
Gary Neal,32,Atlanta Hawks,42767
Gary Payton II,24,Milwaukee Bucks,42767
George Hill,30,Utah Jazz,42767
Georges Niang,23,Indiana Pacers,42767
Georgios Papagiannis,19,Sacramento Kings,42767
Gerald Green,31,Boston Celtics,42767
Gerald Henderson Jr.,29,Philadelphia 76ers,42767
Giannis Antetokounmpo,22,Milwaukee Bucks,42767
Glenn Robinson III,23,Indiana Pacers,42767
Goran Dragić,30,Miami Heat,42767
Gordon Hayward,26,Utah Jazz,42767
Gorgui Dieng,27,Minnesota Timberwolves,42767
Greg Monroe,26,Milwaukee Bucks,42767
Greivis Vásquez,30,Brooklyn Nets,42767
Harrison Barnes,24,Dallas Mavericks,42767
Hassan Whiteside,27,Miami Heat,42767
Henry Ellenson,20,Detroit Pistons,42767
Hollis Thompson,25,Philadelphia 76ers,42767
Hollis Thompson,25,New Orleans Pelicans,42767
Ian Clark,25,Golden State Warriors,42767
Ian Mahinmi,30,Washington Wizards,42767
Iman Shumpert,26,Cleveland Cavaliers,42767
Isaiah Canaan,25,Chicago Bulls,42767
Isaiah Taylor,22,Houston Rockets,42767
Isaiah Thomas,27,Boston Celtics,42767
Isaiah Whitehead,21,Brooklyn Nets,42767
Ish Smith,28,Detroit Pistons,42767
Ivica Zubac,19,Los Angeles Lakers,42767
J.J. Barea,32,Dallas Mavericks,42767
J.J. Redick,32,Los Angeles Clippers,42767
J.R. Smith,31,Cleveland Cavaliers,42767
Jabari Parker,21,Milwaukee Bucks,42767
Jae Crowder,26,Boston Celtics,42767
Jahlil Okafor,21,Philadelphia 76ers,42767
Jake Layman,22,Portland Trail Blazers,42767
Jakob Poeltl,21,Toronto Raptors,42767
Jamal Crawford,36,Los Angeles Clippers,42767
Jamal Murray,19,Denver Nuggets,42767
Jameer Nelson,34,Denver Nuggets,42767
James Ennis III,26,Memphis Grizzlies,42767
James Harden,27,Houston Rockets,42767
James Johnson,29,Miami Heat,42767
James Jones,36,Cleveland Cavaliers,42767
James Michael McAdoo,24,Golden State Warriors,42767
James Young,21,Boston Celtics,42767
JaMychal Green,26,Memphis Grizzlies,42767
Jared Dudley,31,Phoenix Suns,42767
Jared Sullinger,24,Toronto Raptors,42767
Jarell Eddie,25,Phoenix Suns,42767
Jarell Martin,22,Memphis Grizzlies,42767
Jarnell Stokes,23,Denver Nuggets,42767
Jarrett Jack,33,New Orleans Pelicans,42767
Jarrod Uthoff,23,Dallas Mavericks,42767
Jason Smith,30,Washington Wizards,42767
Jason Terry,39,Milwaukee Bucks,42767
JaVale McGee,29,Golden State Warriors,42767
Jaylen Brown,20,Boston Celtics,42767
Jeff Green,30,Orlando Magic,42767
Jeff Teague,28,Indiana Pacers,42767
Jeff Withey,26,Utah Jazz,42767
Jerami Grant,22,Oklahoma City Thunder,42767
Jerami Grant,22,Philadelphia 76ers,42767
Jeremy Lamb,24,Charlotte Hornets,42767
Jeremy Lin,28,Brooklyn Nets,42767
Jerian Grant,24,Chicago Bulls,42767
Jerryd Bayless,28,Philadelphia 76ers,42767
Jimmy Butler,27,Chicago Bulls,42767
Joakim Noah,31,New York Knicks,42767
Jodie Meeks,29,Orlando Magic,42767
Joe Harris,25,Brooklyn Nets,42767
Joe Ingles,29,Utah Jazz,42767
Joe Johnson,35,Utah Jazz,42767
Joe Young,24,Indiana Pacers,42767
Joel Anthony,34,San Antonio Spurs,42767
Joel Bolomboy,23,Utah Jazz,42767
Joel Embiid,22,Philadelphia 76ers,42767
Joffrey Lauvergne,25,Oklahoma City Thunder,42767
Joffrey Lauvergne,25,Chicago Bulls,42767
John Henson,26,Milwaukee Bucks,42767
John Jenkins,25,Phoenix Suns,42767
John Lucas III,34,Minnesota Timberwolves,42767
John Wall,26,Washington Wizards,42767
Johnny O'Bryant,23,Denver Nuggets,42767
Johnny O'Bryant,23,Charlotte Hornets,42767
Jon Leuer,27,Detroit Pistons,42767
Jonas Jerebko,29,Boston Celtics,42767
Jonas Valančiūnas,24,Toronto Raptors,42767
Jonathan Gibson,29,Dallas Mavericks,42767
Jonathon Simmons,27,San Antonio Spurs,42767
Jordan Clarkson,24,Los Angeles Lakers,42767
Jordan Crawford,28,New Orleans Pelicans,42767
Jordan Farmar,30,Sacramento Kings,42767
Jordan Hill,29,Minnesota Timberwolves,42767
Jordan McRae,25,Cleveland Cavaliers,42767
Jordan Mickey,22,Boston Celtics,42767
José Calderón,35,Los Angeles Lakers,42767
José Calderón,35,Atlanta Hawks,42767
Josh Huestis,25,Oklahoma City Thunder,42767
Josh McRoberts,29,Miami Heat,42767
Josh Richardson,23,Miami Heat,42767
Jrue Holiday,26,New Orleans Pelicans,42767
Juancho Hernangómez,21,Denver Nuggets,42767
Julius Randle,22,Los Angeles Lakers,42767
Justin Anderson,23,Dallas Mavericks,42767
Justin Anderson,23,Philadelphia 76ers,42767
Justin Hamilton,26,Brooklyn Nets,42767
Justin Harper,27,Philadelphia 76ers,42767
Justin Holiday,27,New York Knicks,42767
Justise Winslow,20,Miami Heat,42767
Jusuf Nurkić,22,Denver Nuggets,42767
Jusuf Nurkić,22,Portland Trail Blazers,42767
K.J. McDaniels,23,Brooklyn Nets,42767
K.J. McDaniels,23,Houston Rockets,42767
Karl-Anthony Towns,21,Minnesota Timberwolves,42767
Kawhi Leonard,25,San Antonio Spurs,42767
Kay Felder,21,Cleveland Cavaliers,42767
Kelly Olynyk,25,Boston Celtics,42767
Kelly Oubre Jr.,21,Washington Wizards,42767
Kemba Walker,26,Charlotte Hornets,42767
Kenneth Faried,27,Denver Nuggets,42767
Kent Bazemore,27,Atlanta Hawks,42767
Kentavious Caldwell-Pope,23,Detroit Pistons,42767
Kevin Durant,28,Golden State Warriors,42767
Kevin Love,28,Cleveland Cavaliers,42767
Kevin Séraphin,27,Indiana Pacers,42767
Kevon Looney,20,Golden State Warriors,42767
Khris Middleton,25,Milwaukee Bucks,42767
Klay Thompson,26,Golden State Warriors,42767
Kosta Koufos,27,Sacramento Kings,42767
Kris Dunn,22,Minnesota Timberwolves,42767
Kris Humphries,31,Atlanta Hawks,42767
Kristaps Porziņģis,21,New York Knicks,42767
Kyle Anderson,23,San Antonio Spurs,42767
Kyle Korver,35,Cleveland Cavaliers,42767
Kyle Korver,35,Atlanta Hawks,42767
Kyle Lowry,30,Toronto Raptors,42767
Kyle O'Quinn,26,New York Knicks,42767
Kyle Singler,28,Oklahoma City Thunder,42767
Kyle Wiltjer,24,Houston Rockets,42767
Kyrie Irving,24,Cleveland Cavaliers,42767
Lamar Patterson,25,Atlanta Hawks,42767
LaMarcus Aldridge,31,San Antonio Spurs,42767
Lance Stephenson,26,New Orleans Pelicans,42767
Lance Stephenson,26,Indiana Pacers,42767
Lance Stephenson,26,Minnesota Timberwolves,42767
Lance Thomas,28,New York Knicks,42767
Langston Galloway,25,New Orleans Pelicans,42767
Langston Galloway,25,Sacramento Kings,42767
Larry Nance Jr.,24,Los Angeles Lakers,42767
Larry Sanders,28,Cleveland Cavaliers,42767
Lavoy Allen,27,Indiana Pacers,42767
Leandro Barbosa,34,Phoenix Suns,42767
LeBron James,32,Cleveland Cavaliers,42767
Lou Williams,30,Los Angeles Lakers,42767
Lou Williams,30,Houston Rockets,42767
Luc Mbah a Moute,30,Los Angeles Clippers,42767
Lucas Nogueira,24,Toronto Raptors,42767
Luis Scola,36,Brooklyn Nets,42767
Luke Babbitt,27,Miami Heat,42767
Luol Deng,31,Los Angeles Lakers,42767
Malachi Richardson,21,Sacramento Kings,42767
Malcolm Brogdon,24,Milwaukee Bucks,42767
Malcolm Delaney,27,Atlanta Hawks,42767
Malik Beasley,20,Denver Nuggets,42767
Manny Harris,27,Dallas Mavericks,42767
Manu Ginóbili,39,San Antonio Spurs,42767
Marc Gasol,32,Memphis Grizzlies,42767
Marcelo Huertas,33,Los Angeles Lakers,42767
Marcin Gortat,32,Washington Wizards,42767
Marco Belinelli,30,Charlotte Hornets,42767
Marcus Georges-Hunt,22,Orlando Magic,42767
Marcus Morris,27,Detroit Pistons,42767
Marcus Smart,22,Boston Celtics,42767
Marcus Thornton,29,Washington Wizards,42767
Mario Hezonja,21,Orlando Magic,42767
Markieff Morris,27,Washington Wizards,42767
Marquese Chriss,19,Phoenix Suns,42767
Marreese Speights,29,Los Angeles Clippers,42767
Marshall Plumlee,24,New York Knicks,42767
Marvin Williams,30,Charlotte Hornets,42767
Mason Plumlee,26,Portland Trail Blazers,42767
Mason Plumlee,26,Denver Nuggets,42767
Matt Barnes,36,Sacramento Kings,42767
Matt Barnes,36,Golden State Warriors,42767
Matthew Dellavedova,26,Milwaukee Bucks,42767
Maurice Harkless,23,Portland Trail Blazers,42767
Maurice Ndour,24,New York Knicks,42767
Metta World Peace,37,Los Angeles Lakers,42767
Meyers Leonard,24,Portland Trail Blazers,42767
Michael Beasley,28,Milwaukee Bucks,42767
Michael Carter-Williams,25,Chicago Bulls,42767
Michael Gbinije,24,Detroit Pistons,42767
Michael Kidd-Gilchrist,23,Charlotte Hornets,42767
Mike Conley,29,Memphis Grizzlies,42767
Mike Dunleavy Jr.,36,Atlanta Hawks,42767
Mike Dunleavy Jr.,36,Cleveland Cavaliers,42767
Mike Miller,36,Denver Nuggets,42767
Mike Muscala,25,Atlanta Hawks,42767
Mike Scott,28,Atlanta Hawks,42767
Mike Tobey,22,Charlotte Hornets,42767
Miles Plumlee,28,Milwaukee Bucks,42767
Miles Plumlee,28,Charlotte Hornets,42767
Mindaugas Kuzminskas,27,New York Knicks,42767
Mirza Teletović,31,Milwaukee Bucks,42767
Monta Ellis,31,Indiana Pacers,42767
Montrezl Harrell,23,Houston Rockets,42767
Myles Turner,20,Indiana Pacers,42767
Nemanja Bjelica,28,Minnesota Timberwolves,42767
Nenê,34,Houston Rockets,42767
Nerlens Noel,22,Philadelphia 76ers,42767
Nerlens Noel,22,Dallas Mavericks,42767
Nick Collison,36,Oklahoma City Thunder,42767
Nick Young,31,Los Angeles Lakers,42767
Nicolas Batum,28,Charlotte Hornets,42767
Nicolás Brussino,23,Dallas Mavericks,42767
Nicolás Laprovíttola,27,San Antonio Spurs,42767
Nik Stauskas,23,Philadelphia 76ers,42767
Nikola Jokić,21,Denver Nuggets,42767
Nikola Mirotić,25,Chicago Bulls,42767
Nikola Vučević,26,Orlando Magic,42767
Noah Vonleh,21,Portland Trail Blazers,42767
Norman Powell,23,Toronto Raptors,42767
Norris Cole,28,Oklahoma City Thunder,42767
Okaro White,24,Miami Heat,42767
Ömer Aşık,30,New Orleans Pelicans,42767
Omri Casspi,28,Sacramento Kings,42767
Omri Casspi,28,Minnesota Timberwolves,42767
Omri Casspi,28,New Orleans Pelicans,42767
Otto Porter Jr.,23,Washington Wizards,42767
P.J. Tucker,31,Phoenix Suns,42767
P.J. Tucker,31,Toronto Raptors,42767
Pascal Siakam,22,Toronto Raptors,42767
Pat Connaughton,24,Portland Trail Blazers,42767
Patricio Garino,23,Orlando Magic,42767
Patrick Beverley,28,Houston Rockets,42767
Patrick McCaw,21,Golden State Warriors,42767
Patrick Patterson,27,Toronto Raptors,42767
Patty Mills,28,San Antonio Spurs,42767
Pau Gasol,36,San Antonio Spurs,42767
Paul George,26,Indiana Pacers,42767
Paul Millsap,31,Atlanta Hawks,42767
Paul Pierce,39,Los Angeles Clippers,42767
Paul Zipser,22,Chicago Bulls,42767
Pierre Jackson,25,Dallas Mavericks,42767
Quincy Acy,26,Brooklyn Nets,42767
Quincy Acy,26,Dallas Mavericks,42767
Quinn Cook,23,New Orleans Pelicans,42767
Quinn Cook,23,Dallas Mavericks,42767
R.J. Hunter,23,Chicago Bulls,42767
Rajon Rondo,30,Chicago Bulls,42767
Rakeem Christmas,25,Indiana Pacers,42767
Ramon Sessions,30,Charlotte Hornets,42767
Randy Foye,33,Brooklyn Nets,42767
Rashad Vaughn,20,Milwaukee Bucks,42767
Raul Neto,24,Utah Jazz,42767
Raymond Felton,32,Los Angeles Clippers,42767
Reggie Bullock,25,Detroit Pistons,42767
Reggie Jackson,26,Detroit Pistons,42767
Reggie Williams (10),30,New Orleans Pelicans,42767
Richard Jefferson,36,Cleveland Cavaliers,42767
Richaun Holmes,23,Philadelphia 76ers,42767
Ricky Rubio,26,Minnesota Timberwolves,42767
Robert Covington,26,Philadelphia 76ers,42767
Robin Lopez,28,Chicago Bulls,42767
Rodney Hood,24,Utah Jazz,42767
Rodney McGruder,25,Miami Heat,42767
Rodney Stuckey,30,Indiana Pacers,42767
Ron Baker,23,New York Knicks,42767
Rondae Hollis-Jefferson,22,Brooklyn Nets,42767
Ronnie Price,33,Phoenix Suns,42767
Roy Hibbert,30,Charlotte Hornets,42767
Roy Hibbert,30,Denver Nuggets,42767
Rudy Gay,30,Sacramento Kings,42767
Rudy Gobert,24,Utah Jazz,42767
Russell Westbrook,28,Oklahoma City Thunder,42767
Ryan Anderson,28,Houston Rockets,42767
Ryan Kelly,25,Atlanta Hawks,42767
Salah Mejri,30,Dallas Mavericks,42767
Sam Dekker,22,Houston Rockets,42767
Sasha Vujačić,32,New York Knicks,42767
Sean Kilpatrick,27,Brooklyn Nets,42767
Semaj Christon,24,Oklahoma City Thunder,42767
Serge Ibaka,27,Orlando Magic,42767
Serge Ibaka,27,Toronto Raptors,42767
Sergio Rodríguez,30,Philadelphia 76ers,42767
Seth Curry,26,Dallas Mavericks,42767
Shabazz Muhammad,24,Minnesota Timberwolves,42767
Shabazz Napier,25,Portland Trail Blazers,42767
Shaun Livingston,31,Golden State Warriors,42767
Shawn Long,24,Philadelphia 76ers,42767
Sheldon Mac,24,Washington Wizards,42767
Shelvin Mack,26,Utah Jazz,42767
Skal Labissière,20,Sacramento Kings,42767
Solomon Hill,25,New Orleans Pelicans,42767
Spencer Dinwiddie,23,Brooklyn Nets,42767
Spencer Hawes,28,Charlotte Hornets,42767
Spencer Hawes,28,Milwaukee Bucks,42767
Stanley Johnson,20,Detroit Pistons,42767
Stephen Curry,28,Golden State Warriors,42767
Stephen Zimmerman,20,Orlando Magic,42767
Steve Novak,33,Milwaukee Bucks,42767
Steven Adams,23,Oklahoma City Thunder,42767
T.J. McConnell,24,Philadelphia 76ers,42767
T.J. Warren,23,Phoenix Suns,42767
Taj Gibson,31,Chicago Bulls,42767
Taj Gibson,31,Oklahoma City Thunder,42767
Tarik Black,25,Los Angeles Lakers,42767
Taurean Prince,22,Atlanta Hawks,42767
Terrence Jones,25,New Orleans Pelicans,42767
Terrence Jones,25,Milwaukee Bucks,42767
Terrence Ross,25,Toronto Raptors,42767
Terrence Ross,25,Orlando Magic,42767
Terry Rozier,22,Boston Celtics,42767
Thabo Sefolosha,32,Atlanta Hawks,42767
Thaddeus Young,28,Indiana Pacers,42767
Thomas Robinson,25,Los Angeles Lakers,42767
Thon Maker,19,Milwaukee Bucks,42767
Tiago Splitter,32,Philadelphia 76ers,42767
Tim Frazier,26,New Orleans Pelicans,42767
Tim Hardaway Jr.,24,Atlanta Hawks,42767
Tim Quarterman,22,Portland Trail Blazers,42767
Timofey Mozgov,30,Los Angeles Lakers,42767
Timothé Luwawu-Cabarrot,21,Philadelphia 76ers,42767
Tobias Harris,24,Detroit Pistons,42767
Tomáš Satoranský,25,Washington Wizards,42767
Toney Douglas,30,Memphis Grizzlies,42767
Tony Allen,35,Memphis Grizzlies,42767
Tony Parker,34,San Antonio Spurs,42767
Tony Snell,25,Milwaukee Bucks,42767
Treveon Graham,23,Charlotte Hornets,42767
Trevor Ariza,31,Houston Rockets,42767
Trevor Booker,29,Brooklyn Nets,42767
Trey Burke,24,Washington Wizards,42767
Trey Lyles,21,Utah Jazz,42767
Tristan Thompson,25,Cleveland Cavaliers,42767
Troy Daniels,25,Memphis Grizzlies,42767
Troy Williams,22,Memphis Grizzlies,42767
Troy Williams,22,Houston Rockets,42767
Ty Lawson,29,Sacramento Kings,42767
Tyler Ennis,22,Los Angeles Lakers,42767
Tyler Ennis,22,Houston Rockets,42767
Tyler Johnson,24,Miami Heat,42767
Tyler Ulis,21,Phoenix Suns,42767
Tyler Zeller,27,Boston Celtics,42767
Tyreke Evans,27,New Orleans Pelicans,42767
Tyreke Evans,27,Sacramento Kings,42767
Tyson Chandler,34,Phoenix Suns,42767
Tyus Jones,20,Minnesota Timberwolves,42767
Udonis Haslem,36,Miami Heat,42767
Victor Oladipo,24,Oklahoma City Thunder,42767
Vince Carter,40,Memphis Grizzlies,42767
Wade Baldwin,20,Memphis Grizzlies,42767
Wayne Ellington,29,Miami Heat,42767
Wayne Selden,22,Memphis Grizzlies,42767
Wayne Selden,22,New Orleans Pelicans,42767
Wesley Johnson,29,Los Angeles Clippers,42767
Wesley Matthews,30,Dallas Mavericks,42767
Will Barton,26,Denver Nuggets,42767
Willie Cauley-Stein,23,Sacramento Kings,42767
Willie Reed,26,Miami Heat,42767
Willy Hernangómez,22,New York Knicks,42767
Wilson Chandler,29,Denver Nuggets,42767
Yogi Ferrell,23,Dallas Mavericks,42767
Yogi Ferrell,23,Brooklyn Nets,42767
Zach LaVine,21,Minnesota Timberwolves,42767
Zach Randolph,35,Memphis Grizzlies,42767
Zaza Pachulia,32,Golden State Warriors,42767
Aaron Brooks,33,Minnesota Timberwolves,43132
Aaron Gordon,22,Orlando Magic,43132
Aaron Harrison,23,Dallas Mavericks,43132
Aaron Jackson,31,Houston Rockets,43132
Abdel Nader,24,Boston Celtics,43132
Adreian Payne,26,Orlando Magic,43132
Al Horford,31,Boston Celtics,43132
Al Jefferson,33,Indiana Pacers,43132
Alan Williams,25,Phoenix Suns,43132
Alec Burks,26,Utah Jazz,43132
Alec Peters,22,Phoenix Suns,43132
Álex Abrines,24,Oklahoma City Thunder,43132
Alex Caruso,23,Los Angeles Lakers,43132
Alex Len,24,Phoenix Suns,43132
Alex Poythress,24,Indiana Pacers,43132
Al-Farouq Aminu,27,Portland Trail Blazers,43132
Alfonzo McKinnie,25,Toronto Raptors,43132
Allen Crabbe,25,Brooklyn Nets,43132
Amir Johnson,30,Philadelphia 76ers,43132
Andre Drummond,24,Detroit Pistons,43132
Andre Iguodala,34,Golden State Warriors,43132
Andre Ingram,32,Los Angeles Lakers,43132
Andre Roberson,26,Oklahoma City Thunder,43132
Andrew Bogut,33,Los Angeles Lakers,43132
Andrew Harrison,23,Memphis Grizzlies,43132
Andrew White,24,Atlanta Hawks,43132
Andrew Wiggins,22,Minnesota Timberwolves,43132
Ante Žižić,21,Cleveland Cavaliers,43132
Anthony Brown,25,Minnesota Timberwolves,43132
Anthony Davis,24,New Orleans Pelicans,43132
Anthony Tolliver,32,Detroit Pistons,43132
Antonio Blakeney,21,Chicago Bulls,43132
Antonius Cleveland,23,Dallas Mavericks,43132
Antonius Cleveland,23,Atlanta Hawks,43132
Aron Baynes,31,Boston Celtics,43132
Arron Afflalo,32,Orlando Magic,43132
Austin Rivers,25,Los Angeles Clippers,43132
Avery Bradley,27,Detroit Pistons,43132
Avery Bradley,27,Los Angeles Clippers,43132
Bam Adebayo,20,Miami Heat,43132
Ben McLemore,24,Memphis Grizzlies,43132
Ben Moore,22,Indiana Pacers,43132
Ben Simmons,21,Philadelphia 76ers,43132
Bismack Biyombo,25,Orlando Magic,43132
Blake Griffin,28,Los Angeles Clippers,43132
Blake Griffin,28,Detroit Pistons,43132
Boban Marjanović,29,Los Angeles Clippers,43132
Boban Marjanović,29,Detroit Pistons,43132
Bobby Brown,33,Houston Rockets,43132
Bobby Portis,22,Chicago Bulls,43132
Bogdan Bogdanović,25,Sacramento Kings,43132
Bojan Bogdanović,28,Indiana Pacers,43132
Bradley Beal,24,Washington Wizards,43132
Brandan Wright,30,Memphis Grizzlies,43132
Brandan Wright,30,Houston Rockets,43132
Brandon Ingram,20,Los Angeles Lakers,43132
Brandon Jennings,28,Milwaukee Bucks,43132
Brandon Paul,26,San Antonio Spurs,43132
Briante Weber,25,Houston Rockets,43132
Briante Weber,25,Memphis Grizzlies,43132
Brice Johnson,23,Memphis Grizzlies,43132
Brice Johnson,23,Los Angeles Clippers,43132
Brook Lopez,29,Los Angeles Lakers,43132
Bruno Caboclo,22,Sacramento Kings,43132
Bruno Caboclo,22,Toronto Raptors,43132
Bryn Forbes,24,San Antonio Spurs,43132
Buddy Hield,25,Sacramento Kings,43132
C.J. Miles,30,Toronto Raptors,43132
C.J. Williams,27,Los Angeles Clippers,43132
Caleb Swanigan,20,Portland Trail Blazers,43132
Cameron Payne,23,Chicago Bulls,43132
Caris LeVert,23,Brooklyn Nets,43132
Carmelo Anthony,33,Oklahoma City Thunder,43132
Cedi Osman,22,Cleveland Cavaliers,43132
Chandler Parsons,29,Memphis Grizzlies,43132
Channing Frye,34,Cleveland Cavaliers,43132
Channing Frye,34,Los Angeles Lakers,43132
Charles Cooke,23,New Orleans Pelicans,43132
Cheick Diallo,21,New Orleans Pelicans,43132
Chinanu Onuaku,21,Houston Rockets,43132
Chris Boucher,25,Golden State Warriors,43132
Chris McCullough,22,Washington Wizards,43132
Chris Paul,32,Houston Rockets,43132
CJ McCollum,26,Portland Trail Blazers,43132
Clint Capela,23,Houston Rockets,43132
Cody Zeller,25,Charlotte Hornets,43132
Cole Aldrich,29,Minnesota Timberwolves,43132
Corey Brewer,31,Los Angeles Lakers,43132
Corey Brewer,31,Oklahoma City Thunder,43132
Cory Joseph,26,Indiana Pacers,43132
Courtney Lee,32,New York Knicks,43132
Cristiano Felício,25,Chicago Bulls,43132
D.J. Augustin,30,Orlando Magic,43132
D.J. Wilson,21,Milwaukee Bucks,43132
Dakari Johnson,22,Oklahoma City Thunder,43132
Damian Jones,22,Golden State Warriors,43132
Damian Lillard,27,Portland Trail Blazers,43132
Damien Wilkins,38,Indiana Pacers,43132
Damion Lee,25,Atlanta Hawks,43132
Damyean Dotson,23,New York Knicks,43132
D'Angelo Russell,21,Brooklyn Nets,43132
Daniel Hamilton,22,Oklahoma City Thunder,43132
Daniel Theis,25,Boston Celtics,43132
Danilo Gallinari,29,Los Angeles Clippers,43132
Danny Green,30,San Antonio Spurs,43132
Dante Cunningham,30,New Orleans Pelicans,43132
Dante Cunningham,30,Brooklyn Nets,43132
Dante Exum,22,Utah Jazz,43132
Danuel House Jr.,24,Phoenix Suns,43132
Dario Šarić,23,Philadelphia 76ers,43132
Darius Miller,27,New Orleans Pelicans,43132
Darrell Arthur,29,Denver Nuggets,43132
Darren Collison,30,Indiana Pacers,43132
Darrun Hilliard,24,San Antonio Spurs,43132
David Nwaba,25,Chicago Bulls,43132
David Stockton,26,Utah Jazz,43132
David West,37,Golden State Warriors,43132
Dāvis Bertāns,25,San Antonio Spurs,43132
Davon Reed,22,Phoenix Suns,43132
De'Aaron Fox,20,Sacramento Kings,43132
DeAndre' Bembry,23,Atlanta Hawks,43132
DeAndre Jordan,29,Los Angeles Clippers,43132
DeAndre Liggins,29,Milwaukee Bucks,43132
DeAndre Liggins,29,New Orleans Pelicans,43132
Dejounte Murray,21,San Antonio Spurs,43132
Delon Wright,25,Toronto Raptors,43132
DeMar DeRozan,28,Toronto Raptors,43132
DeMarcus Cousins,27,New Orleans Pelicans,43132
DeMarre Carroll,31,Brooklyn Nets,43132
Demetrius Jackson,23,Houston Rockets,43132
Demetrius Jackson,23,Philadelphia 76ers,43132
Dennis Schröder,24,Atlanta Hawks,43132
Dennis Smith Jr.,20,Dallas Mavericks,43132
Denzel Valentine,24,Chicago Bulls,43132
Derrick Favors,26,Utah Jazz,43132
Derrick Jones Jr.,20,Miami Heat,43132
Derrick Jones Jr.,20,Phoenix Suns,43132
Derrick Rose,29,Cleveland Cavaliers,43132
Derrick Rose,29,Minnesota Timberwolves,43132
Derrick Walton,22,Miami Heat,43132
Derrick White,23,San Antonio Spurs,43132
Derrick Williams,26,Los Angeles Lakers,43132
Devin Booker,21,Phoenix Suns,43132
Devin Harris,34,Dallas Mavericks,43132
Devin Harris,34,Denver Nuggets,43132
Devin Robinson,22,Washington Wizards,43132
Dewayne Dedmon,28,Atlanta Hawks,43132
Deyonta Davis,21,Memphis Grizzlies,43132
Dillon Brooks,22,Memphis Grizzlies,43132
Dion Waiters,26,Miami Heat,43132
Dirk Nowitzki,39,Dallas Mavericks,43132
Domantas Sabonis,21,Indiana Pacers,43132
Donovan Mitchell,21,Utah Jazz,43132
Dorian Finney-Smith,24,Dallas Mavericks,43132
Doug McDermott,26,New York Knicks,43132
Doug McDermott,26,Dallas Mavericks,43132
Dragan Bender,20,Phoenix Suns,43132
Draymond Green,27,Golden State Warriors,43132
Dwayne Bacon,22,Charlotte Hornets,43132
Dwight Buycks,28,Detroit Pistons,43132
Dwight Howard,32,Charlotte Hornets,43132
Dwight Powell,26,Dallas Mavericks,43132
Dwyane Wade,36,Cleveland Cavaliers,43132
Dwyane Wade,36,Miami Heat,43132
Ed Davis,28,Portland Trail Blazers,43132
Edmond Sumner,22,Indiana Pacers,43132
Ekpe Udoh,30,Utah Jazz,43132
Elfrid Payton,23,Orlando Magic,43132
Elfrid Payton,23,Phoenix Suns,43132
Emeka Okafor,35,New Orleans Pelicans,43132
Emmanuel Mudiay,21,Denver Nuggets,43132
Emmanuel Mudiay,21,New York Knicks,43132
Enes Freedom,25,New York Knicks,43132
Eric Bledsoe,28,Milwaukee Bucks,43132
Eric Bledsoe,28,Phoenix Suns,43132
Eric Gordon,29,Houston Rockets,43132
Eric Moreland,26,Detroit Pistons,43132
Erik McCree,24,Utah Jazz,43132
Ersan İlyasova,30,Atlanta Hawks,43132
Ersan İlyasova,30,Philadelphia 76ers,43132
E'Twaun Moore,28,New Orleans Pelicans,43132
Evan Fournier,25,Orlando Magic,43132
Evan Turner,29,Portland Trail Blazers,43132
Frank Kaminsky,24,Charlotte Hornets,43132
Frank Mason III,23,Sacramento Kings,43132
Frank Ntilikina,19,New York Knicks,43132
Fred VanVleet,23,Toronto Raptors,43132
Furkan Korkmaz,20,Philadelphia 76ers,43132
Garrett Temple,31,Sacramento Kings,43132
Gary Harris,23,Denver Nuggets,43132
Gary Payton II,25,Los Angeles Lakers,43132
Gary Payton II,25,Milwaukee Bucks,43132
George Hill,31,Sacramento Kings,43132
George Hill,31,Cleveland Cavaliers,43132
Georges Niang,24,Utah Jazz,43132
Georgios Papagiannis,20,Sacramento Kings,43132
Georgios Papagiannis,20,Portland Trail Blazers,43132
Gerald Green,32,Houston Rockets,43132
Gian Clavell,24,Dallas Mavericks,43132
Giannis Antetokounmpo,23,Milwaukee Bucks,43132
Glenn Robinson III,24,Indiana Pacers,43132
Goran Dragić,31,Miami Heat,43132
Gordon Hayward,27,Boston Celtics,43132
Gorgui Dieng,28,Minnesota Timberwolves,43132
Greg Monroe,27,Boston Celtics,43132
Greg Monroe,27,Phoenix Suns,43132
Greg Monroe,27,Milwaukee Bucks,43132
Guerschon Yabusele,22,Boston Celtics,43132
Harrison Barnes,25,Dallas Mavericks,43132
Hassan Whiteside,28,Miami Heat,43132
Henry Ellenson,21,Detroit Pistons,43132
Ian Clark,26,New Orleans Pelicans,43132
Ian Mahinmi,31,Washington Wizards,43132
Ike Anigbogu,19,Indiana Pacers,43132
Iman Shumpert,27,Cleveland Cavaliers,43132
Isaiah Canaan,26,Phoenix Suns,43132
Isaiah Canaan,26,Houston Rockets,43132
Isaiah Hicks,23,New York Knicks,43132
Isaiah Taylor,23,Atlanta Hawks,43132
Isaiah Thomas,28,Los Angeles Lakers,43132
Isaiah Thomas,28,Cleveland Cavaliers,43132
Isaiah Whitehead,22,Brooklyn Nets,43132
Ish Smith,29,Detroit Pistons,43132
Ivan Rabb,20,Memphis Grizzlies,43132
Ivica Zubac,20,Los Angeles Lakers,43132
J.J. Barea,33,Dallas Mavericks,43132
J.J. Redick,33,Philadelphia 76ers,43132
J.R. Smith,32,Cleveland Cavaliers,43132
Jabari Bird,23,Boston Celtics,43132
Jabari Parker,22,Milwaukee Bucks,43132
Jack Cooley,26,Sacramento Kings,43132
Jacob Pullen,28,Philadelphia 76ers,43132
Jacob Wiley,23,Brooklyn Nets,43132
Jae Crowder,27,Cleveland Cavaliers,43132
Jae Crowder,27,Utah Jazz,43132
Jahlil Okafor,22,Brooklyn Nets,43132
Jahlil Okafor,22,Philadelphia 76ers,43132
JaKarr Sampson,24,Sacramento Kings,43132
Jake Layman,23,Portland Trail Blazers,43132
Jakob Poeltl,22,Toronto Raptors,43132
Jalen Jones,24,Dallas Mavericks,43132
Jalen Jones,24,New Orleans Pelicans,43132
Jamal Crawford,37,Minnesota Timberwolves,43132
Jamal Murray,20,Denver Nuggets,43132
Jameel Warney,24,Dallas Mavericks,43132
Jameer Nelson,35,New Orleans Pelicans,43132
Jameer Nelson,35,Detroit Pistons,43132
Jamel Artis,25,Orlando Magic,43132
James Ennis III,27,Memphis Grizzlies,43132
James Ennis III,27,Detroit Pistons,43132
James Harden,28,Houston Rockets,43132
James Johnson,30,Miami Heat,43132
James Michael McAdoo,25,Philadelphia 76ers,43132
James Webb III,24,Brooklyn Nets,43132
James Young,22,Philadelphia 76ers,43132
Jamil Wilson,27,Los Angeles Clippers,43132
JaMychal Green,27,Memphis Grizzlies,43132
Jared Dudley,32,Phoenix Suns,43132
Jarell Eddie,26,Boston Celtics,43132
Jarell Eddie,26,Chicago Bulls,43132
Jarell Martin,23,Memphis Grizzlies,43132
Jarrett Allen,19,Brooklyn Nets,43132
Jarrett Jack,34,New York Knicks,43132
Jason Smith,31,Washington Wizards,43132
Jason Terry,40,Milwaukee Bucks,43132
JaVale McGee,30,Golden State Warriors,43132
Jawun Evans,21,Los Angeles Clippers,43132
Jaylen Brown,21,Boston Celtics,43132
Jaylen Morris,22,Atlanta Hawks,43132
Jayson Tatum,19,Boston Celtics,43132
Jeff Green,31,Cleveland Cavaliers,43132
Jeff Teague,29,Minnesota Timberwolves,43132
Jeff Withey,27,Dallas Mavericks,43132
Jerami Grant,23,Oklahoma City Thunder,43132
Jeremy Evans,30,Atlanta Hawks,43132
Jeremy Lamb,25,Charlotte Hornets,43132
Jeremy Lin,29,Brooklyn Nets,43132
Jerian Grant,25,Chicago Bulls,43132
Jerryd Bayless,29,Philadelphia 76ers,43132
Jimmy Butler,28,Minnesota Timberwolves,43132
Joakim Noah,32,New York Knicks,43132
Jodie Meeks,30,Washington Wizards,43132
Joe Harris,26,Brooklyn Nets,43132
Joe Ingles,30,Utah Jazz,43132
Joe Johnson,36,Utah Jazz,43132
Joe Johnson,36,Houston Rockets,43132
Joe Young,25,Indiana Pacers,43132
Joel Bolomboy,24,Milwaukee Bucks,43132
Joel Embiid,23,Philadelphia 76ers,43132
Joffrey Lauvergne,26,San Antonio Spurs,43132
John Collins,20,Atlanta Hawks,43132
John Henson,27,Milwaukee Bucks,43132
John Holland,29,Cleveland Cavaliers,43132
John Wall,27,Washington Wizards,43132
Johnathan Motley,22,Dallas Mavericks,43132
Johnny O'Bryant,24,Charlotte Hornets,43132
Jon Leuer,28,Detroit Pistons,43132
Jonas Jerebko,30,Utah Jazz,43132
Jonas Valančiūnas,25,Toronto Raptors,43132
Jonathan Gibson,30,Boston Celtics,43132
Jonathan Isaac,20,Orlando Magic,43132
Jonathon Simmons,28,Orlando Magic,43132
Jordan Bell,23,Golden State Warriors,43132
Jordan Clarkson,25,Los Angeles Lakers,43132
Jordan Clarkson,25,Cleveland Cavaliers,43132
Jordan Crawford,29,New Orleans Pelicans,43132
Jordan Mickey,23,Miami Heat,43132
José Calderón,36,Cleveland Cavaliers,43132
Josh Gray,24,Phoenix Suns,43132
Josh Hart,22,Los Angeles Lakers,43132
Josh Huestis,26,Oklahoma City Thunder,43132
Josh Jackson,20,Phoenix Suns,43132
Josh Magette,28,Atlanta Hawks,43132
Josh McRoberts,30,Dallas Mavericks,43132
Josh Richardson,24,Miami Heat,43132
Josh Smith,32,New Orleans Pelicans,43132
Jrue Holiday,27,New Orleans Pelicans,43132
Juancho Hernangómez,22,Denver Nuggets,43132
Julius Randle,23,Los Angeles Lakers,43132
Julyan Stone,29,Charlotte Hornets,43132
Justin Anderson,24,Philadelphia 76ers,43132
Justin Holiday,28,Chicago Bulls,43132
Justin Jackson,22,Sacramento Kings,43132
Justin Patton,20,Minnesota Timberwolves,43132
Justise Winslow,21,Miami Heat,43132
Jusuf Nurkić,23,Portland Trail Blazers,43132
Kadeem Allen,25,Boston Celtics,43132
Karl-Anthony Towns,22,Minnesota Timberwolves,43132
Kawhi Leonard,26,San Antonio Spurs,43132
Kay Felder,22,Chicago Bulls,43132
Kay Felder,22,Detroit Pistons,43132
Kelly Olynyk,26,Miami Heat,43132
Kelly Oubre Jr.,22,Washington Wizards,43132
Kemba Walker,27,Charlotte Hornets,43132
Kendrick Perkins,33,Cleveland Cavaliers,43132
Kenneth Faried,28,Denver Nuggets,43132
Kent Bazemore,28,Atlanta Hawks,43132
Kentavious Caldwell-Pope,24,Los Angeles Lakers,43132
Kevin Durant,29,Golden State Warriors,43132
Kevin Love,29,Cleveland Cavaliers,43132
Kevon Looney,21,Golden State Warriors,43132
Khem Birch,25,Orlando Magic,43132
Khris Middleton,26,Milwaukee Bucks,43132
Klay Thompson,27,Golden State Warriors,43132
Kobi Simmons,20,Memphis Grizzlies,43132
Kosta Koufos,28,Sacramento Kings,43132
Kris Dunn,23,Chicago Bulls,43132
Kristaps Porziņģis,22,New York Knicks,43132
Kyle Anderson,24,San Antonio Spurs,43132
Kyle Collinsworth,26,Dallas Mavericks,43132
Kyle Korver,36,Cleveland Cavaliers,43132
Kyle Kuzma,22,Los Angeles Lakers,43132
Kyle Lowry,31,Toronto Raptors,43132
Kyle O'Quinn,27,New York Knicks,43132
Kyle Singler,29,Oklahoma City Thunder,43132
Kyrie Irving,25,Boston Celtics,43132
LaMarcus Aldridge,32,San Antonio Spurs,43132
Lance Stephenson,27,Indiana Pacers,43132
Lance Thomas,29,New York Knicks,43132
Langston Galloway,26,Detroit Pistons,43132
Larry Drew II,27,New Orleans Pelicans,43132
Larry Drew II,27,Philadelphia 76ers,43132
Larry Nance Jr.,25,Los Angeles Lakers,43132
Larry Nance Jr.,25,Cleveland Cavaliers,43132
Lauri Markkanen,20,Chicago Bulls,43132
LeBron James,33,Cleveland Cavaliers,43132
London Perrantes,23,Cleveland Cavaliers,43132
Lonzo Ball,20,Los Angeles Lakers,43132
Lorenzo Brown,27,Toronto Raptors,43132
Lou Williams,31,Los Angeles Clippers,43132
Luc Mbah a Moute,31,Houston Rockets,43132
Lucas Nogueira,25,Toronto Raptors,43132
Luis Montero,24,Detroit Pistons,43132
Luke Babbitt,28,Atlanta Hawks,43132
Luke Babbitt,28,Miami Heat,43132
Luke Kennard,21,Detroit Pistons,43132
Luke Kornet,22,New York Knicks,43132
Luol Deng,32,Los Angeles Lakers,43132
Malachi Richardson,22,Sacramento Kings,43132
Malachi Richardson,22,Toronto Raptors,43132
Malcolm Brogdon,25,Milwaukee Bucks,43132
Malcolm Delaney,28,Atlanta Hawks,43132
Malcolm Miller,24,Toronto Raptors,43132
Malik Beasley,21,Denver Nuggets,43132
Malik Monk,19,Charlotte Hornets,43132
Mangok Mathiang,25,Charlotte Hornets,43132
Manu Ginóbili,40,San Antonio Spurs,43132
Marc Gasol,33,Memphis Grizzlies,43132
Marcin Gortat,33,Washington Wizards,43132
Marco Belinelli,31,Atlanta Hawks,43132
Marco Belinelli,31,Philadelphia 76ers,43132
Marcus Georges-Hunt,23,Minnesota Timberwolves,43132
Marcus Morris,28,Boston Celtics,43132
Marcus Paige,24,Charlotte Hornets,43132
Marcus Smart,23,Boston Celtics,43132
Mario Chalmers,31,Memphis Grizzlies,43132
Mario Hezonja,22,Orlando Magic,43132
Markel Brown,26,Houston Rockets,43132
Markelle Fultz,19,Philadelphia 76ers,43132
Markieff Morris,28,Washington Wizards,43132
Marquese Chriss,20,Phoenix Suns,43132
Marquis Teague,24,Memphis Grizzlies,43132
Marreese Speights,30,Orlando Magic,43132
Marshall Plumlee,25,Milwaukee Bucks,43132
MarShon Brooks,29,Memphis Grizzlies,43132
Marvin Williams,31,Charlotte Hornets,43132
Mason Plumlee,27,Denver Nuggets,43132
Matt Costello,24,San Antonio Spurs,43132
Matt Williams,24,Miami Heat,43132
Matthew Dellavedova,27,Milwaukee Bucks,43132
Maurice Harkless,24,Portland Trail Blazers,43132
Maxi Kleber,26,Dallas Mavericks,43132
Meyers Leonard,25,Portland Trail Blazers,43132
Michael Beasley,29,New York Knicks,43132
Michael Carter-Williams,26,Charlotte Hornets,43132
Michael Kidd-Gilchrist,24,Charlotte Hornets,43132
Mike Conley,30,Memphis Grizzlies,43132
Mike James (18),27,Phoenix Suns,43132
Mike James (18),27,New Orleans Pelicans,43132
Mike Muscala,26,Atlanta Hawks,43132
Mike Scott,29,Washington Wizards,43132
Miles Plumlee,29,Atlanta Hawks,43132
Miloš Teodosić,30,Los Angeles Clippers,43132
Milton Doyle,24,Brooklyn Nets,43132
Mindaugas Kuzminskas,28,New York Knicks,43132
Mirza Teletović,32,Milwaukee Bucks,43132
Monte Morris,22,Denver Nuggets,43132
Montrezl Harrell,24,Los Angeles Clippers,43132
Myke Henry,25,Memphis Grizzlies,43132
Myles Turner,21,Indiana Pacers,43132
Nate Wolters,26,Utah Jazz,43132
Naz Mitrou-Long,24,Utah Jazz,43132
Nemanja Bjelica,29,Minnesota Timberwolves,43132
Nenê,35,Houston Rockets,43132
Nerlens Noel,23,Dallas Mavericks,43132
Nick Collison,37,Oklahoma City Thunder,43132
Nick Young,32,Golden State Warriors,43132
Nicolas Batum,29,Charlotte Hornets,43132
Nicolás Brussino,24,Atlanta Hawks,43132
Nigel Hayes,23,Sacramento Kings,43132
Nigel Hayes,23,Toronto Raptors,43132
Nigel Hayes,23,Los Angeles Lakers,43132
Nik Stauskas,24,Brooklyn Nets,43132
Nik Stauskas,24,Philadelphia 76ers,43132
Nikola Jokić,22,Denver Nuggets,43132
Nikola Mirotić,26,New Orleans Pelicans,43132
Nikola Mirotić,26,Chicago Bulls,43132
Nikola Vučević,27,Orlando Magic,43132
Noah Vonleh,22,Chicago Bulls,43132
Noah Vonleh,22,Portland Trail Blazers,43132
Norman Powell,24,Toronto Raptors,43132
OG Anunoby,20,Toronto Raptors,43132
Okaro White,25,Miami Heat,43132
Omari Johnson,28,Memphis Grizzlies,43132
Ömer Aşık,31,New Orleans Pelicans,43132
Ömer Aşık,31,Chicago Bulls,43132
Omri Casspi,29,Golden State Warriors,43132
Otto Porter Jr.,24,Washington Wizards,43132
P.J. Tucker,32,Houston Rockets,43132
Pascal Siakam,23,Toronto Raptors,43132
Pat Connaughton,25,Portland Trail Blazers,43132
Patrick Beverley,29,Los Angeles Clippers,43132
Patrick McCaw,22,Golden State Warriors,43132
Patrick Patterson,28,Oklahoma City Thunder,43132
Patty Mills,29,San Antonio Spurs,43132
Pau Gasol,37,San Antonio Spurs,43132
Paul George,27,Oklahoma City Thunder,43132
Paul Millsap,32,Denver Nuggets,43132
Paul Zipser,23,Chicago Bulls,43132
PJ Dozier,21,Oklahoma City Thunder,43132
Quincy Acy,27,Brooklyn Nets,43132
Quincy Pondexter,29,Chicago Bulls,43132
Quinn Cook,24,Golden State Warriors,43132
R.J. Hunter,24,Houston Rockets,43132
Rajon Rondo,31,New Orleans Pelicans,43132
Ramon Sessions,31,Washington Wizards,43132
Ramon Sessions,31,New York Knicks,43132
Rashad Vaughn,21,Milwaukee Bucks,43132
Rashad Vaughn,21,Orlando Magic,43132
Rashad Vaughn,21,Brooklyn Nets,43132
Raul Neto,25,Utah Jazz,43132
Raymond Felton,33,Oklahoma City Thunder,43132
Reggie Bullock,26,Detroit Pistons,43132
Reggie Hearn,26,Detroit Pistons,43132
Reggie Jackson,27,Detroit Pistons,43132
Richard Jefferson,37,Denver Nuggets,43132
Richaun Holmes,24,Philadelphia 76ers,43132
Ricky Rubio,27,Utah Jazz,43132
Robert Covington,27,Philadelphia 76ers,43132
Robin Lopez,29,Chicago Bulls,43132
Rodney Hood,25,Utah Jazz,43132
Rodney Hood,25,Cleveland Cavaliers,43132
Rodney McGruder,26,Miami Heat,43132
Rodney Purvis,23,Orlando Magic,43132
Ron Baker,24,New York Knicks,43132
Rondae Hollis-Jefferson,23,Brooklyn Nets,43132
Royce O'Neale,24,Utah Jazz,43132
Rudy Gay,31,San Antonio Spurs,43132
Rudy Gobert,25,Utah Jazz,43132
Russell Westbrook,29,Oklahoma City Thunder,43132
Ryan Anderson,29,Houston Rockets,43132
Ryan Arcidiacono,23,Chicago Bulls,43132
Salah Mejri,31,Dallas Mavericks,43132
Sam Dekker,23,Los Angeles Clippers,43132
Scotty Hopson,28,Dallas Mavericks,43132
Sean Kilpatrick,28,Chicago Bulls,43132
Sean Kilpatrick,28,Milwaukee Bucks,43132
Sean Kilpatrick,28,Brooklyn Nets,43132
Sean Kilpatrick,28,Los Angeles Clippers,43132
Semi Ojeleye,23,Boston Celtics,43132
Serge Ibaka,28,Toronto Raptors,43132
Shabazz Muhammad,25,Minnesota Timberwolves,43132
Shabazz Muhammad,25,Milwaukee Bucks,43132
Shabazz Napier,26,Portland Trail Blazers,43132
Shane Larkin,25,Boston Celtics,43132
Shaquille Harrison,24,Phoenix Suns,43132
Shaun Livingston,32,Golden State Warriors,43132
Shelvin Mack,27,Orlando Magic,43132
Sindarius Thornwell,23,Los Angeles Clippers,43132
Skal Labissière,21,Sacramento Kings,43132
Solomon Hill,26,New Orleans Pelicans,43132
Spencer Dinwiddie,24,Brooklyn Nets,43132
Stanley Johnson,21,Detroit Pistons,43132
Stephen Curry,29,Golden State Warriors,43132
Sterling Brown,22,Milwaukee Bucks,43132
Steven Adams,24,Oklahoma City Thunder,43132
T.J. Leaf,20,Indiana Pacers,43132
T.J. McConnell,25,Philadelphia 76ers,43132
T.J. Warren,24,Phoenix Suns,43132
Taj Gibson,32,Minnesota Timberwolves,43132
Tarik Black,26,Houston Rockets,43132
Taurean Prince,23,Atlanta Hawks,43132
Terrance Ferguson,19,Oklahoma City Thunder,43132
Terrence Ross,26,Orlando Magic,43132
Terry Rozier,23,Boston Celtics,43132
Thabo Sefolosha,33,Utah Jazz,43132
Thaddeus Young,29,Indiana Pacers,43132
Thomas Bryant,20,Los Angeles Lakers,43132
Thon Maker,20,Milwaukee Bucks,43132
Tim Frazier,27,Washington Wizards,43132
Tim Hardaway Jr.,25,New York Knicks,43132
Tim Quarterman,23,Houston Rockets,43132
Timofey Mozgov,31,Brooklyn Nets,43132
Timothé Luwawu-Cabarrot,22,Philadelphia 76ers,43132
Tobias Harris,25,Detroit Pistons,43132
Tobias Harris,25,Los Angeles Clippers,43132
Tomáš Satoranský,26,Washington Wizards,43132
Tony Allen,36,New Orleans Pelicans,43132
Tony Bradley,20,Utah Jazz,43132
Tony Parker,35,San Antonio Spurs,43132
Tony Snell,26,Milwaukee Bucks,43132
Torrey Craig,27,Denver Nuggets,43132
Travis Wear,27,Los Angeles Lakers,43132
Treveon Graham,24,Charlotte Hornets,43132
Trevor Ariza,32,Houston Rockets,43132
Trevor Booker,30,Brooklyn Nets,43132
Trevor Booker,30,Philadelphia 76ers,43132
Trevor Booker,30,Indiana Pacers,43132
Trey Burke,25,New York Knicks,43132
Trey Lyles,22,Denver Nuggets,43132
Trey McKinney-Jones,27,Indiana Pacers,43132
Tristan Thompson,26,Cleveland Cavaliers,43132
Troy Daniels,26,Phoenix Suns,43132
Troy Williams,23,New York Knicks,43132
Troy Williams,23,Houston Rockets,43132
Tyler Cavanaugh,23,Atlanta Hawks,43132
Tyler Dorsey,21,Atlanta Hawks,43132
Tyler Ennis,23,Los Angeles Lakers,43132
Tyler Johnson,25,Miami Heat,43132
Tyler Lydon,21,Denver Nuggets,43132
Tyler Ulis,22,Phoenix Suns,43132
Tyler Zeller,28,Brooklyn Nets,43132
Tyler Zeller,28,Milwaukee Bucks,43132
Tyreke Evans,28,Memphis Grizzlies,43132
Tyrone Wallace,23,Los Angeles Clippers,43132
Tyson Chandler,35,Phoenix Suns,43132
Tyus Jones,21,Minnesota Timberwolves,43132
Udonis Haslem,37,Miami Heat,43132
Vander Blue,25,Los Angeles Lakers,43132
Victor Oladipo,25,Indiana Pacers,43132
Vince Carter,41,Sacramento Kings,43132
Vince Hunter,23,Memphis Grizzlies,43132
Wade Baldwin,21,Portland Trail Blazers,43132
Walt Lemon Jr.,25,New Orleans Pelicans,43132
Wayne Ellington,30,Miami Heat,43132
Wayne Selden,23,Memphis Grizzlies,43132
Wes Iwundu,23,Orlando Magic,43132
Wesley Johnson,30,Los Angeles Clippers,43132
Wesley Matthews,31,Dallas Mavericks,43132
Will Barton,27,Denver Nuggets,43132
Willie Cauley-Stein,24,Sacramento Kings,43132
Willie Reed,27,Los Angeles Clippers,43132
Willie Reed,27,Detroit Pistons,43132
Willy Hernangómez,23,Charlotte Hornets,43132
Willy Hernangómez,23,New York Knicks,43132
Wilson Chandler,30,Denver Nuggets,43132
Xavier Munford,25,Milwaukee Bucks,43132
Xavier Rathan-Mayes,23,Memphis Grizzlies,43132
Xavier Silas,30,Boston Celtics,43132
Yogi Ferrell,24,Dallas Mavericks,43132
Zach Collins,20,Portland Trail Blazers,43132
Zach LaVine,22,Chicago Bulls,43132
Zach Randolph,36,Sacramento Kings,43132
Zaza Pachulia,33,Golden State Warriors,43132
Zhou Qi,22,Houston Rockets,43132
Aaron Gordon,23,Orlando Magic,43497
Aaron Holiday,22,Indiana Pacers,43497
Abdel Nader,25,Oklahoma City Thunder,43497
Al Horford,32,Boston Celtics,43497
Alan Williams,26,Brooklyn Nets,43497
Alec Burks,27,Cleveland Cavaliers,43497
Alec Burks,27,Utah Jazz,43497
Alec Burks,27,Sacramento Kings,43497
Álex Abrines,25,Oklahoma City Thunder,43497
Alex Caruso,24,Los Angeles Lakers,43497
Alex Len,25,Atlanta Hawks,43497
Alex Poythress,25,Atlanta Hawks,43497
Al-Farouq Aminu,28,Portland Trail Blazers,43497
Alfonzo McKinnie,26,Golden State Warriors,43497
Alize Johnson,22,Indiana Pacers,43497
Allen Crabbe,26,Brooklyn Nets,43497
Allonzo Trier,23,New York Knicks,43497
Amile Jefferson,25,Orlando Magic,43497
Amir Johnson,31,Philadelphia 76ers,43497
Andre Drummond,25,Detroit Pistons,43497
Andre Iguodala,35,Golden State Warriors,43497
Andre Ingram,33,Los Angeles Lakers,43497
Andrew Bogut,34,Golden State Warriors,43497
Andrew Harrison,24,Cleveland Cavaliers,43497
Andrew Harrison,24,New Orleans Pelicans,43497
Andrew Harrison,24,Memphis Grizzlies,43497
Andrew Wiggins,23,Minnesota Timberwolves,43497
Anfernee Simons,19,Portland Trail Blazers,43497
Ángel Delgado,24,Los Angeles Clippers,43497
Ante Žižić,22,Cleveland Cavaliers,43497
Anthony Davis,25,New Orleans Pelicans,43497
Anthony Tolliver,33,Minnesota Timberwolves,43497
Antonio Blakeney,22,Chicago Bulls,43497
Aron Baynes,32,Boston Celtics,43497
Austin Rivers,26,Houston Rockets,43497
Austin Rivers,26,Washington Wizards,43497
Avery Bradley,28,Los Angeles Clippers,43497
Avery Bradley,28,Memphis Grizzlies,43497
B.J. Johnson,23,Atlanta Hawks,43497
B.J. Johnson,23,Sacramento Kings,43497
Bam Adebayo,21,Miami Heat,43497
Ben McLemore,25,Sacramento Kings,43497
Ben Simmons,22,Philadelphia 76ers,43497
Billy Garrett,24,New York Knicks,43497
Bismack Biyombo,26,Charlotte Hornets,43497
Blake Griffin,29,Detroit Pistons,43497
Boban Marjanović,30,Los Angeles Clippers,43497
Boban Marjanović,30,Philadelphia 76ers,43497
Bobby Portis,23,Washington Wizards,43497
Bobby Portis,23,Chicago Bulls,43497
Bogdan Bogdanović,26,Sacramento Kings,43497
Bojan Bogdanović,29,Indiana Pacers,43497
Bonzie Colson,23,Milwaukee Bucks,43497
Brad Wanamaker,29,Boston Celtics,43497
Bradley Beal,25,Washington Wizards,43497
Brandon Goodwin,23,Denver Nuggets,43497
Brandon Ingram,21,Los Angeles Lakers,43497
Brandon Knight,27,Cleveland Cavaliers,43497
Brandon Knight,27,Houston Rockets,43497
Brandon Sampson,21,Chicago Bulls,43497
Brook Lopez,30,Milwaukee Bucks,43497
Bruce Brown,22,Detroit Pistons,43497
Bruno Caboclo,23,Memphis Grizzlies,43497
Bryn Forbes,25,San Antonio Spurs,43497
Buddy Hield,26,Sacramento Kings,43497
C.J. Miles,31,Toronto Raptors,43497
C.J. Miles,31,Memphis Grizzlies,43497
C.J. Williams,28,Minnesota Timberwolves,43497
Caleb Swanigan,21,Portland Trail Blazers,43497
Caleb Swanigan,21,Sacramento Kings,43497
Cameron Payne,24,Chicago Bulls,43497
Cameron Payne,24,Cleveland Cavaliers,43497
Cameron Reynolds,23,Minnesota Timberwolves,43497
Caris LeVert,24,Brooklyn Nets,43497
Carmelo Anthony,34,Houston Rockets,43497
Cedi Osman,23,Cleveland Cavaliers,43497
Chandler Hutchison,22,Chicago Bulls,43497
Chandler Parsons,30,Memphis Grizzlies,43497
Channing Frye,35,Cleveland Cavaliers,43497
Chasson Randle,25,Washington Wizards,43497
Cheick Diallo,22,New Orleans Pelicans,43497
Chimezie Metu,21,San Antonio Spurs,43497
Chris Boucher,26,Toronto Raptors,43497
Chris Chiozza,23,Houston Rockets,43497
Chris Paul,33,Houston Rockets,43497
Christian Wood,23,New Orleans Pelicans,43497
Christian Wood,23,Milwaukee Bucks,43497
CJ McCollum,27,Portland Trail Blazers,43497
Clint Capela,24,Houston Rockets,43497
Cody Zeller,26,Charlotte Hornets,43497
Collin Sexton,20,Cleveland Cavaliers,43497
Corey Brewer,32,Sacramento Kings,43497
Corey Brewer,32,Philadelphia 76ers,43497
Cory Joseph,27,Indiana Pacers,43497
Courtney Lee,33,Dallas Mavericks,43497
Courtney Lee,33,New York Knicks,43497
Cristiano Felício,26,Chicago Bulls,43497
D.J. Augustin,31,Orlando Magic,43497
D.J. Stephens,28,Memphis Grizzlies,43497
D.J. Wilson,22,Milwaukee Bucks,43497
Dairis Bertāns,29,New Orleans Pelicans,43497
Damian Jones,23,Golden State Warriors,43497
Damian Lillard,28,Portland Trail Blazers,43497
Damion Lee,26,Golden State Warriors,43497
Damyean Dotson,24,New York Knicks,43497
D'Angelo Russell,22,Brooklyn Nets,43497
Daniel Hamilton,23,Atlanta Hawks,43497
Daniel Theis,26,Boston Celtics,43497
Danilo Gallinari,30,Los Angeles Clippers,43497
Danny Green,31,Toronto Raptors,43497
Dante Cunningham,31,San Antonio Spurs,43497
Dante Exum,23,Utah Jazz,43497
Danuel House Jr.,25,Houston Rockets,43497
Dario Šarić,24,Minnesota Timberwolves,43497
Dario Šarić,24,Philadelphia 76ers,43497
Darius Miller,28,New Orleans Pelicans,43497
Darren Collison,31,Indiana Pacers,43497
Daryl Macon,23,Dallas Mavericks,43497
David Nwaba,26,Cleveland Cavaliers,43497
Dāvis Bertāns,26,San Antonio Spurs,43497
Davon Reed,23,Indiana Pacers,43497
De'Aaron Fox,21,Sacramento Kings,43497
Deandre Ayton,20,Phoenix Suns,43497
DeAndre' Bembry,24,Atlanta Hawks,43497
DeAndre Jordan,30,Dallas Mavericks,43497
DeAndre Jordan,30,New York Knicks,43497
De'Anthony Melton,20,Phoenix Suns,43497
Delon Wright,26,Memphis Grizzlies,43497
Delon Wright,26,Toronto Raptors,43497
DeMar DeRozan,29,San Antonio Spurs,43497
DeMarcus Cousins,28,Golden State Warriors,43497
DeMarre Carroll,32,Brooklyn Nets,43497
Demetrius Jackson,24,Philadelphia 76ers,43497
Deng Adel,21,Cleveland Cavaliers,43497
Dennis Schröder,25,Oklahoma City Thunder,43497
Dennis Smith Jr.,21,Dallas Mavericks,43497
Dennis Smith Jr.,21,New York Knicks,43497
Deonte Burton,25,Oklahoma City Thunder,43497
Derrick Favors,27,Utah Jazz,43497
Derrick Jones Jr.,21,Miami Heat,43497
Derrick Rose,30,Minnesota Timberwolves,43497
Derrick White,24,San Antonio Spurs,43497
DeVaughn Akoon-Purcell,25,Denver Nuggets,43497
Devin Booker,22,Phoenix Suns,43497
Devin Harris,35,Dallas Mavericks,43497
Devin Robinson,23,Washington Wizards,43497
Devonte' Graham,23,Charlotte Hornets,43497
Dewayne Dedmon,29,Atlanta Hawks,43497
Deyonta Davis,22,Atlanta Hawks,43497
Dillon Brooks,23,Memphis Grizzlies,43497
Dion Waiters,27,Miami Heat,43497
Dirk Nowitzki,40,Dallas Mavericks,43497
Domantas Sabonis,22,Indiana Pacers,43497
Donatas Motiejūnas,28,San Antonio Spurs,43497
Donovan Mitchell,22,Utah Jazz,43497
Donte DiVincenzo,22,Milwaukee Bucks,43497
Donte Grantham,23,Oklahoma City Thunder,43497
Dorian Finney-Smith,25,Dallas Mavericks,43497
Doug McDermott,27,Indiana Pacers,43497
Dragan Bender,21,Phoenix Suns,43497
Draymond Green,28,Golden State Warriors,43497
Drew Eubanks,21,San Antonio Spurs,43497
Duncan Robinson,24,Miami Heat,43497
Dusty Hannahs,25,Memphis Grizzlies,43497
Dwayne Bacon,23,Charlotte Hornets,43497
Dwight Howard,33,Washington Wizards,43497
Dwight Powell,27,Dallas Mavericks,43497
Dwyane Wade,37,Miami Heat,43497
Džanan Musa,19,Brooklyn Nets,43497
Ed Davis,29,Brooklyn Nets,43497
Edmond Sumner,23,Indiana Pacers,43497
Ekpe Udoh,31,Utah Jazz,43497
Elfrid Payton,24,New Orleans Pelicans,43497
Elie Okobo,21,Phoenix Suns,43497
Emanuel Terry,22,Phoenix Suns,43497
Emanuel Terry,22,Miami Heat,43497
Emmanuel Mudiay,22,New York Knicks,43497
Enes Freedom,26,New York Knicks,43497
Enes Freedom,26,Portland Trail Blazers,43497
Eric Bledsoe,29,Milwaukee Bucks,43497
Eric Gordon,30,Houston Rockets,43497
Eric Moreland,27,Toronto Raptors,43497
Eric Moreland,27,Phoenix Suns,43497
Ersan İlyasova,31,Milwaukee Bucks,43497
E'Twaun Moore,29,New Orleans Pelicans,43497
Evan Fournier,26,Orlando Magic,43497
Evan Turner,30,Portland Trail Blazers,43497
Frank Jackson,20,New Orleans Pelicans,43497
Frank Kaminsky,25,Charlotte Hornets,43497
Frank Mason III,24,Sacramento Kings,43497
Frank Ntilikina,20,New York Knicks,43497
Fred VanVleet,24,Toronto Raptors,43497
Furkan Korkmaz,21,Philadelphia 76ers,43497
Garrett Temple,32,Memphis Grizzlies,43497
Garrett Temple,32,Los Angeles Clippers,43497
Gary Clark,24,Houston Rockets,43497
Gary Harris,24,Denver Nuggets,43497
Gary Payton II,26,Washington Wizards,43497
Gary Trent Jr.,20,Portland Trail Blazers,43497
George Hill,32,Milwaukee Bucks,43497
George Hill,32,Cleveland Cavaliers,43497
George King (19),25,Phoenix Suns,43497
Georges Niang,25,Utah Jazz,43497
Gerald Green,33,Houston Rockets,43497
Giannis Antetokounmpo,24,Milwaukee Bucks,43497
Glenn Robinson III,25,Detroit Pistons,43497
Goran Dragić,32,Miami Heat,43497
Gordon Hayward,28,Boston Celtics,43497
Gorgui Dieng,29,Minnesota Timberwolves,43497
Grayson Allen,23,Utah Jazz,43497
Greg Monroe,28,Toronto Raptors,43497
Greg Monroe,28,Philadelphia 76ers,43497
Greg Monroe,28,Boston Celtics,43497
Guerschon Yabusele,23,Boston Celtics,43497
Hamidou Diallo,20,Oklahoma City Thunder,43497
Harrison Barnes,26,Dallas Mavericks,43497
Harrison Barnes,26,Sacramento Kings,43497
Harry Giles,20,Sacramento Kings,43497
Hassan Whiteside,29,Miami Heat,43497
Haywood Highsmith,22,Philadelphia 76ers,43497
Henry Ellenson,22,New York Knicks,43497
Henry Ellenson,22,Detroit Pistons,43497
Ian Clark,27,New Orleans Pelicans,43497
Ian Mahinmi,32,Washington Wizards,43497
Ike Anigbogu,20,Indiana Pacers,43497
Iman Shumpert,28,Sacramento Kings,43497
Iman Shumpert,28,Houston Rockets,43497
Isaac Bonga,19,Los Angeles Lakers,43497
Isaac Humphries,21,Atlanta Hawks,43497
Isaiah Briscoe,22,Orlando Magic,43497
Isaiah Canaan,27,Phoenix Suns,43497
Isaiah Canaan,27,Minnesota Timberwolves,43497
Isaiah Canaan,27,Milwaukee Bucks,43497
Isaiah Hartenstein,20,Houston Rockets,43497
Isaiah Hicks,24,New York Knicks,43497
Isaiah Thomas,29,Denver Nuggets,43497
Ish Smith,30,Detroit Pistons,43497
Ivan Rabb,21,Memphis Grizzlies,43497
Ivica Zubac,21,Los Angeles Lakers,43497
Ivica Zubac,21,Los Angeles Clippers,43497
J.J. Barea,34,Dallas Mavericks,43497
J.J. Redick,34,Philadelphia 76ers,43497
J.P. Macura,23,Charlotte Hornets,43497
J.R. Smith,33,Cleveland Cavaliers,43497
Jabari Parker,23,Chicago Bulls,43497
Jabari Parker,23,Washington Wizards,43497
Jacob Evans,21,Golden State Warriors,43497
Jae Crowder,28,Utah Jazz,43497
Jahlil Okafor,23,New Orleans Pelicans,43497
JaKarr Sampson,25,Chicago Bulls,43497
Jake Layman,24,Portland Trail Blazers,43497
Jakob Poeltl,23,San Antonio Spurs,43497
Jalen Brunson,22,Dallas Mavericks,43497
Jalen Jones,25,Cleveland Cavaliers,43497
Jamal Crawford,38,Phoenix Suns,43497
Jamal Murray,21,Denver Nuggets,43497
James Ennis III,28,Houston Rockets,43497
James Ennis III,28,Philadelphia 76ers,43497
James Harden,29,Houston Rockets,43497
James Johnson,31,Miami Heat,43497
James Nunnally,28,Minnesota Timberwolves,43497
James Nunnally,28,Houston Rockets,43497
JaMychal Green,28,Memphis Grizzlies,43497
JaMychal Green,28,Los Angeles Clippers,43497
Jared Dudley,33,Brooklyn Nets,43497
Jared Terrell,23,Minnesota Timberwolves,43497
Jarell Martin,24,Orlando Magic,43497
Jaren Jackson Jr.,19,Memphis Grizzlies,43497
Jaron Blossomgame,25,Cleveland Cavaliers,43497
Jarred Vanderbilt,19,Denver Nuggets,43497
Jarrett Allen,20,Brooklyn Nets,43497
Jason Smith,32,Washington Wizards,43497
Jason Smith,32,Milwaukee Bucks,43497
Jason Smith,32,New Orleans Pelicans,43497
JaVale McGee,31,Los Angeles Lakers,43497
Jawun Evans,22,Phoenix Suns,43497
Jawun Evans,22,Oklahoma City Thunder,43497
Jaylen Adams,22,Atlanta Hawks,43497
Jaylen Brown,22,Boston Celtics,43497
Jaylen Morris,23,Milwaukee Bucks,43497
Jayson Tatum,20,Boston Celtics,43497
Jeff Green,32,Washington Wizards,43497
Jeff Teague,30,Minnesota Timberwolves,43497
Jemerrio Jones,23,Los Angeles Lakers,43497
Jerami Grant,24,Oklahoma City Thunder,43497
Jeremy Lamb,26,Charlotte Hornets,43497
Jeremy Lin,30,Atlanta Hawks,43497
Jeremy Lin,30,Toronto Raptors,43497
Jerian Grant,26,Orlando Magic,43497
Jerome Robinson,21,Los Angeles Clippers,43497
Jerryd Bayless,30,Minnesota Timberwolves,43497
Jevon Carter,23,Memphis Grizzlies,43497
Jimmer Fredette,29,Phoenix Suns,43497
Jimmy Butler,29,Philadelphia 76ers,43497
Jimmy Butler,29,Minnesota Timberwolves,43497
Joakim Noah,33,Memphis Grizzlies,43497
Jodie Meeks,31,Toronto Raptors,43497
Joe Chealey,23,Charlotte Hornets,43497
Joe Harris,27,Brooklyn Nets,43497
Joe Ingles,31,Utah Jazz,43497
Joel Embiid,24,Philadelphia 76ers,43497
John Collins,21,Atlanta Hawks,43497
John Henson,28,Milwaukee Bucks,43497
John Holland,30,Cleveland Cavaliers,43497
John Jenkins,27,New York Knicks,43497
John Jenkins,27,Washington Wizards,43497
John Wall,28,Washington Wizards,43497
Johnathan Motley,23,Los Angeles Clippers,43497
Johnathan Williams,23,Los Angeles Lakers,43497
Jon Leuer,29,Detroit Pistons,43497
Jonah Bolden,23,Philadelphia 76ers,43497
Jonas Jerebko,31,Golden State Warriors,43497
Jonas Valančiūnas,26,Toronto Raptors,43497
Jonas Valančiūnas,26,Memphis Grizzlies,43497
Jonathan Isaac,21,Orlando Magic,43497
Jonathon Simmons,29,Orlando Magic,43497
Jonathon Simmons,29,Philadelphia 76ers,43497
Jordan Bell,24,Golden State Warriors,43497
Jordan Clarkson,26,Cleveland Cavaliers,43497
Jordan Loyd,25,Toronto Raptors,43497
Jordan McRae,27,Washington Wizards,43497
Jordan Sibert,26,Atlanta Hawks,43497
José Calderón,37,Detroit Pistons,43497
Josh Hart,23,Los Angeles Lakers,43497
Josh Jackson,21,Phoenix Suns,43497
Josh Okogie,20,Minnesota Timberwolves,43497
Josh Richardson,25,Miami Heat,43497
Jrue Holiday,28,New Orleans Pelicans,43497
Juancho Hernangómez,23,Denver Nuggets,43497
Julian Washburn,27,Memphis Grizzlies,43497
Julius Randle,24,New Orleans Pelicans,43497
Justin Anderson,25,Atlanta Hawks,43497
Justin Holiday,29,Chicago Bulls,43497
Justin Holiday,29,Memphis Grizzlies,43497
Justin Jackson,23,Sacramento Kings,43497
Justin Jackson,23,Dallas Mavericks,43497
Justin Patton,21,Philadelphia 76ers,43497
Justise Winslow,22,Miami Heat,43497
Jusuf Nurkić,24,Portland Trail Blazers,43497
Kadeem Allen,26,New York Knicks,43497
Kalin Lucas,29,Detroit Pistons,43497
Karl-Anthony Towns,23,Minnesota Timberwolves,43497
Kawhi Leonard,27,Toronto Raptors,43497
Keita Bates-Diop,23,Minnesota Timberwolves,43497
Kelly Olynyk,27,Miami Heat,43497
Kelly Oubre Jr.,23,Phoenix Suns,43497
Kelly Oubre Jr.,23,Washington Wizards,43497
Kemba Walker,28,Charlotte Hornets,43497
Kenneth Faried,29,Houston Rockets,43497
Kenneth Faried,29,Brooklyn Nets,43497
Kenrich Williams,24,New Orleans Pelicans,43497
Kent Bazemore,29,Atlanta Hawks,43497
Kentavious Caldwell-Pope,25,Los Angeles Lakers,43497
Kevin Durant,30,Golden State Warriors,43497
Kevin Huerter,20,Atlanta Hawks,43497
Kevin Knox,19,New York Knicks,43497
Kevin Love,30,Cleveland Cavaliers,43497
Kevon Looney,22,Golden State Warriors,43497
Khem Birch,26,Orlando Magic,43497
Khris Middleton,27,Milwaukee Bucks,43497
Khyri Thomas,22,Detroit Pistons,43497
Klay Thompson,28,Golden State Warriors,43497
Kobi Simmons,21,Cleveland Cavaliers,43497
Kosta Koufos,29,Sacramento Kings,43497
Kostas Antetokounmpo,21,Dallas Mavericks,43497
Kris Dunn,24,Chicago Bulls,43497
Kyle Anderson,25,Memphis Grizzlies,43497
Kyle Korver,37,Utah Jazz,43497
Kyle Korver,37,Cleveland Cavaliers,43497
Kyle Kuzma,23,Los Angeles Lakers,43497
Kyle Lowry,32,Toronto Raptors,43497
Kyle O'Quinn,28,Indiana Pacers,43497
Kyrie Irving,26,Boston Celtics,43497
LaMarcus Aldridge,33,San Antonio Spurs,43497
Lance Stephenson,28,Los Angeles Lakers,43497
Lance Thomas,30,New York Knicks,43497
Landry Shamet,21,Philadelphia 76ers,43497
Landry Shamet,21,Los Angeles Clippers,43497
Langston Galloway,27,Detroit Pistons,43497
Larry Nance Jr.,26,Cleveland Cavaliers,43497
Lauri Markkanen,21,Chicago Bulls,43497
LeBron James,34,Los Angeles Lakers,43497
Lonnie Walker IV,20,San Antonio Spurs,43497
Lonzo Ball,21,Los Angeles Lakers,43497
Lorenzo Brown,28,Toronto Raptors,43497
Lou Williams,32,Los Angeles Clippers,43497
Luc Mbah a Moute,32,Los Angeles Clippers,43497
Luka Dončić,19,Dallas Mavericks,43497
Luke Kennard,22,Detroit Pistons,43497
Luke Kornet,23,New York Knicks,43497
Luol Deng,33,Minnesota Timberwolves,43497
Malachi Richardson,23,Toronto Raptors,43497
Malcolm Brogdon,26,Milwaukee Bucks,43497
Malcolm Miller,25,Toronto Raptors,43497
Malik Beasley,22,Denver Nuggets,43497
Malik Monk,20,Charlotte Hornets,43497
Marc Gasol,34,Memphis Grizzlies,43497
Marc Gasol,34,Toronto Raptors,43497
Marcin Gortat,34,Los Angeles Clippers,43497
Marco Belinelli,32,San Antonio Spurs,43497
Marcus Derrickson,22,Golden State Warriors,43497
Marcus Morris,29,Boston Celtics,43497
Marcus Smart,24,Boston Celtics,43497
Mario Hezonja,23,New York Knicks,43497
Markelle Fultz,20,Philadelphia 76ers,43497
Markieff Morris,29,Washington Wizards,43497
Markieff Morris,29,Oklahoma City Thunder,43497
Marquese Chriss,21,Cleveland Cavaliers,43497
Marquese Chriss,21,Houston Rockets,43497
MarShon Brooks,30,Memphis Grizzlies,43497
Marvin Bagley III,19,Sacramento Kings,43497
Marvin Williams,32,Charlotte Hornets,43497
Mason Plumlee,28,Denver Nuggets,43497
Matthew Dellavedova,28,Cleveland Cavaliers,43497
Matthew Dellavedova,28,Milwaukee Bucks,43497
Maurice Harkless,25,Portland Trail Blazers,43497
Maxi Kleber,27,Dallas Mavericks,43497
Melvin Frazier,22,Orlando Magic,43497
Meyers Leonard,26,Portland Trail Blazers,43497
Michael Beasley,30,Los Angeles Lakers,43497
Michael Carter-Williams,27,Orlando Magic,43497
Michael Carter-Williams,27,Houston Rockets,43497
Michael Kidd-Gilchrist,25,Charlotte Hornets,43497
Mikal Bridges,22,Phoenix Suns,43497
Mike Conley,31,Memphis Grizzlies,43497
Mike Muscala,27,Philadelphia 76ers,43497
Mike Muscala,27,Los Angeles Lakers,43497
Mike Scott,30,Los Angeles Clippers,43497
Mike Scott,30,Philadelphia 76ers,43497
Miles Bridges,20,Charlotte Hornets,43497
Miles Plumlee,30,Atlanta Hawks,43497
Miloš Teodosić,31,Los Angeles Clippers,43497
Mitch Creek,26,Brooklyn Nets,43497
Mitch Creek,26,Minnesota Timberwolves,43497
Mitchell Robinson,20,New York Knicks,43497
Mo Bamba,20,Orlando Magic,43497
Monte Morris,23,Denver Nuggets,43497
Montrezl Harrell,25,Los Angeles Clippers,43497
Moritz Wagner,21,Los Angeles Lakers,43497
Myles Turner,22,Indiana Pacers,43497
Naz Mitrou-Long,25,Utah Jazz,43497
Nemanja Bjelica,30,Sacramento Kings,43497
Nenê,36,Houston Rockets,43497
Nerlens Noel,24,Oklahoma City Thunder,43497
Nick Young,33,Denver Nuggets,43497
Nicolas Batum,30,Charlotte Hornets,43497
Nik Stauskas,25,Portland Trail Blazers,43497
Nik Stauskas,25,Cleveland Cavaliers,43497
Nikola Jokić,23,Denver Nuggets,43497
Nikola Mirotić,27,New Orleans Pelicans,43497
Nikola Mirotić,27,Milwaukee Bucks,43497
Nikola Vučević,28,Orlando Magic,43497
Noah Vonleh,23,New York Knicks,43497
Norman Powell,25,Toronto Raptors,43497
OG Anunoby,21,Toronto Raptors,43497
Okaro White,26,Washington Wizards,43497
Omari Spellman,21,Atlanta Hawks,43497
Omri Casspi,30,Memphis Grizzlies,43497
Otto Porter Jr.,25,Washington Wizards,43497
Otto Porter Jr.,25,Chicago Bulls,43497
P.J. Tucker,33,Houston Rockets,43497
Pascal Siakam,24,Toronto Raptors,43497
Pat Connaughton,26,Milwaukee Bucks,43497
Patrick Beverley,30,Los Angeles Clippers,43497
Patrick McCaw,23,Toronto Raptors,43497
Patrick McCaw,23,Cleveland Cavaliers,43497
Patrick Patterson,29,Oklahoma City Thunder,43497
Patty Mills,30,San Antonio Spurs,43497
Pau Gasol,38,San Antonio Spurs,43497
Pau Gasol,38,Milwaukee Bucks,43497
Paul George,28,Oklahoma City Thunder,43497
Paul Millsap,33,Denver Nuggets,43497
PJ Dozier,22,Boston Celtics,43497
Quincy Acy,28,Phoenix Suns,43497
Quincy Pondexter,30,San Antonio Spurs,43497
Quinn Cook,25,Golden State Warriors,43497
R.J. Hunter,25,Boston Celtics,43497
Rajon Rondo,32,Los Angeles Lakers,43497
Raul Neto,26,Utah Jazz,43497
Rawle Alkins,21,Chicago Bulls,43497
Ray Spalding,21,Phoenix Suns,43497
Ray Spalding,21,Dallas Mavericks,43497
Raymond Felton,34,Oklahoma City Thunder,43497
Reggie Bullock,27,Detroit Pistons,43497
Reggie Bullock,27,Los Angeles Lakers,43497
Reggie Jackson,28,Detroit Pistons,43497
Richaun Holmes,25,Phoenix Suns,43497
Ricky Rubio,28,Utah Jazz,43497
Robert Covington,28,Minnesota Timberwolves,43497
Robert Covington,28,Philadelphia 76ers,43497
Robert Williams,21,Boston Celtics,43497
Robin Lopez,30,Chicago Bulls,43497
Rodions Kurucs,20,Brooklyn Nets,43497
Rodney Hood,26,Cleveland Cavaliers,43497
Rodney Hood,26,Portland Trail Blazers,43497
Rodney McGruder,27,Miami Heat,43497
Ron Baker,25,New York Knicks,43497
Ron Baker,25,Washington Wizards,43497
Rondae Hollis-Jefferson,24,Brooklyn Nets,43497
Royce O'Neale,25,Utah Jazz,43497
Rudy Gay,32,San Antonio Spurs,43497
Rudy Gobert,26,Utah Jazz,43497
Russell Westbrook,30,Oklahoma City Thunder,43497
Ryan Anderson,30,Phoenix Suns,43497
Ryan Anderson,30,Miami Heat,43497
Ryan Arcidiacono,24,Chicago Bulls,43497
Ryan Broekhoff,28,Dallas Mavericks,43497
Salah Mejri,32,Dallas Mavericks,43497
Sam Dekker,24,Washington Wizards,43497
Sam Dekker,24,Cleveland Cavaliers,43497
Scott Machado,28,Los Angeles Lakers,43497
Semi Ojeleye,24,Boston Celtics,43497
Serge Ibaka,29,Toronto Raptors,43497
Seth Curry,28,Portland Trail Blazers,43497
Shabazz Napier,27,Brooklyn Nets,43497
Shai Gilgeous-Alexander,20,Los Angeles Clippers,43497
Shake Milton,22,Philadelphia 76ers,43497
Shaquille Harrison,25,Chicago Bulls,43497
Shaun Livingston,33,Golden State Warriors,43497
Shelvin Mack,28,Memphis Grizzlies,43497
Shelvin Mack,28,Charlotte Hornets,43497
Sindarius Thornwell,24,Los Angeles Clippers,43497
Skal Labissière,22,Sacramento Kings,43497
Skal Labissière,22,Portland Trail Blazers,43497
Solomon Hill,27,New Orleans Pelicans,43497
Spencer Dinwiddie,25,Brooklyn Nets,43497
Stanley Johnson,22,Detroit Pistons,43497
Stanley Johnson,22,New Orleans Pelicans,43497
Stephen Curry,30,Golden State Warriors,43497
Sterling Brown,23,Milwaukee Bucks,43497
Steven Adams,25,Oklahoma City Thunder,43497
Svi Mykhailiuk,21,Los Angeles Lakers,43497
Svi Mykhailiuk,21,Detroit Pistons,43497
T.J. Leaf,21,Indiana Pacers,43497
T.J. McConnell,26,Philadelphia 76ers,43497
T.J. Warren,25,Phoenix Suns,43497
Tahjere McCall,24,Brooklyn Nets,43497
Taj Gibson,33,Minnesota Timberwolves,43497
Taurean Prince,24,Atlanta Hawks,43497
Terrance Ferguson,20,Oklahoma City Thunder,43497
Terrence Jones,27,Houston Rockets,43497
Terrence Ross,27,Orlando Magic,43497
Terry Rozier,24,Boston Celtics,43497
Thabo Sefolosha,34,Utah Jazz,43497
Thaddeus Young,30,Indiana Pacers,43497
Theo Pinson,23,Brooklyn Nets,43497
Thomas Bryant,21,Washington Wizards,43497
Thomas Welsh,22,Denver Nuggets,43497
Thon Maker,21,Detroit Pistons,43497
Thon Maker,21,Milwaukee Bucks,43497
Tim Frazier,28,New Orleans Pelicans,43497
Tim Frazier,28,Milwaukee Bucks,43497
Tim Hardaway Jr.,26,New York Knicks,43497
Tim Hardaway Jr.,26,Dallas Mavericks,43497
Timothé Luwawu-Cabarrot,23,Chicago Bulls,43497
Timothé Luwawu-Cabarrot,23,Oklahoma City Thunder,43497
Tobias Harris,26,Los Angeles Clippers,43497
Tobias Harris,26,Philadelphia 76ers,43497
Tomáš Satoranský,27,Washington Wizards,43497
Tony Bradley,21,Utah Jazz,43497
Tony Parker,36,Charlotte Hornets,43497
Tony Snell,27,Milwaukee Bucks,43497
Torrey Craig,28,Denver Nuggets,43497
Trae Young,20,Atlanta Hawks,43497
Treveon Graham,25,Brooklyn Nets,43497
Trevon Duval,20,Milwaukee Bucks,43497
Trevor Ariza,33,Washington Wizards,43497
Trevor Ariza,33,Phoenix Suns,43497
Trey Burke,26,New York Knicks,43497
Trey Burke,26,Dallas Mavericks,43497
Trey Lyles,23,Denver Nuggets,43497
Tristan Thompson,27,Cleveland Cavaliers,43497
Troy Brown Jr.,19,Washington Wizards,43497
Troy Caupain,23,Orlando Magic,43497
Troy Daniels,27,Phoenix Suns,43497
Troy Williams,24,Sacramento Kings,43497
Tyler Cavanaugh,24,Utah Jazz,43497
Tyler Davis,21,Oklahoma City Thunder,43497
Tyler Dorsey,22,Memphis Grizzlies,43497
Tyler Dorsey,22,Atlanta Hawks,43497
Tyler Johnson,26,Miami Heat,43497
Tyler Johnson,26,Phoenix Suns,43497
Tyler Lydon,22,Denver Nuggets,43497
Tyler Ulis,23,Chicago Bulls,43497
Tyler Zeller,29,Memphis Grizzlies,43497
Tyler Zeller,29,Atlanta Hawks,43497
Tyreke Evans,29,Indiana Pacers,43497
Tyrone Wallace,24,Los Angeles Clippers,43497
Tyson Chandler,36,Los Angeles Lakers,43497
Tyson Chandler,36,Phoenix Suns,43497
Tyus Jones,22,Minnesota Timberwolves,43497
Udonis Haslem,38,Miami Heat,43497
Victor Oladipo,26,Indiana Pacers,43497
Vince Carter,42,Atlanta Hawks,43497
Vince Edwards,22,Houston Rockets,43497
Wade Baldwin,22,Portland Trail Blazers,43497
Walt Lemon Jr.,26,Chicago Bulls,43497
Wayne Ellington,31,Detroit Pistons,43497
Wayne Ellington,31,Miami Heat,43497
Wayne Selden,24,Chicago Bulls,43497
Wayne Selden,24,Memphis Grizzlies,43497
Wendell Carter Jr.,19,Chicago Bulls,43497
Wes Iwundu,24,Orlando Magic,43497
Wesley Johnson,31,New Orleans Pelicans,43497
Wesley Johnson,31,Washington Wizards,43497
Wesley Matthews,32,Dallas Mavericks,43497
Wesley Matthews,32,Indiana Pacers,43497
Wesley Matthews,32,New York Knicks,43497
Will Barton,28,Denver Nuggets,43497
Willie Cauley-Stein,25,Sacramento Kings,43497
Willy Hernangómez,24,Charlotte Hornets,43497
Wilson Chandler,31,Philadelphia 76ers,43497
Wilson Chandler,31,Los Angeles Clippers,43497
Yante Maten,22,Miami Heat,43497
Yogi Ferrell,25,Sacramento Kings,43497
Yuta Watanabe,24,Memphis Grizzlies,43497
Zach Collins,21,Portland Trail Blazers,43497
Zach LaVine,23,Chicago Bulls,43497
Zach Lofton,26,Detroit Pistons,43497
Zaza Pachulia,34,Detroit Pistons,43497
Zhaire Smith,19,Philadelphia 76ers,43497
Zhou Qi,23,Houston Rockets,43497
Aaron Gordon,24,Orlando Magic,43862
Aaron Holiday,23,Indiana Pacers,43862
Abdel Nader,26,Oklahoma City Thunder,43862
Adam Mokoka,21,Chicago Bulls,43862
Admiral Schofield,22,Washington Wizards,43862
Al Horford,33,Philadelphia 76ers,43862
Alec Burks,28,Golden State Warriors,43862
Alec Burks,28,Philadelphia 76ers,43862
Alen Smailagić,19,Golden State Warriors,43862
Alex Caruso,25,Los Angeles Lakers,43862
Alex Len,26,Atlanta Hawks,43862
Alex Len,26,Sacramento Kings,43862
Al-Farouq Aminu,29,Orlando Magic,43862
Alfonzo McKinnie,27,Cleveland Cavaliers,43862
Alize Johnson,23,Indiana Pacers,43862
Allen Crabbe,27,Atlanta Hawks,43862
Allen Crabbe,27,Minnesota Timberwolves,43862
Allonzo Trier,24,New York Knicks,43862
Amile Jefferson,26,Orlando Magic,43862
Amir Coffey,22,Los Angeles Clippers,43862
Andre Drummond,26,Detroit Pistons,43862
Andre Drummond,26,Cleveland Cavaliers,43862
Andre Iguodala,36,Miami Heat,43862
Andre Roberson,28,Oklahoma City Thunder,43862
Andrew Wiggins,24,Minnesota Timberwolves,43862
Andrew Wiggins,24,Golden State Warriors,43862
Anfernee Simons,20,Portland Trail Blazers,43862
Ante Žižić,23,Cleveland Cavaliers,43862
Anthony Davis,26,Los Angeles Lakers,43862
Anthony Tolliver,34,Portland Trail Blazers,43862
Anthony Tolliver,34,Memphis Grizzlies,43862
Anthony Tolliver,34,Sacramento Kings,43862
Antonius Cleveland,25,Dallas Mavericks,43862
Anžejs Pasečņiks,24,Washington Wizards,43862
Aron Baynes,33,Phoenix Suns,43862
Austin Rivers,27,Houston Rockets,43862
Avery Bradley,29,Los Angeles Lakers,43862
B.J. Johnson,24,Orlando Magic,43862
Bam Adebayo,22,Miami Heat,43862
Ben McLemore,26,Houston Rockets,43862
Ben Simmons,23,Philadelphia 76ers,43862
Bismack Biyombo,27,Charlotte Hornets,43862
Blake Griffin,30,Detroit Pistons,43862
Boban Marjanović,31,Dallas Mavericks,43862
Bobby Portis,24,New York Knicks,43862
Bogdan Bogdanović,27,Sacramento Kings,43862
Bojan Bogdanović,30,Utah Jazz,43862
Bol Bol,20,Denver Nuggets,43862
Brad Wanamaker,30,Boston Celtics,43862
Bradley Beal,26,Washington Wizards,43862
Brandon Clarke,23,Memphis Grizzlies,43862
Brandon Goodwin,24,Atlanta Hawks,43862
Brandon Ingram,22,New Orleans Pelicans,43862
Brandon Knight,28,Detroit Pistons,43862
Brandon Knight,28,Cleveland Cavaliers,43862
Brian Bowen,21,Indiana Pacers,43862
Brook Lopez,31,Milwaukee Bucks,43862
Bruce Brown,23,Detroit Pistons,43862
Bruno Caboclo,24,Memphis Grizzlies,43862
Bruno Caboclo,24,Houston Rockets,43862
Bruno Fernando,21,Atlanta Hawks,43862
Bryn Forbes,26,San Antonio Spurs,43862
Buddy Hield,27,Sacramento Kings,43862
C.J. Miles,32,Washington Wizards,43862
Caleb Martin,24,Charlotte Hornets,43862
Caleb Swanigan,22,Portland Trail Blazers,43862
Caleb Swanigan,22,Sacramento Kings,43862
Cam Reddish,20,Atlanta Hawks,43862
Cameron Johnson,23,Phoenix Suns,43862
Cameron Payne,25,Phoenix Suns,43862
Caris LeVert,25,Brooklyn Nets,43862
Carmelo Anthony,35,Portland Trail Blazers,43862
Carsen Edwards,21,Boston Celtics,43862
Cedi Osman,24,Cleveland Cavaliers,43862
Chandler Hutchison,23,Chicago Bulls,43862
Chandler Parsons,31,Atlanta Hawks,43862
Charlie Brown Jr.,22,Atlanta Hawks,43862
Chasson Randle,26,Golden State Warriors,43862
Cheick Diallo,23,Phoenix Suns,43862
Chimezie Metu,22,San Antonio Spurs,43862
Chris Boucher,27,Toronto Raptors,43862
Chris Chiozza,24,Brooklyn Nets,43862
Chris Chiozza,24,Washington Wizards,43862
Chris Clemons,22,Houston Rockets,43862
Chris Paul,34,Oklahoma City Thunder,43862
Chris Silva,23,Miami Heat,43862
Christian Wood,24,Detroit Pistons,43862
CJ McCollum,28,Portland Trail Blazers,43862
Clint Capela,25,Houston Rockets,43862
Coby White,19,Chicago Bulls,43862
Cody Martin,24,Charlotte Hornets,43862
Cody Zeller,27,Charlotte Hornets,43862
Collin Sexton,21,Cleveland Cavaliers,43862
Corey Brewer,33,Sacramento Kings,43862
Cory Joseph,28,Sacramento Kings,43862
Courtney Lee,34,Dallas Mavericks,43862
Cristiano Felício,27,Chicago Bulls,43862
D.J. Augustin,32,Orlando Magic,43862
D.J. Wilson,23,Milwaukee Bucks,43862
Damian Jones,24,Atlanta Hawks,43862
Damian Lillard,29,Portland Trail Blazers,43862
Damion Lee,27,Golden State Warriors,43862
Damyean Dotson,25,New York Knicks,43862
D'Angelo Russell,23,Golden State Warriors,43862
D'Angelo Russell,23,Minnesota Timberwolves,43862
Daniel Gafford,21,Chicago Bulls,43862
Daniel Theis,27,Boston Celtics,43862
Danilo Gallinari,31,Oklahoma City Thunder,43862
Danny Green,32,Los Angeles Lakers,43862
Dante Exum,24,Cleveland Cavaliers,43862
Dante Exum,24,Utah Jazz,43862
Danuel House Jr.,26,Houston Rockets,43862
DaQuan Jeffries,22,Sacramento Kings,43862
Dario Šarić,25,Phoenix Suns,43862
Darius Bazley,19,Oklahoma City Thunder,43862
Darius Garland,20,Cleveland Cavaliers,43862
Daryl Macon,24,Miami Heat,43862
David Nwaba,27,Brooklyn Nets,43862
Dāvis Bertāns,27,Washington Wizards,43862
De'Aaron Fox,22,Sacramento Kings,43862
Dean Wade,23,Cleveland Cavaliers,43862
Deandre Ayton,21,Phoenix Suns,43862
DeAndre' Bembry,25,Atlanta Hawks,43862
De'Andre Hunter,22,Atlanta Hawks,43862
DeAndre Jordan,31,Brooklyn Nets,43862
De'Anthony Melton,21,Memphis Grizzlies,43862
Dejounte Murray,23,San Antonio Spurs,43862
Delon Wright,27,Dallas Mavericks,43862
DeMar DeRozan,30,San Antonio Spurs,43862
DeMarre Carroll,33,Houston Rockets,43862
DeMarre Carroll,33,San Antonio Spurs,43862
Dennis Schröder,26,Oklahoma City Thunder,43862
Dennis Smith Jr.,22,New York Knicks,43862
Denzel Valentine,26,Chicago Bulls,43862
Deonte Burton,26,Oklahoma City Thunder,43862
Derrick Favors,28,New Orleans Pelicans,43862
Derrick Jones Jr.,22,Miami Heat,43862
Derrick Rose,31,Detroit Pistons,43862
Derrick Walton,24,Los Angeles Clippers,43862
Derrick Walton,24,Detroit Pistons,43862
Derrick White,25,San Antonio Spurs,43862
Devin Booker,23,Phoenix Suns,43862
Devon Hall,24,Oklahoma City Thunder,43862
Devontae Cacok,23,Los Angeles Lakers,43862
Devonte' Graham,24,Charlotte Hornets,43862
Dewan Hernandez,23,Toronto Raptors,43862
Dewayne Dedmon,30,Sacramento Kings,43862
Dewayne Dedmon,30,Atlanta Hawks,43862
Dillon Brooks,24,Memphis Grizzlies,43862
Dion Waiters,28,Los Angeles Lakers,43862
Dion Waiters,28,Miami Heat,43862
Domantas Sabonis,23,Indiana Pacers,43862
Donovan Mitchell,23,Utah Jazz,43862
Donta Hall,22,Brooklyn Nets,43862
Donta Hall,22,Detroit Pistons,43862
Donte DiVincenzo,23,Milwaukee Bucks,43862
Dorian Finney-Smith,26,Dallas Mavericks,43862
Doug McDermott,28,Indiana Pacers,43862
Dragan Bender,22,Golden State Warriors,43862
Dragan Bender,22,Milwaukee Bucks,43862
Draymond Green,29,Golden State Warriors,43862
Drew Eubanks,22,San Antonio Spurs,43862
Duncan Robinson,25,Miami Heat,43862
Dusty Hannahs,26,Memphis Grizzlies,43862
Dwayne Bacon,24,Charlotte Hornets,43862
Dwight Howard,34,Los Angeles Lakers,43862
Dwight Powell,28,Dallas Mavericks,43862
Džanan Musa,20,Brooklyn Nets,43862
Ed Davis,30,Utah Jazz,43862
Edmond Sumner,24,Indiana Pacers,43862
Elfrid Payton,25,New York Knicks,43862
Elie Okobo,22,Phoenix Suns,43862
Emmanuel Mudiay,23,Utah Jazz,43862
Enes Freedom,27,Boston Celtics,43862
Eric Bledsoe,30,Milwaukee Bucks,43862
Eric Gordon,31,Houston Rockets,43862
Eric Mika,25,Sacramento Kings,43862
Eric Paschall,23,Golden State Warriors,43862
Ersan İlyasova,32,Milwaukee Bucks,43862
E'Twaun Moore,30,New Orleans Pelicans,43862
Evan Fournier,27,Orlando Magic,43862
Evan Turner,31,Atlanta Hawks,43862
Frank Jackson,21,New Orleans Pelicans,43862
Frank Kaminsky,26,Phoenix Suns,43862
Frank Mason III,25,Milwaukee Bucks,43862
Frank Ntilikina,21,New York Knicks,43862
Fred VanVleet,25,Toronto Raptors,43862
Furkan Korkmaz,22,Philadelphia 76ers,43862
Gabe Vincent,23,Miami Heat,43862
Garrett Temple,33,Brooklyn Nets,43862
Garrison Mathews,23,Washington Wizards,43862
Gary Clark,25,Orlando Magic,43862
Gary Clark,25,Houston Rockets,43862
Gary Harris,25,Denver Nuggets,43862
Gary Payton II,27,Washington Wizards,43862
Gary Trent Jr.,21,Portland Trail Blazers,43862
George Hill,33,Milwaukee Bucks,43862
Georges Niang,26,Utah Jazz,43862
Giannis Antetokounmpo,25,Milwaukee Bucks,43862
Glenn Robinson III,26,Golden State Warriors,43862
Glenn Robinson III,26,Philadelphia 76ers,43862
Goga Bitadze,20,Indiana Pacers,43862
Goran Dragić,33,Miami Heat,43862
Gordon Hayward,29,Boston Celtics,43862
Gorgui Dieng,30,Minnesota Timberwolves,43862
Gorgui Dieng,30,Memphis Grizzlies,43862
Grant Williams,21,Boston Celtics,43862
Grayson Allen,24,Memphis Grizzlies,43862
Hamidou Diallo,21,Oklahoma City Thunder,43862
Harrison Barnes,27,Sacramento Kings,43862
Harry Giles,21,Sacramento Kings,43862
Hassan Whiteside,30,Portland Trail Blazers,43862
Henry Ellenson,23,Brooklyn Nets,43862
Ian Mahinmi,33,Washington Wizards,43862
Ignas Brazdeikis,21,New York Knicks,43862
Iman Shumpert,29,Brooklyn Nets,43862
Isaac Bonga,20,Washington Wizards,43862
Isaiah Hartenstein,21,Houston Rockets,43862
Isaiah Roby,21,Oklahoma City Thunder,43862
Isaiah Thomas,30,Washington Wizards,43862
Ish Smith,31,Washington Wizards,43862
Ivica Zubac,22,Los Angeles Clippers,43862
J.J. Barea,35,Dallas Mavericks,43862
J.J. Redick,35,New Orleans Pelicans,43862
J.P. Macura,24,Cleveland Cavaliers,43862
J.R. Smith,34,Los Angeles Lakers,43862
Ja Morant,20,Memphis Grizzlies,43862
Jabari Parker,24,Atlanta Hawks,43862
Jabari Parker,24,Sacramento Kings,43862
Jacob Evans,22,Golden State Warriors,43862
Jacob Evans,22,Minnesota Timberwolves,43862
Jae Crowder,29,Memphis Grizzlies,43862
Jae Crowder,29,Miami Heat,43862
Jahlil Okafor,24,New Orleans Pelicans,43862
JaKarr Sampson,26,Indiana Pacers,43862
Jake Layman,25,Minnesota Timberwolves,43862
Jakob Poeltl,24,San Antonio Spurs,43862
Jalen Brunson,23,Dallas Mavericks,43862
Jalen Lecque,19,Phoenix Suns,43862
Jalen McDaniels,22,Charlotte Hornets,43862
Jamal Crawford,39,Brooklyn Nets,43862
Jamal Murray,22,Denver Nuggets,43862
James Ennis III,29,Philadelphia 76ers,43862
James Ennis III,29,Orlando Magic,43862
James Harden,30,Houston Rockets,43862
James Johnson,32,Minnesota Timberwolves,43862
James Johnson,32,Miami Heat,43862
JaMychal Green,29,Los Angeles Clippers,43862
Jared Dudley,34,Los Angeles Lakers,43862
Jared Harper,22,Phoenix Suns,43862
Jaren Jackson Jr.,20,Memphis Grizzlies,43862
Jarred Vanderbilt,20,Denver Nuggets,43862
Jarred Vanderbilt,20,Minnesota Timberwolves,43862
Jarrell Brantley,23,Utah Jazz,43862
Jarrett Allen,21,Brooklyn Nets,43862
Jarrett Culver,20,Minnesota Timberwolves,43862
Jarrod Uthoff,26,Washington Wizards,43862
Jarrod Uthoff,26,Memphis Grizzlies,43862
JaVale McGee,32,Los Angeles Lakers,43862
Javonte Green,26,Boston Celtics,43862
Jaxson Hayes,19,New Orleans Pelicans,43862
Jaylen Brown,23,Boston Celtics,43862
Jaylen Hoard,20,Portland Trail Blazers,43862
Jaylen Nowell,20,Minnesota Timberwolves,43862
Jayson Tatum,21,Boston Celtics,43862
Jeff Green,33,Utah Jazz,43862
Jeff Green,33,Houston Rockets,43862
Jeff Teague,31,Minnesota Timberwolves,43862
Jeff Teague,31,Atlanta Hawks,43862
Jerami Grant,25,Denver Nuggets,43862
Jeremiah Martin,23,Brooklyn Nets,43862
Jeremy Lamb,27,Indiana Pacers,43862
Jeremy Pargo,33,Golden State Warriors,43862
Jerian Grant,27,Washington Wizards,43862
Jerome Robinson,22,Washington Wizards,43862
Jerome Robinson,22,Los Angeles Clippers,43862
Jevon Carter,24,Phoenix Suns,43862
Jimmy Butler,30,Miami Heat,43862
Joakim Noah,34,Los Angeles Clippers,43862
Joe Chealey,24,Charlotte Hornets,43862
Joe Harris,28,Brooklyn Nets,43862
Joe Ingles,32,Utah Jazz,43862
Joel Embiid,25,Philadelphia 76ers,43862
John Collins,22,Atlanta Hawks,43862
John Henson,29,Cleveland Cavaliers,43862
John Henson,29,Detroit Pistons,43862
John Konchar,23,Memphis Grizzlies,43862
Johnathan Motley,24,Los Angeles Clippers,43862
Johnathan Williams,24,Washington Wizards,43862
Jonah Bolden,24,Phoenix Suns,43862
Jonah Bolden,24,Philadelphia 76ers,43862
Jonas Valančiūnas,27,Memphis Grizzlies,43862
Jonathan Isaac,22,Orlando Magic,43862
Jordan Bell,25,Minnesota Timberwolves,43862
Jordan Bell,25,Memphis Grizzlies,43862
Jordan Bone,22,Detroit Pistons,43862
Jordan Clarkson,27,Utah Jazz,43862
Jordan Clarkson,27,Cleveland Cavaliers,43862
Jordan McLaughlin,23,Minnesota Timberwolves,43862
Jordan McRae,28,Washington Wizards,43862
Jordan McRae,28,Detroit Pistons,43862
Jordan McRae,28,Denver Nuggets,43862
Jordan Poole,20,Golden State Warriors,43862
Josh Gray,26,New Orleans Pelicans,43862
Josh Hart,24,New Orleans Pelicans,43862
Josh Jackson,22,Memphis Grizzlies,43862
Josh Magette,30,Orlando Magic,43862
Josh Okogie,21,Minnesota Timberwolves,43862
Josh Reaves,22,Dallas Mavericks,43862
Josh Richardson,26,Philadelphia 76ers,43862
Jrue Holiday,29,New Orleans Pelicans,43862
Juan Toscano-Anderson,26,Golden State Warriors,43862
Juancho Hernangómez,24,Minnesota Timberwolves,43862
Juancho Hernangómez,24,Denver Nuggets,43862
Julius Randle,25,New York Knicks,43862
Justin Anderson,26,Brooklyn Nets,43862
Justin Holiday,30,Indiana Pacers,43862
Justin Jackson,24,Dallas Mavericks,43862
Justin James,23,Sacramento Kings,43862
Justin Patton,22,Oklahoma City Thunder,43862
Justin Robinson,22,Washington Wizards,43862
Justin Wright-Foreman,22,Utah Jazz,43862
Justise Winslow,23,Miami Heat,43862
Jusuf Nurkić,25,Portland Trail Blazers,43862
Juwan Morgan,22,Utah Jazz,43862
Kadeem Allen,27,New York Knicks,43862
Karl-Anthony Towns,24,Minnesota Timberwolves,43862
Kawhi Leonard,28,Los Angeles Clippers,43862
Keita Bates-Diop,24,Minnesota Timberwolves,43862
Keita Bates-Diop,24,Denver Nuggets,43862
Kelan Martin,24,Minnesota Timberwolves,43862
Keldon Johnson,20,San Antonio Spurs,43862
Kelly Olynyk,28,Miami Heat,43862
Kelly Oubre Jr.,24,Phoenix Suns,43862
Kemba Walker,29,Boston Celtics,43862
Kendrick Nunn,24,Miami Heat,43862
Kenrich Williams,25,New Orleans Pelicans,43862
Kent Bazemore,30,Portland Trail Blazers,43862
Kent Bazemore,30,Sacramento Kings,43862
Kentavious Caldwell-Pope,26,Los Angeles Lakers,43862
Kevin Hervey,23,Oklahoma City Thunder,43862
Kevin Huerter,21,Atlanta Hawks,43862
Kevin Knox,20,New York Knicks,43862
Kevin Love,31,Cleveland Cavaliers,43862
Kevin Porter Jr.,19,Cleveland Cavaliers,43862
Kevon Looney,23,Golden State Warriors,43862
Khem Birch,27,Orlando Magic,43862
Khris Middleton,28,Milwaukee Bucks,43862
Khyri Thomas,23,Detroit Pistons,43862
Kostas Antetokounmpo,22,Los Angeles Lakers,43862
Kris Dunn,25,Chicago Bulls,43862
Kristaps Porziņģis,24,Dallas Mavericks,43862
Ky Bowman,22,Golden State Warriors,43862
Kyle Alexander,23,Miami Heat,43862
Kyle Anderson,26,Memphis Grizzlies,43862
Kyle Guy,22,Sacramento Kings,43862
Kyle Korver,38,Milwaukee Bucks,43862
Kyle Kuzma,24,Los Angeles Lakers,43862
Kyle Lowry,33,Toronto Raptors,43862
Kyle O'Quinn,29,Philadelphia 76ers,43862
Kyrie Irving,27,Brooklyn Nets,43862
KZ Okpala,20,Miami Heat,43862
LaMarcus Aldridge,34,San Antonio Spurs,43862
Lance Thomas,31,Brooklyn Nets,43862
Landry Shamet,22,Los Angeles Clippers,43862
Langston Galloway,28,Detroit Pistons,43862
Larry Nance Jr.,27,Cleveland Cavaliers,43862
Lauri Markkanen,22,Chicago Bulls,43862
LeBron James,35,Los Angeles Lakers,43862
Lonnie Walker IV,21,San Antonio Spurs,43862
Lonzo Ball,22,New Orleans Pelicans,43862
Lou Williams,33,Los Angeles Clippers,43862
Louis King,20,Detroit Pistons,43862
Luc Mbah a Moute,33,Houston Rockets,43862
Luguentz Dort,20,Oklahoma City Thunder,43862
Luka Dončić,20,Dallas Mavericks,43862
Luka Šamanić,20,San Antonio Spurs,43862
Luke Kennard,23,Detroit Pistons,43862
Luke Kornet,24,Chicago Bulls,43862
Malcolm Brogdon,27,Indiana Pacers,43862
Malcolm Miller,26,Toronto Raptors,43862
Malik Beasley,23,Denver Nuggets,43862
Malik Beasley,23,Minnesota Timberwolves,43862
Malik Monk,21,Charlotte Hornets,43862
Malik Newman,22,Cleveland Cavaliers,43862
Marc Gasol,35,Toronto Raptors,43862
Marco Belinelli,33,San Antonio Spurs,43862
Marcus Morris,30,New York Knicks,43862
Marcus Morris,30,Los Angeles Clippers,43862
Marcus Smart,25,Boston Celtics,43862
Marial Shayok,24,Philadelphia 76ers,43862
Mario Hezonja,24,Portland Trail Blazers,43862
Markelle Fultz,21,Orlando Magic,43862
Markieff Morris,30,Detroit Pistons,43862
Markieff Morris,30,Los Angeles Lakers,43862
Marko Guduric,24,Memphis Grizzlies,43862
Marques Bolden,21,Cleveland Cavaliers,43862
Marquese Chriss,22,Golden State Warriors,43862
Marvin Bagley III,20,Sacramento Kings,43862
Marvin Williams,33,Charlotte Hornets,43862
Marvin Williams,33,Milwaukee Bucks,43862
Mason Plumlee,29,Denver Nuggets,43862
Matisse Thybulle,22,Philadelphia 76ers,43862
Matt Mooney,22,Cleveland Cavaliers,43862
Matt Thomas,25,Toronto Raptors,43862
Matthew Dellavedova,29,Cleveland Cavaliers,43862
Maurice Harkless,26,Los Angeles Clippers,43862
Maurice Harkless,26,New York Knicks,43862
Max Strus,23,Chicago Bulls,43862
Maxi Kleber,28,Dallas Mavericks,43862
Melvin Frazier,23,Orlando Magic,43862
Meyers Leonard,27,Miami Heat,43862
Mfiondu Kabengele,22,Los Angeles Clippers,43862
Michael Carter-Williams,28,Orlando Magic,43862
Michael Frazier,25,Houston Rockets,43862
Michael Kidd-Gilchrist,26,Charlotte Hornets,43862
Michael Kidd-Gilchrist,26,Dallas Mavericks,43862
Michael Porter Jr.,21,Denver Nuggets,43862
Mikal Bridges,23,Phoenix Suns,43862
Mike Conley,32,Utah Jazz,43862
Mike Muscala,28,Oklahoma City Thunder,43862
Mike Scott,31,Philadelphia 76ers,43862
Miles Bridges,21,Charlotte Hornets,43862
Mitchell Robinson,21,New York Knicks,43862
Miye Oni,22,Utah Jazz,43862
Mo Bamba,21,Orlando Magic,43862
Monte Morris,24,Denver Nuggets,43862
Montrezl Harrell,26,Los Angeles Clippers,43862
Moritz Wagner,22,Washington Wizards,43862
Moses Brown,20,Portland Trail Blazers,43862
Mychal Mulder,25,Golden State Warriors,43862
Myles Turner,23,Indiana Pacers,43862
Nassir Little,19,Portland Trail Blazers,43862
Naz Mitrou-Long,26,Indiana Pacers,43862
Naz Reid,20,Minnesota Timberwolves,43862
Nemanja Bjelica,31,Sacramento Kings,43862
Nerlens Noel,25,Oklahoma City Thunder,43862
Nic Claxton,20,Brooklyn Nets,43862
Nickeil Alexander-Walker,21,New Orleans Pelicans,43862
Nicolas Batum,31,Charlotte Hornets,43862
Nicolò Melli,29,New Orleans Pelicans,43862
Nigel Williams-Goss,25,Utah Jazz,43862
Nikola Jokić,24,Denver Nuggets,43862
Nikola Vučević,29,Orlando Magic,43862
Noah Vonleh,24,Minnesota Timberwolves,43862
Noah Vonleh,24,Denver Nuggets,43862
Norman Powell,26,Toronto Raptors,43862
Norvel Pelle,26,Philadelphia 76ers,43862
OG Anunoby,22,Toronto Raptors,43862
Omari Spellman,22,Golden State Warriors,43862
Oshae Brissett,21,Toronto Raptors,43862
Otto Porter Jr.,26,Chicago Bulls,43862
P.J. Tucker,34,Houston Rockets,43862
P.J. Washington,21,Charlotte Hornets,43862
Pascal Siakam,25,Toronto Raptors,43862
Pat Connaughton,27,Milwaukee Bucks,43862
Patrick Beverley,31,Los Angeles Clippers,43862
Patrick McCaw,24,Toronto Raptors,43862
Patrick Patterson,30,Los Angeles Clippers,43862
Patty Mills,31,San Antonio Spurs,43862
Paul George,29,Los Angeles Clippers,43862
Paul Millsap,34,Denver Nuggets,43862
Paul Watson,25,Toronto Raptors,43862
Paul Watson,25,Atlanta Hawks,43862
PJ Dozier,23,Denver Nuggets,43862
Quinn Cook,26,Los Angeles Lakers,43862
Quinndary Weatherspoon,23,San Antonio Spurs,43862
Rajon Rondo,33,Los Angeles Lakers,43862
Raul Neto,27,Philadelphia 76ers,43862
Rayjon Tucker,22,Utah Jazz,43862
Reggie Bullock,28,New York Knicks,43862
Reggie Jackson,29,Detroit Pistons,43862
Reggie Jackson,29,Los Angeles Clippers,43862
Richaun Holmes,26,Sacramento Kings,43862
Ricky Rubio,29,Phoenix Suns,43862
RJ Barrett,19,New York Knicks,43862
Robert Covington,29,Minnesota Timberwolves,43862
Robert Covington,29,Houston Rockets,43862
Robert Williams,22,Boston Celtics,43862
Robin Lopez,31,Milwaukee Bucks,43862
Rodions Kurucs,21,Brooklyn Nets,43862
Rodney Hood,27,Portland Trail Blazers,43862
Rodney McGruder,28,Los Angeles Clippers,43862
Romeo Langford,20,Boston Celtics,43862
Rondae Hollis-Jefferson,25,Toronto Raptors,43862
Royce O'Neale,26,Utah Jazz,43862
Rudy Gay,33,San Antonio Spurs,43862
Rudy Gobert,27,Utah Jazz,43862
Rui Hachimura,21,Washington Wizards,43862
Russell Westbrook,31,Houston Rockets,43862
Ryan Anderson,31,Houston Rockets,43862
Ryan Arcidiacono,25,Chicago Bulls,43862
Ryan Broekhoff,29,Dallas Mavericks,43862
Sekou Doumbouya,19,Detroit Pistons,43862
Semi Ojeleye,25,Boston Celtics,43862
Serge Ibaka,30,Toronto Raptors,43862
Seth Curry,29,Dallas Mavericks,43862
Shabazz Napier,28,Minnesota Timberwolves,43862
Shabazz Napier,28,Washington Wizards,43862
Shai Gilgeous-Alexander,21,Oklahoma City Thunder,43862
Shake Milton,23,Philadelphia 76ers,43862
Shamorie Ponds,21,Toronto Raptors,43862
Shaquille Harrison,26,Chicago Bulls,43862
Sindarius Thornwell,25,New Orleans Pelicans,43862
Skal Labissière,23,Portland Trail Blazers,43862
Solomon Hill,28,Memphis Grizzlies,43862
Solomon Hill,28,Miami Heat,43862
Spencer Dinwiddie,26,Brooklyn Nets,43862
Stanley Johnson,23,Toronto Raptors,43862
Stanton Kidd,27,Utah Jazz,43862
Stephen Curry,31,Golden State Warriors,43862
Sterling Brown,24,Milwaukee Bucks,43862
Steven Adams,26,Oklahoma City Thunder,43862
Svi Mykhailiuk,22,Detroit Pistons,43862
T.J. Leaf,22,Indiana Pacers,43862
T.J. McConnell,27,Indiana Pacers,43862
T.J. Warren,26,Indiana Pacers,43862
Tacko Fall,24,Boston Celtics,43862
Taj Gibson,34,New York Knicks,43862
Talen Horton-Tucker,19,Los Angeles Lakers,43862
Tariq Owens,24,Phoenix Suns,43862
Taurean Prince,25,Brooklyn Nets,43862
Terance Mann,23,Los Angeles Clippers,43862
Terence Davis,22,Toronto Raptors,43862
Terrance Ferguson,21,Oklahoma City Thunder,43862
Terrence Ross,28,Orlando Magic,43862
Terry Rozier,25,Charlotte Hornets,43862
Thabo Sefolosha,35,Houston Rockets,43862
Thaddeus Young,31,Chicago Bulls,43862
Thanasis Antetokounmpo,27,Milwaukee Bucks,43862
Theo Pinson,24,Brooklyn Nets,43862
Thomas Bryant,22,Washington Wizards,43862
Thon Maker,22,Detroit Pistons,43862
Tim Frazier,29,Detroit Pistons,43862
Tim Hardaway Jr.,27,Dallas Mavericks,43862
Timothé Luwawu-Cabarrot,24,Brooklyn Nets,43862
Tobias Harris,27,Philadelphia 76ers,43862
Tomáš Satoranský,28,Chicago Bulls,43862
Tony Bradley,22,Utah Jazz,43862
Tony Snell,28,Detroit Pistons,43862
Torrey Craig,29,Denver Nuggets,43862
Trae Young,21,Atlanta Hawks,43862
Tremont Waters,22,Boston Celtics,43862
Treveon Graham,26,Minnesota Timberwolves,43862
Treveon Graham,26,Atlanta Hawks,43862
Trevor Ariza,34,Portland Trail Blazers,43862
Trevor Ariza,34,Sacramento Kings,43862
Trey Burke,27,Philadelphia 76ers,43862
Trey Burke,27,Dallas Mavericks,43862
Trey Lyles,24,San Antonio Spurs,43862
Tristan Thompson,28,Cleveland Cavaliers,43862
Troy Brown Jr.,20,Washington Wizards,43862
Troy Daniels,28,Los Angeles Lakers,43862
Troy Daniels,28,Denver Nuggets,43862
Ty Jerome,22,Phoenix Suns,43862
Tyler Cook,22,Cleveland Cavaliers,43862
Tyler Cook,22,Denver Nuggets,43862
Tyler Herro,20,Miami Heat,43862
Tyler Johnson,27,Phoenix Suns,43862
Tyler Johnson,27,Brooklyn Nets,43862
Tyler Zeller,30,San Antonio Spurs,43862
Tyrone Wallace,25,Atlanta Hawks,43862
Tyson Chandler,37,Houston Rockets,43862
Tyus Jones,23,Memphis Grizzlies,43862
Udonis Haslem,39,Miami Heat,43862
Vic Law,24,Orlando Magic,43862
Victor Oladipo,27,Indiana Pacers,43862
Vince Carter,43,Atlanta Hawks,43862
Vincent Poirier,26,Boston Celtics,43862
Vlatko Čančar,22,Denver Nuggets,43862
Wayne Ellington,32,New York Knicks,43862
Wendell Carter Jr.,20,Chicago Bulls,43862
Wenyen Gabriel,22,Portland Trail Blazers,43862
Wenyen Gabriel,22,Sacramento Kings,43862
Wes Iwundu,25,Orlando Magic,43862
Wesley Matthews,33,Milwaukee Bucks,43862
Will Barton,29,Denver Nuggets,43862
William Howard,26,Houston Rockets,43862
Willie Cauley-Stein,26,Golden State Warriors,43862
Willie Cauley-Stein,26,Dallas Mavericks,43862
Willy Hernangómez,25,Charlotte Hornets,43862
Wilson Chandler,32,Brooklyn Nets,43862
Yogi Ferrell,26,Sacramento Kings,43862
Yuta Watanabe,25,Memphis Grizzlies,43862
Zach Collins,22,Portland Trail Blazers,43862
Zach LaVine,24,Chicago Bulls,43862
Zach Norvell,22,Golden State Warriors,43862
Zach Norvell,22,Los Angeles Lakers,43862
Zhaire Smith,20,Philadelphia 76ers,43862
Zion Williamson,19,New Orleans Pelicans,43862
Zylan Cheatham,24,New Orleans Pelicans,43862
Aaron Gordon,25,Orlando Magic,44228
Aaron Gordon,25,Denver Nuggets,44228
Aaron Holiday,24,Indiana Pacers,44228
Aaron Nesmith,21,Boston Celtics,44228
Abdel Nader,27,Phoenix Suns,44228
Adam Mokoka,22,Chicago Bulls,44228
Al Horford,34,Oklahoma City Thunder,44228
Alec Burks,29,New York Knicks,44228
Aleksej Pokusevski,19,Oklahoma City Thunder,44228
Alen Smailagić,20,Golden State Warriors,44228
Alex Caruso,26,Los Angeles Lakers,44228
Alex Len,27,Washington Wizards,44228
Alex Len,27,Toronto Raptors,44228
Al-Farouq Aminu,30,Orlando Magic,44228
Al-Farouq Aminu,30,Chicago Bulls,44228
Alfonzo McKinnie,28,Los Angeles Lakers,44228
Alize Johnson,24,Brooklyn Nets,44228
Amida Brimah,26,Indiana Pacers,44228
Amir Coffey,23,Los Angeles Clippers,44228
Anderson Varejão,38,Cleveland Cavaliers,44228
Andre Drummond,27,Cleveland Cavaliers,44228
Andre Drummond,27,Los Angeles Lakers,44228
Andre Iguodala,37,Miami Heat,44228
Andre Roberson,29,Brooklyn Nets,44228
Andrew Wiggins,25,Golden State Warriors,44228
Anfernee Simons,21,Portland Trail Blazers,44228
Anthony Davis,27,Los Angeles Lakers,44228
Anthony Edwards,19,Minnesota Timberwolves,44228
Anthony Gill,28,Washington Wizards,44228
Anthony Lamb,23,Houston Rockets,44228
Anthony Tolliver,35,Philadelphia 76ers,44228
Anžejs Pasečņiks,25,Washington Wizards,44228
Armoni Brooks,22,Houston Rockets,44228
Aron Baynes,34,Toronto Raptors,44228
Ashton Hagans,21,Minnesota Timberwolves,44228
Austin Rivers,28,New York Knicks,44228
Austin Rivers,28,Denver Nuggets,44228
Avery Bradley,30,Houston Rockets,44228
Avery Bradley,30,Miami Heat,44228
Axel Toupane,28,Milwaukee Bucks,44228
Bam Adebayo,23,Miami Heat,44228
Ben McLemore,27,Houston Rockets,44228
Ben McLemore,27,Los Angeles Lakers,44228
Ben Simmons,24,Philadelphia 76ers,44228
Bismack Biyombo,28,Charlotte Hornets,44228
Blake Griffin,31,Brooklyn Nets,44228
Blake Griffin,31,Detroit Pistons,44228
Boban Marjanović,32,Dallas Mavericks,44228
Bobby Portis,25,Milwaukee Bucks,44228
Bogdan Bogdanović,28,Atlanta Hawks,44228
Bojan Bogdanović,31,Utah Jazz,44228
Bol Bol,21,Denver Nuggets,44228
Brad Wanamaker,31,Golden State Warriors,44228
Brad Wanamaker,31,Charlotte Hornets,44228
Bradley Beal,27,Washington Wizards,44228
Brandon Clarke,24,Memphis Grizzlies,44228
Brandon Goodwin,25,Atlanta Hawks,44228
Brandon Ingram,23,New Orleans Pelicans,44228
Brian Bowen,22,Indiana Pacers,44228
Brodric Thomas,24,Cleveland Cavaliers,44228
Brodric Thomas,24,Houston Rockets,44228
Brook Lopez,32,Milwaukee Bucks,44228
Bruce Brown,24,Brooklyn Nets,44228
Bruno Caboclo,25,Houston Rockets,44228
Bruno Fernando,22,Atlanta Hawks,44228
Bryn Forbes,27,Milwaukee Bucks,44228
Buddy Hield,28,Sacramento Kings,44228
Caleb Martin,25,Charlotte Hornets,44228
Cam Reddish,21,Atlanta Hawks,44228
Cameron Johnson,24,Phoenix Suns,44228
Cameron Oliver,24,Houston Rockets,44228
Cameron Payne,26,Phoenix Suns,44228
Cameron Reynolds,25,Houston Rockets,44228
Cameron Reynolds,25,San Antonio Spurs,44228
Caris LeVert,26,Indiana Pacers,44228
Caris LeVert,26,Brooklyn Nets,44228
Carmelo Anthony,36,Portland Trail Blazers,44228
Carsen Edwards,22,Boston Celtics,44228
Cassius Stanley,21,Indiana Pacers,44228
Cassius Winston,22,Washington Wizards,44228
Cedi Osman,25,Cleveland Cavaliers,44228
Chandler Hutchison,24,Washington Wizards,44228
Chandler Hutchison,24,Chicago Bulls,44228
Charlie Brown Jr.,23,Oklahoma City Thunder,44228
Chasson Randle,27,Orlando Magic,44228
Chimezie Metu,23,Sacramento Kings,44228
Chris Boucher,28,Toronto Raptors,44228
Chris Chiozza,25,Brooklyn Nets,44228
Chris Paul,35,Phoenix Suns,44228
Chris Silva,24,Miami Heat,44228
Chris Silva,24,Sacramento Kings,44228
Christian Wood,25,Houston Rockets,44228
Chuma Okeke,22,Orlando Magic,44228
CJ Elleby,20,Portland Trail Blazers,44228
CJ McCollum,29,Portland Trail Blazers,44228
Clint Capela,26,Atlanta Hawks,44228
Coby White,20,Chicago Bulls,44228
Cody Martin,25,Charlotte Hornets,44228
Cody Zeller,28,Charlotte Hornets,44228
Cole Anthony,20,Orlando Magic,44228
Collin Sexton,22,Cleveland Cavaliers,44228
Cory Joseph,29,Sacramento Kings,44228
Cory Joseph,29,Detroit Pistons,44228
Cristiano Felício,28,Chicago Bulls,44228
D.J. Augustin,33,Milwaukee Bucks,44228
D.J. Augustin,33,Houston Rockets,44228
D.J. Wilson,24,Houston Rockets,44228
D.J. Wilson,24,Milwaukee Bucks,44228
Dakota Mathias,25,Philadelphia 76ers,44228
Damian Jones,25,Sacramento Kings,44228
Damian Jones,25,Los Angeles Lakers,44228
Damian Jones,25,Phoenix Suns,44228
Damian Lillard,30,Portland Trail Blazers,44228
Damion Lee,28,Golden State Warriors,44228
Damyean Dotson,26,Cleveland Cavaliers,44228
D'Angelo Russell,24,Minnesota Timberwolves,44228
Daniel Gafford,22,Washington Wizards,44228
Daniel Gafford,22,Chicago Bulls,44228
Daniel Oturu,21,Los Angeles Clippers,44228
Daniel Theis,28,Boston Celtics,44228
Daniel Theis,28,Chicago Bulls,44228
Danilo Gallinari,32,Atlanta Hawks,44228
Danny Green,33,Philadelphia 76ers,44228
Dante Exum,25,Cleveland Cavaliers,44228
Danuel House Jr.,27,Houston Rockets,44228
DaQuan Jeffries,23,Houston Rockets,44228
DaQuan Jeffries,23,Sacramento Kings,44228
Dario Šarić,26,Phoenix Suns,44228
Darius Bazley,20,Oklahoma City Thunder,44228
Darius Garland,21,Cleveland Cavaliers,44228
Darius Miller,30,Oklahoma City Thunder,44228
David Nwaba,28,Houston Rockets,44228
Dāvis Bertāns,28,Washington Wizards,44228
De'Aaron Fox,23,Sacramento Kings,44228
Dean Wade,24,Cleveland Cavaliers,44228
Deandre Ayton,22,Phoenix Suns,44228
DeAndre' Bembry,26,Toronto Raptors,44228
De'Andre Hunter,23,Atlanta Hawks,44228
DeAndre Jordan,32,Brooklyn Nets,44228
De'Anthony Melton,22,Memphis Grizzlies,44228
Deividas Sirvydis,20,Detroit Pistons,44228
Dejounte Murray,24,San Antonio Spurs,44228
Delon Wright,28,Detroit Pistons,44228
Delon Wright,28,Sacramento Kings,44228
DeMar DeRozan,31,San Antonio Spurs,44228
DeMarcus Cousins,30,Houston Rockets,44228
DeMarcus Cousins,30,Los Angeles Clippers,44228
Deni Avdija,20,Washington Wizards,44228
Dennis Schröder,27,Los Angeles Lakers,44228
Dennis Smith Jr.,23,Detroit Pistons,44228
Dennis Smith Jr.,23,New York Knicks,44228
Denzel Valentine,27,Chicago Bulls,44228
Derrick Favors,29,Utah Jazz,44228
Derrick Jones Jr.,23,Portland Trail Blazers,44228
Derrick Rose,32,New York Knicks,44228
Derrick Rose,32,Detroit Pistons,44228
Derrick White,26,San Antonio Spurs,44228
Desmond Bane,22,Memphis Grizzlies,44228
Devin Booker,24,Phoenix Suns,44228
Devin Cannady,24,Orlando Magic,44228
Devin Vassell,20,San Antonio Spurs,44228
Devon Dotson,21,Chicago Bulls,44228
Devontae Cacok,24,Los Angeles Lakers,44228
Devonte' Graham,25,Charlotte Hornets,44228
Dewayne Dedmon,31,Miami Heat,44228
Didi Louzada,21,New Orleans Pelicans,44228
Dillon Brooks,25,Memphis Grizzlies,44228
Domantas Sabonis,24,Indiana Pacers,44228
Donovan Mitchell,24,Utah Jazz,44228
Donta Hall,23,Orlando Magic,44228
Donte DiVincenzo,24,Milwaukee Bucks,44228
Dorian Finney-Smith,27,Dallas Mavericks,44228
Doug McDermott,29,Indiana Pacers,44228
Draymond Green,30,Golden State Warriors,44228
Drew Eubanks,23,San Antonio Spurs,44228
Duncan Robinson,26,Miami Heat,44228
Dwayne Bacon,25,Orlando Magic,44228
Dwight Howard,35,Philadelphia 76ers,44228
Dwight Powell,29,Dallas Mavericks,44228
Dylan Windler,24,Cleveland Cavaliers,44228
Ed Davis,31,Minnesota Timberwolves,44228
Edmond Sumner,25,Indiana Pacers,44228
Elfrid Payton,26,New York Knicks,44228
Elijah Bryant,25,Milwaukee Bucks,44228
Elijah Hughes,22,Utah Jazz,44228
Enes Freedom,28,Portland Trail Blazers,44228
Eric Bledsoe,31,New Orleans Pelicans,44228
Eric Gordon,32,Houston Rockets,44228
Eric Paschall,24,Golden State Warriors,44228
Ersan İlyasova,33,Utah Jazz,44228
E'Twaun Moore,31,Phoenix Suns,44228
Evan Fournier,28,Orlando Magic,44228
Evan Fournier,28,Boston Celtics,44228
Facundo Campazzo,29,Denver Nuggets,44228
Frank Jackson,22,Detroit Pistons,44228
Frank Kaminsky,27,Phoenix Suns,44228
Frank Mason III,26,Orlando Magic,44228
Frank Ntilikina,22,New York Knicks,44228
Fred VanVleet,26,Toronto Raptors,44228
Freddie Gillespie,23,Toronto Raptors,44228
Furkan Korkmaz,23,Philadelphia 76ers,44228
Gabe Vincent,24,Miami Heat,44228
Gabriel Deck,25,Oklahoma City Thunder,44228
Garrett Temple,34,Chicago Bulls,44228
Garrison Mathews,24,Washington Wizards,44228
Gary Clark,26,Orlando Magic,44228
Gary Clark,26,Philadelphia 76ers,44228
Gary Clark,26,Denver Nuggets,44228
Gary Harris,26,Orlando Magic,44228
Gary Harris,26,Denver Nuggets,44228
Gary Payton II,28,Golden State Warriors,44228
Gary Trent Jr.,22,Portland Trail Blazers,44228
Gary Trent Jr.,22,Toronto Raptors,44228
George Hill,34,Oklahoma City Thunder,44228
George Hill,34,Philadelphia 76ers,44228
Georges Niang,27,Utah Jazz,44228
Giannis Antetokounmpo,26,Milwaukee Bucks,44228
Glenn Robinson III,27,Sacramento Kings,44228
Goga Bitadze,21,Indiana Pacers,44228
Goran Dragić,34,Miami Heat,44228
Gordon Hayward,30,Charlotte Hornets,44228
Gorgui Dieng,31,Memphis Grizzlies,44228
Gorgui Dieng,31,San Antonio Spurs,44228
Grant Riller,23,Charlotte Hornets,44228
Grant Williams,22,Boston Celtics,44228
Grayson Allen,25,Memphis Grizzlies,44228
Greg Whittington,27,Denver Nuggets,44228
Hamidou Diallo,22,Oklahoma City Thunder,44228
Hamidou Diallo,22,Detroit Pistons,44228
Harrison Barnes,28,Sacramento Kings,44228
Harry Giles,22,Portland Trail Blazers,44228
Hassan Whiteside,31,Sacramento Kings,44228
Henry Ellenson,24,Toronto Raptors,44228
Ignas Brazdeikis,22,Orlando Magic,44228
Ignas Brazdeikis,22,New York Knicks,44228
Ignas Brazdeikis,22,Philadelphia 76ers,44228
Iman Shumpert,30,Brooklyn Nets,44228
Immanuel Quickley,21,New York Knicks,44228
Isaac Bonga,21,Washington Wizards,44228
Isaac Okoro,20,Cleveland Cavaliers,44228
Isaiah Hartenstein,22,Cleveland Cavaliers,44228
Isaiah Hartenstein,22,Denver Nuggets,44228
Isaiah Joe,21,Philadelphia 76ers,44228
Isaiah Roby,22,Oklahoma City Thunder,44228
Isaiah Stewart,19,Detroit Pistons,44228
Isaiah Thomas,31,New Orleans Pelicans,44228
Ish Smith,32,Washington Wizards,44228
Ivica Zubac,23,Los Angeles Clippers,44228
J.J. Redick,36,New Orleans Pelicans,44228
J.J. Redick,36,Dallas Mavericks,44228
Ja Morant,21,Memphis Grizzlies,44228
Jabari Parker,25,Boston Celtics,44228
Jabari Parker,25,Sacramento Kings,44228
Jaden McDaniels,20,Minnesota Timberwolves,44228
Jae Crowder,30,Phoenix Suns,44228
Jae'Sean Tate,25,Houston Rockets,44228
Jahlil Okafor,25,Detroit Pistons,44228
Jahmi'us Ramsey,19,Sacramento Kings,44228
JaKarr Sampson,27,Indiana Pacers,44228
Jake Layman,26,Minnesota Timberwolves,44228
Jakob Poeltl,25,San Antonio Spurs,44228
Jalen Brunson,24,Dallas Mavericks,44228
Jalen Harris,22,Toronto Raptors,44228
Jalen Lecque,20,Indiana Pacers,44228
Jalen McDaniels,23,Charlotte Hornets,44228
Jalen Smith,20,Phoenix Suns,44228
Jamal Murray,23,Denver Nuggets,44228
James Ennis III,30,Orlando Magic,44228
James Harden,31,Brooklyn Nets,44228
James Harden,31,Houston Rockets,44228
James Johnson,33,New Orleans Pelicans,44228
James Johnson,33,Dallas Mavericks,44228
James Nunnally,30,New Orleans Pelicans,44228
James Wiseman,19,Golden State Warriors,44228
JaMychal Green,30,Denver Nuggets,44228
Jared Dudley,35,Los Angeles Lakers,44228
Jared Harper,23,New York Knicks,44228
Jaren Jackson Jr.,21,Memphis Grizzlies,44228
Jarred Vanderbilt,21,Minnesota Timberwolves,44228
Jarrell Brantley,24,Utah Jazz,44228
Jarrett Allen,22,Cleveland Cavaliers,44228
Jarrett Allen,22,Brooklyn Nets,44228
Jarrett Culver,21,Minnesota Timberwolves,44228
JaVale McGee,33,Cleveland Cavaliers,44228
JaVale McGee,33,Denver Nuggets,44228
Javonte Green,27,Boston Celtics,44228
Javonte Green,27,Chicago Bulls,44228
Jaxson Hayes,20,New Orleans Pelicans,44228
Jay Scrubb,20,Los Angeles Clippers,44228
Jaylen Adams,24,Milwaukee Bucks,44228
Jaylen Brown,24,Boston Celtics,44228
Jaylen Hoard,21,Oklahoma City Thunder,44228
Jaylen Nowell,21,Minnesota Timberwolves,44228
Jayson Tatum,22,Boston Celtics,44228
Jeff Green,34,Brooklyn Nets,44228
Jeff Teague,32,Boston Celtics,44228
Jeff Teague,32,Milwaukee Bucks,44228
Jerami Grant,26,Detroit Pistons,44228
Jeremiah Martin,24,Cleveland Cavaliers,44228
Jeremy Lamb,28,Indiana Pacers,44228
Jerome Robinson,23,Washington Wizards,44228
Jevon Carter,25,Phoenix Suns,44228
Jimmy Butler,31,Miami Heat,44228
Joe Harris,29,Brooklyn Nets,44228
Joe Ingles,33,Utah Jazz,44228
Joel Embiid,26,Philadelphia 76ers,44228
John Collins,23,Atlanta Hawks,44228
John Konchar,24,Memphis Grizzlies,44228
John Wall,30,Houston Rockets,44228
Jonas Valančiūnas,28,Memphis Grizzlies,44228
Jontay Porter,21,Memphis Grizzlies,44228
Jordan Bell,26,Washington Wizards,44228
Jordan Bell,26,Golden State Warriors,44228
Jordan Bone,23,Orlando Magic,44228
Jordan Clarkson,28,Utah Jazz,44228
Jordan McLaughlin,24,Minnesota Timberwolves,44228
Jordan Nwora,22,Milwaukee Bucks,44228
Jordan Poole,21,Golden State Warriors,44228
Josh Green,20,Dallas Mavericks,44228
Josh Hall,20,Oklahoma City Thunder,44228
Josh Hart,25,New Orleans Pelicans,44228
Josh Jackson,23,Detroit Pistons,44228
Josh Okogie,22,Minnesota Timberwolves,44228
Josh Richardson,27,Dallas Mavericks,44228
Jrue Holiday,30,Milwaukee Bucks,44228
Juan Toscano-Anderson,27,Golden State Warriors,44228
Juancho Hernangómez,25,Minnesota Timberwolves,44228
Julius Randle,26,New York Knicks,44228
Justin Holiday,31,Indiana Pacers,44228
Justin Jackson,25,Oklahoma City Thunder,44228
Justin Jackson,25,Milwaukee Bucks,44228
Justin James,24,Sacramento Kings,44228
Justin Patton,23,Houston Rockets,44228
Justin Robinson,23,Oklahoma City Thunder,44228
Justise Winslow,24,Memphis Grizzlies,44228
Jusuf Nurkić,26,Portland Trail Blazers,44228
Juwan Morgan,23,Utah Jazz,44228
Karim Mané,20,Orlando Magic,44228
Karl-Anthony Towns,25,Minnesota Timberwolves,44228
Kawhi Leonard,29,Los Angeles Clippers,44228
Keita Bates-Diop,25,San Antonio Spurs,44228
Kelan Martin,25,Indiana Pacers,44228
Keldon Johnson,21,San Antonio Spurs,44228
Keljin Blevins,25,Portland Trail Blazers,44228
Kelly Olynyk,29,Houston Rockets,44228
Kelly Olynyk,29,Miami Heat,44228
Kelly Oubre Jr.,25,Golden State Warriors,44228
Kemba Walker,30,Boston Celtics,44228
Kendrick Nunn,25,Miami Heat,44228
Kenrich Williams,26,Oklahoma City Thunder,44228
Kent Bazemore,31,Golden State Warriors,44228
Kentavious Caldwell-Pope,27,Los Angeles Lakers,44228
Kenyon Martin Jr.,20,Houston Rockets,44228
Kevin Durant,32,Brooklyn Nets,44228
Kevin Huerter,22,Atlanta Hawks,44228
Kevin Knox,21,New York Knicks,44228
Kevin Love,32,Cleveland Cavaliers,44228
Kevin Porter Jr.,20,Houston Rockets,44228
Kevon Looney,24,Golden State Warriors,44228
Khem Birch,28,Orlando Magic,44228
Khem Birch,28,Toronto Raptors,44228
Khris Middleton,29,Milwaukee Bucks,44228
Khyri Thomas,24,Houston Rockets,44228
Killian Hayes,19,Detroit Pistons,44228
Killian Tillie,22,Memphis Grizzlies,44228
Kira Lewis Jr.,19,New Orleans Pelicans,44228
Kostas Antetokounmpo,23,Los Angeles Lakers,44228
Kris Dunn,26,Atlanta Hawks,44228
Kristaps Porziņģis,25,Dallas Mavericks,44228
Kyle Anderson,27,Memphis Grizzlies,44228
Kyle Guy,23,Sacramento Kings,44228
Kyle Kuzma,25,Los Angeles Lakers,44228
Kyle Lowry,34,Toronto Raptors,44228
Kyrie Irving,28,Brooklyn Nets,44228
KZ Okpala,21,Miami Heat,44228
Lamar Stevens,23,Cleveland Cavaliers,44228
LaMarcus Aldridge,35,San Antonio Spurs,44228
LaMarcus Aldridge,35,Brooklyn Nets,44228
LaMelo Ball,19,Charlotte Hornets,44228
Landry Shamet,23,Brooklyn Nets,44228
Langston Galloway,29,Phoenix Suns,44228
Larry Nance Jr.,28,Cleveland Cavaliers,44228
Lauri Markkanen,23,Chicago Bulls,44228
LeBron James,36,Los Angeles Lakers,44228
Lonnie Walker IV,22,San Antonio Spurs,44228
Lonzo Ball,23,New Orleans Pelicans,44228
Lou Williams,34,Los Angeles Clippers,44228
Lou Williams,34,Atlanta Hawks,44228
Louis King,21,Sacramento Kings,44228
Luguentz Dort,21,Oklahoma City Thunder,44228
Luka Dončić,21,Dallas Mavericks,44228
Luka Šamanić,21,San Antonio Spurs,44228
Luke Kennard,24,Los Angeles Clippers,44228
Luke Kornet,25,Boston Celtics,44228
Luke Kornet,25,Chicago Bulls,44228
Malachi Flynn,22,Toronto Raptors,44228
Malcolm Brogdon,28,Indiana Pacers,44228
Malik Beasley,24,Minnesota Timberwolves,44228
Malik Fitts,23,Los Angeles Clippers,44228
Malik Monk,22,Charlotte Hornets,44228
Mamadi Diakite,24,Milwaukee Bucks,44228
Marc Gasol,36,Los Angeles Lakers,44228
Marcus Morris,31,Los Angeles Clippers,44228
Marcus Smart,26,Boston Celtics,44228
Markelle Fultz,22,Orlando Magic,44228
Markieff Morris,31,Los Angeles Lakers,44228
Markus Howard,21,Denver Nuggets,44228
Marques Bolden,22,Cleveland Cavaliers,44228
Marquese Chriss,23,Golden State Warriors,44228
Marvin Bagley III,21,Sacramento Kings,44228
Mason Jones,22,Houston Rockets,44228
Mason Jones,22,Philadelphia 76ers,44228
Mason Plumlee,30,Detroit Pistons,44228
Matisse Thybulle,23,Philadelphia 76ers,44228
Matt Thomas,26,Toronto Raptors,44228
Matt Thomas,26,Utah Jazz,44228
Matthew Dellavedova,30,Cleveland Cavaliers,44228
Maurice Harkless,27,Sacramento Kings,44228
Maurice Harkless,27,Miami Heat,44228
Max Strus,24,Miami Heat,44228
Maxi Kleber,29,Dallas Mavericks,44228
Meyers Leonard,28,Miami Heat,44228
Mfiondu Kabengele,23,Cleveland Cavaliers,44228
Mfiondu Kabengele,23,Los Angeles Clippers,44228
Michael Carter-Williams,29,Orlando Magic,44228
Michael Porter Jr.,22,Denver Nuggets,44228
Mikal Bridges,24,Phoenix Suns,44228
Mike Conley,33,Utah Jazz,44228
Mike James (18),30,Brooklyn Nets,44228
Mike Muscala,29,Oklahoma City Thunder,44228
Mike Scott,32,Philadelphia 76ers,44228
Miles Bridges,22,Charlotte Hornets,44228
Mitchell Robinson,22,New York Knicks,44228
Miye Oni,23,Utah Jazz,44228
Mo Bamba,22,Orlando Magic,44228
Monte Morris,25,Denver Nuggets,44228
Montrezl Harrell,27,Los Angeles Lakers,44228
Moritz Wagner,23,Washington Wizards,44228
Moritz Wagner,23,Orlando Magic,44228
Moritz Wagner,23,Boston Celtics,44228
Moses Brown,21,Oklahoma City Thunder,44228
Mychal Mulder,26,Golden State Warriors,44228
Myles Turner,24,Indiana Pacers,44228
Naji Marshall,23,New Orleans Pelicans,44228
Nassir Little,20,Portland Trail Blazers,44228
Nate Darling,22,Charlotte Hornets,44228
Nate Hinton,21,Dallas Mavericks,44228
Nathan Knight,23,Atlanta Hawks,44228
Naz Reid,21,Minnesota Timberwolves,44228
Nemanja Bjelica,32,Sacramento Kings,44228
Nemanja Bjelica,32,Miami Heat,44228
Nerlens Noel,26,New York Knicks,44228
Nic Claxton,21,Brooklyn Nets,44228
Nick Richards,23,Charlotte Hornets,44228
Nickeil Alexander-Walker,22,New Orleans Pelicans,44228
Nico Mannion,19,Golden State Warriors,44228
Nicolas Batum,32,Los Angeles Clippers,44228
Nicolò Melli,30,Dallas Mavericks,44228
Nicolò Melli,30,New Orleans Pelicans,44228
Nikola Jokić,25,Denver Nuggets,44228
Nikola Vučević,30,Orlando Magic,44228
Nikola Vučević,30,Chicago Bulls,44228
Noah Vonleh,25,Brooklyn Nets,44228
Norman Powell,27,Toronto Raptors,44228
Norman Powell,27,Portland Trail Blazers,44228
Norvel Pelle,27,New York Knicks,44228
Norvel Pelle,27,Brooklyn Nets,44228
Norvel Pelle,27,Sacramento Kings,44228
Obi Toppin,22,New York Knicks,44228
OG Anunoby,23,Toronto Raptors,44228
Onyeka Okongwu,20,Atlanta Hawks,44228
Oshae Brissett,22,Indiana Pacers,44228
Otto Porter Jr.,27,Chicago Bulls,44228
Otto Porter Jr.,27,Orlando Magic,44228
P.J. Tucker,35,Houston Rockets,44228
P.J. Tucker,35,Milwaukee Bucks,44228
P.J. Washington,22,Charlotte Hornets,44228
Pascal Siakam,26,Toronto Raptors,44228
Pat Connaughton,28,Milwaukee Bucks,44228
Patrick Beverley,32,Los Angeles Clippers,44228
Patrick McCaw,25,Toronto Raptors,44228
Patrick Patterson,31,Los Angeles Clippers,44228
Patrick Williams,19,Chicago Bulls,44228
Patty Mills,32,San Antonio Spurs,44228
Paul George,30,Los Angeles Clippers,44228
Paul Millsap,35,Denver Nuggets,44228
Paul Reed,21,Philadelphia 76ers,44228
Paul Watson,26,Toronto Raptors,44228
Payton Pritchard,23,Boston Celtics,44228
PJ Dozier,24,Denver Nuggets,44228
Precious Achiuwa,21,Miami Heat,44228
Quinn Cook,27,Cleveland Cavaliers,44228
Quinn Cook,27,Los Angeles Lakers,44228
Quinndary Weatherspoon,24,San Antonio Spurs,44228
R.J. Hampton,19,Orlando Magic,44228
R.J. Hampton,19,Denver Nuggets,44228
Rajon Rondo,34,Los Angeles Clippers,44228
Rajon Rondo,34,Atlanta Hawks,44228
Raul Neto,28,Washington Wizards,44228
Ray Spalding,23,Houston Rockets,44228
Rayjon Tucker,23,Philadelphia 76ers,44228
Reggie Bullock,29,New York Knicks,44228
Reggie Jackson,30,Los Angeles Clippers,44228
Reggie Perry,20,Brooklyn Nets,44228
Richaun Holmes,27,Sacramento Kings,44228
Ricky Rubio,30,Minnesota Timberwolves,44228
RJ Barrett,20,New York Knicks,44228
Robert Covington,30,Portland Trail Blazers,44228
Robert Franks,24,Orlando Magic,44228
Robert Williams,23,Boston Celtics,44228
Robert Woodard II,21,Sacramento Kings,44228
Robin Lopez,32,Washington Wizards,44228
Rodions Kurucs,22,Houston Rockets,44228
Rodions Kurucs,22,Milwaukee Bucks,44228
Rodions Kurucs,22,Brooklyn Nets,44228
Rodney Hood,28,Portland Trail Blazers,44228
Rodney Hood,28,Toronto Raptors,44228
Rodney McGruder,29,Detroit Pistons,44228
Romeo Langford,21,Boston Celtics,44228
Rondae Hollis-Jefferson,26,Portland Trail Blazers,44228
Royce O'Neale,27,Utah Jazz,44228
Rudy Gay,34,San Antonio Spurs,44228
Rudy Gobert,28,Utah Jazz,44228
Rui Hachimura,22,Washington Wizards,44228
Russell Westbrook,32,Washington Wizards,44228
Ryan Arcidiacono,26,Chicago Bulls,44228
Saben Lee,21,Detroit Pistons,44228
Saddiq Bey,21,Detroit Pistons,44228
Sam Merrill,24,Milwaukee Bucks,44228
Sean McDermott,24,Memphis Grizzlies,44228
Sekou Doumbouya,20,Detroit Pistons,44228
Semi Ojeleye,26,Boston Celtics,44228
Serge Ibaka,31,Los Angeles Clippers,44228
Seth Curry,30,Philadelphia 76ers,44228
Shai Gilgeous-Alexander,22,Oklahoma City Thunder,44228
Shake Milton,24,Philadelphia 76ers,44228
Shaquille Harrison,27,Denver Nuggets,44228
Shaquille Harrison,27,Utah Jazz,44228
Sindarius Thornwell,26,Orlando Magic,44228
Sindarius Thornwell,26,New Orleans Pelicans,44228
Skylar Mays,23,Atlanta Hawks,44228
Solomon Hill,29,Atlanta Hawks,44228
Spencer Dinwiddie,27,Brooklyn Nets,44228
Stanley Johnson,24,Toronto Raptors,44228
Stephen Curry,32,Golden State Warriors,44228
Sterling Brown,25,Houston Rockets,44228
Steven Adams,27,New Orleans Pelicans,44228
Svi Mykhailiuk,23,Oklahoma City Thunder,44228
Svi Mykhailiuk,23,Detroit Pistons,44228
T.J. Leaf,23,Portland Trail Blazers,44228
T.J. McConnell,28,Indiana Pacers,44228
T.J. Warren,27,Indiana Pacers,44228
Tacko Fall,25,Boston Celtics,44228
Taj Gibson,35,New York Knicks,44228
Talen Horton-Tucker,20,Los Angeles Lakers,44228
Taurean Prince,26,Cleveland Cavaliers,44228
Taurean Prince,26,Brooklyn Nets,44228
Terance Mann,24,Los Angeles Clippers,44228
Terence Davis,23,Sacramento Kings,44228
Terence Davis,23,Toronto Raptors,44228
Terrance Ferguson,22,Philadelphia 76ers,44228
Terrence Ross,29,Orlando Magic,44228
Terry Rozier,26,Charlotte Hornets,44228
Thaddeus Young,32,Chicago Bulls,44228
Thanasis Antetokounmpo,28,Milwaukee Bucks,44228
Théo Maledon,19,Oklahoma City Thunder,44228
Theo Pinson,25,New York Knicks,44228
Thomas Bryant,23,Washington Wizards,44228
Thon Maker,23,Cleveland Cavaliers,44228
Tim Frazier,30,Memphis Grizzlies,44228
Tim Hardaway Jr.,28,Dallas Mavericks,44228
Timothé Luwawu-Cabarrot,25,Brooklyn Nets,44228
Tobias Harris,28,Philadelphia 76ers,44228
Tomáš Satoranský,29,Chicago Bulls,44228
Tony Bradley,23,Oklahoma City Thunder,44228
Tony Bradley,23,Philadelphia 76ers,44228
Tony Snell,29,Atlanta Hawks,44228
Torrey Craig,30,Phoenix Suns,44228
Torrey Craig,30,Milwaukee Bucks,44228
Trae Young,22,Atlanta Hawks,44228
Tre Jones,21,San Antonio Spurs,44228
Tremont Waters,23,Boston Celtics,44228
Trent Forrest,22,Utah Jazz,44228
Trevor Ariza,35,Miami Heat,44228
Trey Burke,28,Dallas Mavericks,44228
Trey Lyles,25,San Antonio Spurs,44228
Tristan Thompson,29,Boston Celtics,44228
Troy Brown Jr.,21,Washington Wizards,44228
Troy Brown Jr.,21,Chicago Bulls,44228
Ty Jerome,23,Oklahoma City Thunder,44228
Tyler Bey,22,Dallas Mavericks,44228
Tyler Cook,23,Detroit Pistons,44228
Tyler Cook,23,Brooklyn Nets,44228
Tyler Herro,21,Miami Heat,44228
Tyler Johnson,28,Brooklyn Nets,44228
Tyrell Terry,20,Dallas Mavericks,44228
Tyrese Haliburton,20,Sacramento Kings,44228
Tyrese Maxey,20,Philadelphia 76ers,44228
Ty-Shon Alexander,22,Phoenix Suns,44228
Tyus Jones,24,Memphis Grizzlies,44228
Udoka Azubuike,21,Utah Jazz,44228
Udonis Haslem,40,Miami Heat,44228
Vernon Carey Jr.,19,Charlotte Hornets,44228
Victor Oladipo,28,Houston Rockets,44228
Victor Oladipo,28,Indiana Pacers,44228
Victor Oladipo,28,Miami Heat,44228
Vincent Poirier,27,Philadelphia 76ers,44228
Vlatko Čančar,23,Denver Nuggets,44228
Wayne Ellington,33,Detroit Pistons,44228
Wendell Carter Jr.,21,Chicago Bulls,44228
Wendell Carter Jr.,21,Orlando Magic,44228
Wenyen Gabriel,23,New Orleans Pelicans,44228
Wes Iwundu,26,Dallas Mavericks,44228
Wes Iwundu,26,New Orleans Pelicans,44228
Wesley Matthews,34,Los Angeles Lakers,44228
Will Barton,30,Denver Nuggets,44228
Will Magnay,22,New Orleans Pelicans,44228
Willie Cauley-Stein,27,Dallas Mavericks,44228
Willy Hernangómez,26,New Orleans Pelicans,44228
Xavier Tillman Sr.,22,Memphis Grizzlies,44228
Yogi Ferrell,27,Los Angeles Clippers,44228
Yogi Ferrell,27,Cleveland Cavaliers,44228
Yuta Watanabe,26,Toronto Raptors,44228
Zach LaVine,25,Chicago Bulls,44228
Zeke Nnaji,20,Denver Nuggets,44228
Zion Williamson,20,New Orleans Pelicans,44228
Aaron Gordon,26,Denver Nuggets,44593
Aaron Henry,22,Philadelphia 76ers,44593
Aaron Holiday,25,Washington Wizards,44593
Aaron Holiday,25,Phoenix Suns,44593
Aaron Nesmith,22,Boston Celtics,44593
Aaron Wiggins,23,Oklahoma City Thunder,44593
Abdel Nader,28,Phoenix Suns,44593
Ade Murkey,24,Sacramento Kings,44593
Admiral Schofield,24,Orlando Magic,44593
Ahmad Caver,25,Indiana Pacers,44593
Al Horford,35,Boston Celtics,44593
Alec Burks,30,New York Knicks,44593
Aleem Ford,24,Orlando Magic,44593
Aleksej Pokusevski,20,Oklahoma City Thunder,44593
Alex Caruso,27,Chicago Bulls,44593
Alex Len,28,Sacramento Kings,44593
Alfonzo McKinnie,29,Chicago Bulls,44593
Alize Johnson,25,Chicago Bulls,44593
Alize Johnson,25,New Orleans Pelicans,44593
Alize Johnson,25,Washington Wizards,44593
Alperen Şengün,19,Houston Rockets,44593
Amir Coffey,24,Los Angeles Clippers,44593
Andre Drummond,28,Philadelphia 76ers,44593
Andre Drummond,28,Brooklyn Nets,44593
Andre Iguodala,38,Golden State Warriors,44593
Andrew Wiggins,26,Golden State Warriors,44593
Anfernee Simons,22,Portland Trail Blazers,44593
Anthony Davis,28,Los Angeles Lakers,44593
Anthony Edwards,20,Minnesota Timberwolves,44593
Anthony Gill,29,Washington Wizards,44593
Anthony Lamb,24,San Antonio Spurs,44593
Armoni Brooks,23,Houston Rockets,44593
Armoni Brooks,23,Toronto Raptors,44593
Arnoldas Kulboka,24,Charlotte Hornets,44593
Austin Reaves,23,Los Angeles Lakers,44593
Austin Rivers,29,Denver Nuggets,44593
Avery Bradley,31,Los Angeles Lakers,44593
Ayo Dosunmu,22,Chicago Bulls,44593
B.J. Johnson,26,Orlando Magic,44593
Bam Adebayo,24,Miami Heat,44593
Ben McLemore,28,Portland Trail Blazers,44593
Bismack Biyombo,29,Phoenix Suns,44593
Blake Griffin,32,Brooklyn Nets,44593
Boban Marjanović,33,Dallas Mavericks,44593
Bobby Portis,26,Milwaukee Bucks,44593
Bogdan Bogdanović,29,Atlanta Hawks,44593
Bojan Bogdanović,32,Utah Jazz,44593
Bol Bol,22,Denver Nuggets,44593
Bones Hyland,21,Denver Nuggets,44593
Brad Wanamaker,32,Indiana Pacers,44593
Brad Wanamaker,32,Washington Wizards,44593
Bradley Beal,28,Washington Wizards,44593
Brandon Boston Jr.,20,Los Angeles Clippers,44593
Brandon Clarke,25,Memphis Grizzlies,44593
Brandon Goodwin,26,Cleveland Cavaliers,44593
Brandon Ingram,24,New Orleans Pelicans,44593
Brandon Knight,30,Dallas Mavericks,44593
Brandon Williams (22),22,Portland Trail Blazers,44593
Braxton Key,24,Detroit Pistons,44593
Braxton Key,24,Philadelphia 76ers,44593
Brodric Thomas,25,Boston Celtics,44593
Brook Lopez,33,Milwaukee Bucks,44593
Bruce Brown,25,Brooklyn Nets,44593
Bruno Fernando,23,Houston Rockets,44593
Bruno Fernando,23,Boston Celtics,44593
Bryn Forbes,28,San Antonio Spurs,44593
Bryn Forbes,28,Denver Nuggets,44593
Buddy Hield,29,Sacramento Kings,44593
Buddy Hield,29,Indiana Pacers,44593
C.J. Miles,34,Boston Celtics,44593
Cade Cunningham,20,Detroit Pistons,44593
Caleb Martin,26,Miami Heat,44593
Cam Reddish,22,Atlanta Hawks,44593
Cam Reddish,22,New York Knicks,44593
Cam Thomas,20,Brooklyn Nets,44593
Cameron Johnson,25,Phoenix Suns,44593
Cameron McGriff,24,Portland Trail Blazers,44593
Cameron Oliver,25,Atlanta Hawks,44593
Cameron Payne,27,Phoenix Suns,44593
Caris LeVert,27,Indiana Pacers,44593
Caris LeVert,27,Cleveland Cavaliers,44593
Carlik Jones,24,Dallas Mavericks,44593
Carlik Jones,24,Denver Nuggets,44593
Carmelo Anthony,37,Los Angeles Lakers,44593
Carsen Edwards,23,Detroit Pistons,44593
Cassius Stanley,22,Detroit Pistons,44593
Cassius Winston,23,Washington Wizards,44593
Cat Barber,27,Atlanta Hawks,44593
Cedi Osman,26,Cleveland Cavaliers,44593
Chandler Hutchison,25,Phoenix Suns,44593
Charles Bassey,21,Philadelphia 76ers,44593
Charlie Brown Jr.,24,Philadelphia 76ers,44593
Charlie Brown Jr.,24,Dallas Mavericks,44593
Cheick Diallo,25,Detroit Pistons,44593
Chimezie Metu,24,Sacramento Kings,44593
Chris Boucher,29,Toronto Raptors,44593
Chris Chiozza,26,Golden State Warriors,44593
Chris Duarte,24,Indiana Pacers,44593
Chris Paul,36,Phoenix Suns,44593
Chris Silva,25,Miami Heat,44593
Chris Silva,25,Minnesota Timberwolves,44593
Christian Wood,26,Houston Rockets,44593
Chuma Okeke,23,Orlando Magic,44593
CJ Elleby,21,Portland Trail Blazers,44593
CJ McCollum,30,Portland Trail Blazers,44593
CJ McCollum,30,New Orleans Pelicans,44593
Clint Capela,27,Atlanta Hawks,44593
Coby White,21,Chicago Bulls,44593
Cody Martin,26,Charlotte Hornets,44593
Cody Zeller,29,Portland Trail Blazers,44593
Cole Anthony,21,Orlando Magic,44593
Collin Sexton,23,Cleveland Cavaliers,44593
Corey Kispert,22,Washington Wizards,44593
Cory Joseph,30,Detroit Pistons,44593
Craig Sword,28,Washington Wizards,44593
D.J. Augustin,34,Houston Rockets,44593
D.J. Augustin,34,Los Angeles Lakers,44593
D.J. Wilson,25,Toronto Raptors,44593
Daishen Nix,19,Houston Rockets,44593
Dakota Mathias,26,Memphis Grizzlies,44593
Dalano Banton,22,Toronto Raptors,44593
Damian Jones,26,Sacramento Kings,44593
Damian Lillard,31,Portland Trail Blazers,44593
Damion Lee,29,Golden State Warriors,44593
Damyean Dotson,27,New York Knicks,44593
D'Angelo Russell,25,Minnesota Timberwolves,44593
Daniel Gafford,23,Washington Wizards,44593
Daniel Oturu,22,Toronto Raptors,44593
Daniel Theis,29,Houston Rockets,44593
Daniel Theis,29,Boston Celtics,44593
Danilo Gallinari,33,Atlanta Hawks,44593
Danny Green,34,Philadelphia 76ers,44593
Danuel House Jr.,28,Utah Jazz,44593
Danuel House Jr.,28,Houston Rockets,44593
Danuel House Jr.,28,New York Knicks,44593
DaQuan Jeffries,24,Memphis Grizzlies,44593
Darius Bazley,21,Oklahoma City Thunder,44593
Darius Garland,22,Cleveland Cavaliers,44593
Darren Collison,34,Los Angeles Lakers,44593
David Duke Jr.,22,Brooklyn Nets,44593
David Johnson,20,Toronto Raptors,44593
David Nwaba,29,Houston Rockets,44593
Davion Mitchell,23,Sacramento Kings,44593
Dāvis Bertāns,29,Washington Wizards,44593
Dāvis Bertāns,29,Dallas Mavericks,44593
Davon Reed,26,Denver Nuggets,44593
Day'Ron Sharpe,20,Brooklyn Nets,44593
De'Aaron Fox,24,Sacramento Kings,44593
Dean Wade,25,Cleveland Cavaliers,44593
Deandre Ayton,23,Phoenix Suns,44593
DeAndre' Bembry,27,Brooklyn Nets,44593
DeAndre' Bembry,27,Milwaukee Bucks,44593
De'Andre Hunter,24,Atlanta Hawks,44593
DeAndre Jordan,33,Los Angeles Lakers,44593
DeAndre Jordan,33,Philadelphia 76ers,44593
De'Anthony Melton,23,Memphis Grizzlies,44593
Chaundee Brown Jr.,23,Atlanta Hawks,44593
Chaundee Brown Jr.,23,Los Angeles Lakers,44593
Deividas Sirvydis,21,Detroit Pistons,44593
DeJon Jarreau,24,Indiana Pacers,44593
Dejounte Murray,25,San Antonio Spurs,44593
Delon Wright,29,Atlanta Hawks,44593
DeMar DeRozan,32,Chicago Bulls,44593
DeMarcus Cousins,31,Denver Nuggets,44593
DeMarcus Cousins,31,Milwaukee Bucks,44593
Deni Avdija,21,Washington Wizards,44593
Dennis Schröder,28,Boston Celtics,44593
Dennis Schröder,28,Houston Rockets,44593
Dennis Smith Jr.,24,Portland Trail Blazers,44593
Denzel Valentine,28,Cleveland Cavaliers,44593
Denzel Valentine,28,Utah Jazz,44593
Derrick Favors,30,Oklahoma City Thunder,44593
Derrick Jones Jr.,24,Chicago Bulls,44593
Derrick Rose,33,New York Knicks,44593
Derrick Walton,26,Detroit Pistons,44593
Derrick White,27,San Antonio Spurs,44593
Derrick White,27,Boston Celtics,44593
Desmond Bane,23,Memphis Grizzlies,44593
Devin Booker,25,Phoenix Suns,44593
Devin Cannady,25,Orlando Magic,44593
Devin Vassell,21,San Antonio Spurs,44593
Devon Dotson,22,Chicago Bulls,44593
Devontae Cacok,25,San Antonio Spurs,44593
Devonte' Graham,26,New Orleans Pelicans,44593
Dewayne Dedmon,32,Miami Heat,44593
Didi Louzada,22,Portland Trail Blazers,44593
Didi Louzada,22,New Orleans Pelicans,44593
Dillon Brooks,26,Memphis Grizzlies,44593
Domantas Sabonis,25,Indiana Pacers,44593
Domantas Sabonis,25,Sacramento Kings,44593
Donovan Mitchell,25,Utah Jazz,44593
Donte DiVincenzo,25,Sacramento Kings,44593
Donte DiVincenzo,25,Milwaukee Bucks,44593
Dorian Finney-Smith,28,Dallas Mavericks,44593
Doug McDermott,30,San Antonio Spurs,44593
Draymond Green,31,Golden State Warriors,44593
Drew Eubanks,24,Portland Trail Blazers,44593
Drew Eubanks,24,San Antonio Spurs,44593
Duane Washington Jr.,21,Indiana Pacers,44593
Duncan Robinson,27,Miami Heat,44593
Dwight Howard,36,Los Angeles Lakers,44593
Dwight Powell,30,Dallas Mavericks,44593
Dylan Windler,25,Cleveland Cavaliers,44593
Ed Davis,32,Cleveland Cavaliers,44593
Elfrid Payton,27,Phoenix Suns,44593
Elijah Hughes,23,Portland Trail Blazers,44593
Elijah Hughes,23,Utah Jazz,44593
Emanuel Terry,25,Phoenix Suns,44593
Emmanuel Mudiay,25,Sacramento Kings,44593
Enes Freedom,29,Boston Celtics,44593
Eric Bledsoe,32,Los Angeles Clippers,44593
Eric Gordon,33,Houston Rockets,44593
Eric Paschall,25,Utah Jazz,44593
Eugene Omoruyi,24,Dallas Mavericks,44593
Evan Fournier,29,New York Knicks,44593
Evan Mobley,20,Cleveland Cavaliers,44593
Facundo Campazzo,30,Denver Nuggets,44593
Feron Hunt,22,New York Knicks,44593
Frank Jackson,23,Detroit Pistons,44593
Frank Kaminsky,28,Phoenix Suns,44593
Frank Ntilikina,23,Dallas Mavericks,44593
Franz Wagner,20,Orlando Magic,44593
Fred VanVleet,27,Toronto Raptors,44593
Freddie Gillespie,24,Orlando Magic,44593
Furkan Korkmaz,24,Philadelphia 76ers,44593
Gabe Vincent,25,Miami Heat,44593
Gabe York,28,Indiana Pacers,44593
Gabriel Deck,26,Oklahoma City Thunder,44593
Gabriel Lundberg,27,Phoenix Suns,44593
Garrett Temple,35,New Orleans Pelicans,44593
Garrison Mathews,25,Houston Rockets,44593
Gary Clark,27,New Orleans Pelicans,44593
Gary Harris,27,Orlando Magic,44593
Gary Payton II,29,Golden State Warriors,44593
Gary Trent Jr.,23,Toronto Raptors,44593
George Hill,35,Milwaukee Bucks,44593
George King (19),28,Dallas Mavericks,44593
Georges Niang,28,Philadelphia 76ers,44593
Georgios Kalaitzakis,23,Oklahoma City Thunder,44593
Georgios Kalaitzakis,23,Milwaukee Bucks,44593
Giannis Antetokounmpo,27,Milwaukee Bucks,44593
Goga Bitadze,22,Indiana Pacers,44593
Goran Dragić,35,Brooklyn Nets,44593
Goran Dragić,35,Toronto Raptors,44593
Gordon Hayward,31,Charlotte Hornets,44593
Gorgui Dieng,32,Atlanta Hawks,44593
Grant Williams,23,Boston Celtics,44593
Grayson Allen,26,Milwaukee Bucks,44593
Greg Brown III,20,Portland Trail Blazers,44593
Greg Monroe,31,Minnesota Timberwolves,44593
Greg Monroe,31,Milwaukee Bucks,44593
Greg Monroe,31,Utah Jazz,44593
Greg Monroe,31,Washington Wizards,44593
Hamidou Diallo,23,Detroit Pistons,44593
Harrison Barnes,29,Sacramento Kings,44593
Hassan Whiteside,32,Utah Jazz,44593
Hassani Gravett,25,Orlando Magic,44593
Haywood Highsmith,25,Miami Heat,44593
Herbert Jones,23,New Orleans Pelicans,44593
Ignas Brazdeikis,23,Orlando Magic,44593
Immanuel Quickley,22,New York Knicks,44593
Isaac Bonga,22,Toronto Raptors,44593
Isaac Okoro,21,Cleveland Cavaliers,44593
Isaiah Hartenstein,23,Los Angeles Clippers,44593
Isaiah Jackson,20,Indiana Pacers,44593
Isaiah Joe,22,Philadelphia 76ers,44593
Isaiah Livers,23,Detroit Pistons,44593
Isaiah Roby,23,Oklahoma City Thunder,44593
Isaiah Stewart,20,Detroit Pistons,44593
Isaiah Thomas,32,Charlotte Hornets,44593
Isaiah Thomas,32,Los Angeles Lakers,44593
Isaiah Thomas,32,Dallas Mavericks,44593
Isaiah Todd,20,Washington Wizards,44593
Ish Smith,33,Washington Wizards,44593
Ish Smith,33,Charlotte Hornets,44593
Ish Wainright,27,Phoenix Suns,44593
Ivica Zubac,24,Los Angeles Clippers,44593
Ja Morant,22,Memphis Grizzlies,44593
Jabari Parker,26,Boston Celtics,44593
Jaden McDaniels,21,Minnesota Timberwolves,44593
Jaden Springer,19,Philadelphia 76ers,44593
Jae Crowder,31,Phoenix Suns,44593
Jae'Sean Tate,26,Houston Rockets,44593
Jahmi'us Ramsey,20,Sacramento Kings,44593
Jaime Echenique,24,Washington Wizards,44593
Jake Layman,27,Minnesota Timberwolves,44593
Jakob Poeltl,26,San Antonio Spurs,44593
Jalen Brunson,25,Dallas Mavericks,44593
Jalen Green,19,Houston Rockets,44593
Jalen Johnson,20,Atlanta Hawks,44593
Jalen McDaniels,24,Charlotte Hornets,44593
Jalen Smith,21,Indiana Pacers,44593
Jalen Smith,21,Phoenix Suns,44593
Jalen Suggs,20,Orlando Magic,44593
James Bouknight,21,Charlotte Hornets,44593
James Ennis III,31,Los Angeles Clippers,44593
James Ennis III,31,Brooklyn Nets,44593
James Ennis III,31,Denver Nuggets,44593
James Harden,32,Brooklyn Nets,44593
James Harden,32,Philadelphia 76ers,44593
James Johnson,34,Brooklyn Nets,44593
Jamorko Pickett,24,Detroit Pistons,44593
JaMychal Green,31,Denver Nuggets,44593
JaQuori McLaughlin,24,Dallas Mavericks,44593
Jared Butler,21,Utah Jazz,44593
Jared Harper,24,New Orleans Pelicans,44593
Jaren Jackson Jr.,22,Memphis Grizzlies,44593
Jarred Vanderbilt,22,Minnesota Timberwolves,44593
Jarrett Allen,23,Cleveland Cavaliers,44593
Jarrett Culver,22,Memphis Grizzlies,44593
Jarron Cumberland,24,Portland Trail Blazers,44593
JaVale McGee,34,Phoenix Suns,44593
Javin DeLaurier,23,Milwaukee Bucks,44593
Javonte Green,28,Chicago Bulls,44593
Javonte Smart,22,Milwaukee Bucks,44593
Javonte Smart,22,Miami Heat,44593
Jaxson Hayes,21,New Orleans Pelicans,44593
Jay Huff,23,Los Angeles Lakers,44593
Jay Scrubb,21,Los Angeles Clippers,44593
Jaylen Brown,25,Boston Celtics,44593
Jaylen Hoard,22,Oklahoma City Thunder,44593
Jaylen Morris,26,San Antonio Spurs,44593
Jaylen Nowell,22,Minnesota Timberwolves,44593
Jaysean Paige,27,Detroit Pistons,44593
Jayson Tatum,23,Boston Celtics,44593
Jeff Dowtin,24,Orlando Magic,44593
Jeff Dowtin,24,Golden State Warriors,44593
Jeff Dowtin,24,Milwaukee Bucks,44593
Jeff Green,35,Denver Nuggets,44593
Jemerrio Jones,26,Los Angeles Lakers,44593
Jerami Grant,27,Detroit Pistons,44593
Jeremiah Robinson-Earl,21,Oklahoma City Thunder,44593
Jeremy Lamb,29,Indiana Pacers,44593
Jeremy Lamb,29,Sacramento Kings,44593
Jericho Sims,23,New York Knicks,44593
Jevon Carter,26,Brooklyn Nets,44593
Jevon Carter,26,Milwaukee Bucks,44593
Jimmy Butler,32,Miami Heat,44593
Jock Landale,26,San Antonio Spurs,44593
Joe Harris,30,Brooklyn Nets,44593
Joe Ingles,34,Utah Jazz,44593
Joe Johnson,40,Boston Celtics,44593
Joe Wieskamp,22,San Antonio Spurs,44593
Joel Ayayi,21,Washington Wizards,44593
Joel Embiid,27,Philadelphia 76ers,44593
John Collins,24,Atlanta Hawks,44593
John Konchar,25,Memphis Grizzlies,44593
Jon Teske,24,Memphis Grizzlies,44593
Jonas Valančiūnas,29,New Orleans Pelicans,44593
Jonathan Kuminga,19,Golden State Warriors,44593
Jordan Bell,27,Chicago Bulls,44593
Jordan Clarkson,29,Utah Jazz,44593
Jordan Goodwin,23,Washington Wizards,44593
Jordan McLaughlin,25,Minnesota Timberwolves,44593
Jordan Nwora,23,Milwaukee Bucks,44593
Jordan Poole,22,Golden State Warriors,44593
Jordan Schakel,23,Washington Wizards,44593
Jose Alvarado,23,New Orleans Pelicans,44593
Josh Christopher,20,Houston Rockets,44593
Josh Giddey,19,Oklahoma City Thunder,44593
Josh Green,21,Dallas Mavericks,44593
Josh Hart,26,New Orleans Pelicans,44593
Josh Hart,26,Portland Trail Blazers,44593
Josh Jackson,24,Detroit Pistons,44593
Josh Jackson,24,Sacramento Kings,44593
Josh Okogie,23,Minnesota Timberwolves,44593
Josh Richardson,28,Boston Celtics,44593
Josh Richardson,28,San Antonio Spurs,44593
Joshua Primo,19,San Antonio Spurs,44593
Jrue Holiday,31,Milwaukee Bucks,44593
JT Thor,19,Charlotte Hornets,44593
Juan Toscano-Anderson,28,Golden State Warriors,44593
Juancho Hernangómez,26,Utah Jazz,44593
Juancho Hernangómez,26,Boston Celtics,44593
Juancho Hernangómez,26,San Antonio Spurs,44593
Julius Randle,27,New York Knicks,44593
Justin Anderson,28,Indiana Pacers,44593
Justin Anderson,28,Cleveland Cavaliers,44593
Justin Champagnie,20,Toronto Raptors,44593
Justin Holiday,32,Indiana Pacers,44593
Justin Holiday,32,Sacramento Kings,44593
Justin Jackson,26,Phoenix Suns,44593
Justin Jackson,26,Boston Celtics,44593
Justin Robinson,24,Milwaukee Bucks,44593
Justin Robinson,24,Detroit Pistons,44593
Justin Robinson,24,Sacramento Kings,44593
Justise Winslow,25,Los Angeles Clippers,44593
Justise Winslow,25,Portland Trail Blazers,44593
Jusuf Nurkić,27,Portland Trail Blazers,44593
Juwan Morgan,24,Toronto Raptors,44593
Juwan Morgan,24,Boston Celtics,44593
Kai Jones,21,Charlotte Hornets,44593
Karl-Anthony Towns,26,Minnesota Timberwolves,44593
Keifer Sykes,28,Indiana Pacers,44593
Keita Bates-Diop,26,San Antonio Spurs,44593
Kelan Martin,26,Indiana Pacers,44593
Kelan Martin,26,Boston Celtics,44593
Keldon Johnson,22,San Antonio Spurs,44593
Keljin Blevins,26,Portland Trail Blazers,44593
Kelly Olynyk,30,Detroit Pistons,44593
Kelly Oubre Jr.,26,Charlotte Hornets,44593
Kemba Walker,31,New York Knicks,44593
Kenrich Williams,27,Oklahoma City Thunder,44593
Kent Bazemore,32,Los Angeles Lakers,44593
Kentavious Caldwell-Pope,28,Washington Wizards,44593
Kenyon Martin Jr.,21,Houston Rockets,44593
Keon Johnson,19,Portland Trail Blazers,44593
Keon Johnson,19,Los Angeles Clippers,44593
Kessler Edwards,21,Brooklyn Nets,44593
Kevin Durant,33,Brooklyn Nets,44593
Kevin Huerter,23,Atlanta Hawks,44593
Kevin Knox,22,Atlanta Hawks,44593
Kevin Knox,22,New York Knicks,44593
Kevin Love,33,Cleveland Cavaliers,44593
Kevin Pangos,29,Cleveland Cavaliers,44593
Kevin Porter Jr.,21,Houston Rockets,44593
Kevon Looney,25,Golden State Warriors,44593
Khem Birch,29,Toronto Raptors,44593
Khris Middleton,30,Milwaukee Bucks,44593
Killian Hayes,20,Detroit Pistons,44593
Killian Tillie,23,Memphis Grizzlies,44593
Kira Lewis Jr.,20,New Orleans Pelicans,44593
Klay Thompson,31,Golden State Warriors,44593
Kris Dunn,27,Portland Trail Blazers,44593
Kristaps Porziņģis,26,Dallas Mavericks,44593
Kristaps Porziņģis,26,Washington Wizards,44593
Kyle Anderson,28,Memphis Grizzlies,44593
Kyle Guy,24,Miami Heat,44593
Kyle Kuzma,26,Washington Wizards,44593
Kyle Lowry,35,Miami Heat,44593
Kyrie Irving,29,Brooklyn Nets,44593
KZ Okpala,22,Miami Heat,44593
Lamar Stevens,24,Cleveland Cavaliers,44593
LaMarcus Aldridge,36,Brooklyn Nets,44593
LaMelo Ball,20,Charlotte Hornets,44593
Lance Stephenson,31,Indiana Pacers,44593
Lance Stephenson,31,Atlanta Hawks,44593
Landry Shamet,24,Phoenix Suns,44593
Langston Galloway,30,Brooklyn Nets,44593
Langston Galloway,30,Milwaukee Bucks,44593
Larry Nance Jr.,29,Portland Trail Blazers,44593
Larry Nance Jr.,29,New Orleans Pelicans,44593
Lauri Markkanen,24,Cleveland Cavaliers,44593
Leandro Bolmaro,21,Minnesota Timberwolves,44593
LeBron James,37,Los Angeles Lakers,44593
Lindell Wigginton,23,Milwaukee Bucks,44593
Lindy Waters III,24,Oklahoma City Thunder,44593
Lonnie Walker IV,23,San Antonio Spurs,44593
Lonzo Ball,24,Chicago Bulls,44593
Lou Williams,35,Atlanta Hawks,44593
Louis King,22,Sacramento Kings,44593
Luguentz Dort,22,Oklahoma City Thunder,44593
Luka Dončić,22,Dallas Mavericks,44593
Luka Garza,23,Detroit Pistons,44593
Luke Kennard,25,Los Angeles Clippers,44593
Luke Kornet,26,Boston Celtics,44593
Luke Kornet,26,Cleveland Cavaliers,44593
Luke Kornet,26,Milwaukee Bucks,44593
M.J. Walker,23,Phoenix Suns,44593
Mac McClung,23,Los Angeles Lakers,44593
Mac McClung,23,Chicago Bulls,44593
Malachi Flynn,23,Toronto Raptors,44593
Malcolm Brogdon,29,Indiana Pacers,44593
Malcolm Hill,26,Chicago Bulls,44593
Malcolm Hill,26,Atlanta Hawks,44593
Malik Beasley,25,Minnesota Timberwolves,44593
Malik Fitts,24,Boston Celtics,44593
Malik Fitts,24,Utah Jazz,44593
Malik Monk,23,Los Angeles Lakers,44593
Malik Newman,24,Cleveland Cavaliers,44593
Mamadi Diakite,25,Oklahoma City Thunder,44593
Marcus Garrett,23,Miami Heat,44593
Marcus Morris,32,Los Angeles Clippers,44593
Marcus Smart,27,Boston Celtics,44593
Markelle Fultz,23,Orlando Magic,44593
Markieff Morris,32,Miami Heat,44593
Marko Simonovic,22,Chicago Bulls,44593
Markus Howard,22,Denver Nuggets,44593
Marquese Chriss,24,Dallas Mavericks,44593
Marvin Bagley III,22,Sacramento Kings,44593
Marvin Bagley III,22,Detroit Pistons,44593
Mason Jones,23,Los Angeles Lakers,44593
Mason Plumlee,31,Charlotte Hornets,44593
Matisse Thybulle,24,Philadelphia 76ers,44593
Matt Mooney,24,New York Knicks,44593
Matt Ryan,24,Boston Celtics,44593
Matt Thomas,27,Chicago Bulls,44593
Maurice Harkless,28,Sacramento Kings,44593
Max Strus,25,Miami Heat,44593
Maxi Kleber,30,Dallas Mavericks,44593
McKinley Wright IV,23,Minnesota Timberwolves,44593
Melvin Frazier,25,Oklahoma City Thunder,44593
Micah Potter,23,Detroit Pistons,44593
Michael Porter Jr.,23,Denver Nuggets,44593
Mikal Bridges,25,Phoenix Suns,44593
Mike Conley,34,Utah Jazz,44593
Mike Muscala,30,Oklahoma City Thunder,44593
Miles Bridges,23,Charlotte Hornets,44593
Miles McBride,21,New York Knicks,44593
Mitchell Robinson,23,New York Knicks,44593
Miye Oni,24,Utah Jazz,44593
Mo Bamba,23,Orlando Magic,44593
Monte Morris,26,Denver Nuggets,44593
Montrezl Harrell,28,Washington Wizards,44593
Montrezl Harrell,28,Charlotte Hornets,44593
Moritz Wagner,24,Orlando Magic,44593
Moses Brown,22,Cleveland Cavaliers,44593
Moses Brown,22,Dallas Mavericks,44593
Moses Moody,19,Golden State Warriors,44593
Moses Wright,23,Dallas Mavericks,44593
Moses Wright,23,Los Angeles Clippers,44593
Mychal Mulder,27,Orlando Magic,44593
Mychal Mulder,27,Miami Heat,44593
Myles Powell,24,Philadelphia 76ers,44593
Myles Turner,25,Indiana Pacers,44593
Naji Marshall,24,New Orleans Pelicans,44593
Nassir Little,21,Portland Trail Blazers,44593
Nate Hinton,22,Indiana Pacers,44593
Nathan Knight,24,Minnesota Timberwolves,44593
Naz Reid,22,Minnesota Timberwolves,44593
Neemias Queta,22,Sacramento Kings,44593
Nemanja Bjelica,33,Golden State Warriors,44593
Nerlens Noel,27,New York Knicks,44593
Nic Claxton,22,Brooklyn Nets,44593
Nick Richards,24,Charlotte Hornets,44593
Nickeil Alexander-Walker,23,New Orleans Pelicans,44593
Nickeil Alexander-Walker,23,Utah Jazz,44593
Nicolas Batum,33,Los Angeles Clippers,44593
Nik Stauskas,28,Miami Heat,44593
Nik Stauskas,28,Boston Celtics,44593
Nikola Jokić,26,Denver Nuggets,44593
Nikola Vučević,31,Chicago Bulls,44593
Norman Powell,28,Portland Trail Blazers,44593
Norman Powell,28,Los Angeles Clippers,44593
Norvel Pelle,28,Utah Jazz,44593
Obi Toppin,23,New York Knicks,44593
OG Anunoby,24,Toronto Raptors,44593
Olivier Sarr,22,Oklahoma City Thunder,44593
Omer Yurtseven,23,Miami Heat,44593
Onyeka Okongwu,21,Atlanta Hawks,44593
Oshae Brissett,23,Indiana Pacers,44593
Otto Porter Jr.,28,Golden State Warriors,44593
P.J. Tucker,36,Miami Heat,44593
P.J. Washington,23,Charlotte Hornets,44593
Paris Bass,26,Phoenix Suns,44593
Pascal Siakam,27,Toronto Raptors,44593
Pat Connaughton,29,Milwaukee Bucks,44593
Patrick Beverley,33,Minnesota Timberwolves,44593
Patrick Williams,20,Chicago Bulls,44593
Patty Mills,33,Brooklyn Nets,44593
Paul George,31,Los Angeles Clippers,44593
Paul Millsap,36,Brooklyn Nets,44593
Paul Millsap,36,Philadelphia 76ers,44593
Paul Reed,22,Philadelphia 76ers,44593
Paul Watson,27,Oklahoma City Thunder,44593
Payton Pritchard,24,Boston Celtics,44593
Petr Cornelie,26,Denver Nuggets,44593
PJ Dozier,25,Denver Nuggets,44593
Precious Achiuwa,22,Toronto Raptors,44593
Quentin Grimes,21,New York Knicks,44593
Quinndary Weatherspoon,25,Golden State Warriors,44593
R.J. Hampton,20,Orlando Magic,44593
Rajon Rondo,35,Cleveland Cavaliers,44593
Rajon Rondo,35,Los Angeles Lakers,44593
Raul Neto,29,Washington Wizards,44593
Rayjon Tucker,24,Milwaukee Bucks,44593
Rayjon Tucker,24,Denver Nuggets,44593
Reggie Bullock,30,Dallas Mavericks,44593
Reggie Jackson,31,Los Angeles Clippers,44593
Reggie Perry,21,Portland Trail Blazers,44593
Reggie Perry,21,Indiana Pacers,44593
Richaun Holmes,28,Sacramento Kings,44593
Ricky Rubio,31,Cleveland Cavaliers,44593
RJ Barrett,21,New York Knicks,44593
RJ Nembhard Jr.,22,Cleveland Cavaliers,44593
Rob Edwards,25,Oklahoma City Thunder,44593
Robert Covington,31,Portland Trail Blazers,44593
Robert Covington,31,Los Angeles Clippers,44593
Robert Williams,24,Boston Celtics,44593
Robert Woodard II,22,Sacramento Kings,44593
Robin Lopez,33,Orlando Magic,44593
Rodney Hood,29,Milwaukee Bucks,44593
Rodney Hood,29,Los Angeles Clippers,44593
Rodney McGruder,30,Detroit Pistons,44593
Romeo Langford,22,Boston Celtics,44593
Romeo Langford,22,San Antonio Spurs,44593
Royce O'Neale,28,Utah Jazz,44593
Rudy Gay,35,Utah Jazz,44593
Rudy Gobert,29,Utah Jazz,44593
Rui Hachimura,23,Washington Wizards,44593
Russell Westbrook,33,Los Angeles Lakers,44593
Ryan Arcidiacono,27,New York Knicks,44593
Saben Lee,22,Detroit Pistons,44593
Saddiq Bey,22,Detroit Pistons,44593
Sam Dekker,27,Toronto Raptors,44593
Sam Hauser,24,Boston Celtics,44593
Sam Merrill,25,Memphis Grizzlies,44593
Sandro Mamukelashvili,22,Milwaukee Bucks,44593
Santi Aldama,21,Memphis Grizzlies,44593
Scottie Barnes,20,Toronto Raptors,44593
Scottie Lewis,21,Charlotte Hornets,44593
Scotty Hopson,32,Oklahoma City Thunder,44593
Sekou Doumbouya,21,Los Angeles Lakers,44593
Semi Ojeleye,27,Milwaukee Bucks,44593
Semi Ojeleye,27,Los Angeles Clippers,44593
Serge Ibaka,32,Los Angeles Clippers,44593
Serge Ibaka,32,Milwaukee Bucks,44593
Seth Curry,31,Philadelphia 76ers,44593
Seth Curry,31,Brooklyn Nets,44593
Shai Gilgeous-Alexander,23,Oklahoma City Thunder,44593
Shake Milton,25,Philadelphia 76ers,44593
Shaq Buchanan,25,Memphis Grizzlies,44593
Shaquille Harrison,28,Brooklyn Nets,44593
Sharife Cooper,20,Atlanta Hawks,44593
Skylar Mays,24,Atlanta Hawks,44593
Solomon Hill,30,Atlanta Hawks,44593
Spencer Dinwiddie,28,Washington Wizards,44593
Spencer Dinwiddie,28,Dallas Mavericks,44593
Stanley Johnson,25,Los Angeles Lakers,44593
Stephen Curry,33,Golden State Warriors,44593
Sterling Brown,26,Dallas Mavericks,44593
Steven Adams,28,Memphis Grizzlies,44593
Svi Mykhailiuk,24,Toronto Raptors,44593
T.J. McConnell,29,Indiana Pacers,44593
Tacko Fall,26,Cleveland Cavaliers,44593
Taj Gibson,36,New York Knicks,44593
Talen Horton-Tucker,21,Los Angeles Lakers,44593
Taurean Prince,27,Minnesota Timberwolves,44593
Terance Mann,25,Los Angeles Clippers,44593
Terence Davis,24,Sacramento Kings,44593
Terrence Ross,30,Orlando Magic,44593
Terry Rozier,27,Charlotte Hornets,44593
Terry Taylor,22,Indiana Pacers,44593
Thaddeus Young,33,Toronto Raptors,44593
Thaddeus Young,33,San Antonio Spurs,44593
Thanasis Antetokounmpo,29,Milwaukee Bucks,44593
Théo Maledon,20,Oklahoma City Thunder,44593
Theo Pinson,26,Dallas Mavericks,44593
Thomas Bryant,24,Washington Wizards,44593
Tim Frazier,31,Orlando Magic,44593
Tim Frazier,31,Cleveland Cavaliers,44593
Tim Hardaway Jr.,29,Dallas Mavericks,44593
Timothé Luwawu-Cabarrot,26,Atlanta Hawks,44593
Tobias Harris,29,Philadelphia 76ers,44593
Tomáš Satoranský,30,Washington Wizards,44593
Tomáš Satoranský,30,New Orleans Pelicans,44593
Tomáš Satoranský,30,San Antonio Spurs,44593
Tony Bradley,24,Chicago Bulls,44593
Tony Snell,30,Portland Trail Blazers,44593
Tony Snell,30,New Orleans Pelicans,44593
Torrey Craig,31,Indiana Pacers,44593
Torrey Craig,31,Phoenix Suns,44593
Trae Young,23,Atlanta Hawks,44593
Trayvon Palmer,27,Detroit Pistons,44593
Tre Jones,22,San Antonio Spurs,44593
Tre Mann,20,Oklahoma City Thunder,44593
Tre Scott,25,Cleveland Cavaliers,44593
Tremont Waters,24,Toronto Raptors,44593
Tremont Waters,24,Washington Wizards,44593
Trendon Watford,21,Portland Trail Blazers,44593
Trent Forrest,23,Utah Jazz,44593
Trevelin Queen,24,Houston Rockets,44593
Trevor Ariza,36,Los Angeles Lakers,44593
Trey Burke,29,Dallas Mavericks,44593
Trey Lyles,26,Detroit Pistons,44593
Trey Lyles,26,Sacramento Kings,44593
Trey Murphy III,21,New Orleans Pelicans,44593
Tristan Thompson,30,Sacramento Kings,44593
Tristan Thompson,30,Chicago Bulls,44593
Tristan Thompson,30,Indiana Pacers,44593
Troy Brown Jr.,22,Chicago Bulls,44593
Ty Jerome,24,Oklahoma City Thunder,44593
Tyler Cook,24,Chicago Bulls,44593
Tyler Hall,24,New York Knicks,44593
Tyler Herro,22,Miami Heat,44593
Tyler Johnson,29,Philadelphia 76ers,44593
Tyler Johnson,29,San Antonio Spurs,44593
Tyrell Terry,21,Memphis Grizzlies,44593
Tyrese Haliburton,21,Sacramento Kings,44593
Tyrese Haliburton,21,Indiana Pacers,44593
Tyrese Maxey,21,Philadelphia 76ers,44593
Tyrone Wallace,27,New Orleans Pelicans,44593
Tyus Jones,25,Memphis Grizzlies,44593
Udoka Azubuike,22,Utah Jazz,44593
Udonis Haslem,41,Miami Heat,44593
Usman Garuba,19,Houston Rockets,44593
Vernon Carey Jr.,20,Washington Wizards,44593
Vernon Carey Jr.,20,Charlotte Hornets,44593
Victor Oladipo,29,Miami Heat,44593
Vit Krejci,21,Oklahoma City Thunder,44593
Vlatko Čančar,24,Denver Nuggets,44593
Wayne Ellington,34,Los Angeles Lakers,44593
Wayne Selden,27,New York Knicks,44593
Wendell Carter Jr.,22,Orlando Magic,44593
Wenyen Gabriel,24,Los Angeles Lakers,44593
Wenyen Gabriel,24,Los Angeles Clippers,44593
Wenyen Gabriel,24,Brooklyn Nets,44593
Wes Iwundu,27,Atlanta Hawks,44593
Wesley Matthews,35,Milwaukee Bucks,44593
Will Barton,31,Denver Nuggets,44593
Willie Cauley-Stein,28,Dallas Mavericks,44593
Willie Cauley-Stein,28,Philadelphia 76ers,44593
Willy Hernangómez,27,New Orleans Pelicans,44593
Xavier Moon,27,Los Angeles Clippers,44593
Xavier Sneed,24,Utah Jazz,44593
Xavier Sneed,24,Memphis Grizzlies,44593
Xavier Tillman Sr.,23,Memphis Grizzlies,44593
Yuta Watanabe,27,Toronto Raptors,44593
Yves Pons,22,Memphis Grizzlies,44593
Zach Collins,24,San Antonio Spurs,44593
Zach LaVine,26,Chicago Bulls,44593
Zavier Simpson,24,Oklahoma City Thunder,44593
Zeke Nnaji,21,Denver Nuggets,44593
Ziaire Williams,20,Memphis Grizzlies,44593
Zylan Cheatham,26,Utah Jazz,44593
A.J. Green,23,Milwaukee Bucks,44958
A.J. Lawson,22,Dallas Mavericks,44958
A.J. Lawson,22,Minnesota Timberwolves,44958
Aaron Gordon,27,Denver Nuggets,44958
Aaron Holiday,26,Atlanta Hawks,44958
Aaron Nesmith,23,Indiana Pacers,44958
Aaron Wiggins,24,Oklahoma City Thunder,44958
Admiral Schofield,25,Orlando Magic,44958
AJ Griffin,19,Atlanta Hawks,44958
Al Horford,36,Boston Celtics,44958
Alec Burks,31,Detroit Pistons,44958
Aleksej Pokusevski,21,Oklahoma City Thunder,44958
Alex Caruso,28,Chicago Bulls,44958
Alex Len,29,Sacramento Kings,44958
Alize Johnson,26,San Antonio Spurs,44958
Alondes Williams,23,Brooklyn Nets,44958
Alperen Şengün,20,Houston Rockets,44958
Amir Coffey,25,Los Angeles Clippers,44958
Andre Drummond,29,Chicago Bulls,44958
Andre Iguodala,39,Golden State Warriors,44958
Andrew Nembhard,23,Indiana Pacers,44958
Andrew Wiggins,27,Golden State Warriors,44958
Anfernee Simons,23,Portland Trail Blazers,44958
Anthony Davis,29,Los Angeles Lakers,44958
Anthony Edwards,21,Minnesota Timberwolves,44958
Anthony Gill,30,Washington Wizards,44958
Anthony Lamb,25,Golden State Warriors,44958
Austin Reaves,24,Los Angeles Lakers,44958
Austin Rivers,30,Minnesota Timberwolves,44958
Ayo Dosunmu,23,Chicago Bulls,44958
Bam Adebayo,25,Miami Heat,44958
Ben Simmons,26,Brooklyn Nets,44958
Bennedict Mathurin,20,Indiana Pacers,44958
Bismack Biyombo,30,Phoenix Suns,44958
Blake Griffin,33,Boston Celtics,44958
Blake Wesley,19,San Antonio Spurs,44958
Boban Marjanović,34,Houston Rockets,44958
Bobby Portis,27,Milwaukee Bucks,44958
Bogdan Bogdanović,30,Atlanta Hawks,44958
Bojan Bogdanović,33,Detroit Pistons,44958
Bol Bol,23,Orlando Magic,44958
Bones Hyland,22,Denver Nuggets,44958
Bones Hyland,22,Los Angeles Clippers,44958
Bradley Beal,29,Washington Wizards,44958
Brandon Boston Jr.,21,Los Angeles Clippers,44958
Brandon Clarke,26,Memphis Grizzlies,44958
Brandon Ingram,25,New Orleans Pelicans,44958
Braxton Key,25,Detroit Pistons,44958
Brook Lopez,34,Milwaukee Bucks,44958
Bruce Brown,26,Denver Nuggets,44958
Bruno Fernando,24,Houston Rockets,44958
Bruno Fernando,24,Atlanta Hawks,44958
Bryce McGowens,20,Charlotte Hornets,44958
Bryn Forbes,29,Minnesota Timberwolves,44958
Buddy Boeheim,23,Detroit Pistons,44958
Buddy Hield,30,Indiana Pacers,44958
Cade Cunningham,21,Detroit Pistons,44958
Caleb Houstan,20,Orlando Magic,44958
Caleb Martin,27,Miami Heat,44958
Cam Reddish,23,Portland Trail Blazers,44958
Cam Reddish,23,New York Knicks,44958
Cam Thomas,21,Brooklyn Nets,44958
Cameron Johnson,26,Brooklyn Nets,44958
Cameron Johnson,26,Phoenix Suns,44958
Cameron Payne,28,Phoenix Suns,44958
Caris LeVert,28,Cleveland Cavaliers,44958
Carlik Jones,25,Chicago Bulls,44958
Cedi Osman,27,Cleveland Cavaliers,44958
Chance Comanche,26,Portland Trail Blazers,44958
Charles Bassey,22,San Antonio Spurs,44958
Chima Moneke,27,Sacramento Kings,44958
Chimezie Metu,25,Sacramento Kings,44958
Chris Boucher,30,Toronto Raptors,44958
Chris Duarte,25,Indiana Pacers,44958
Chris Paul,37,Phoenix Suns,44958
Chris Silva,26,Dallas Mavericks,44958
Christian Braun,21,Denver Nuggets,44958
Christian Koloko,22,Toronto Raptors,44958
Christian Wood,27,Dallas Mavericks,44958
Chuma Okeke,24,Orlando Magic,44958
CJ McCollum,31,New Orleans Pelicans,44958
Clint Capela,28,Atlanta Hawks,44958
Coby White,22,Chicago Bulls,44958
Cody Martin,27,Charlotte Hornets,44958
Cody Zeller,30,Miami Heat,44958
Cole Anthony,22,Orlando Magic,44958
Cole Swider,23,Los Angeles Lakers,44958
Collin Sexton,24,Utah Jazz,44958
Corey Kispert,23,Washington Wizards,44958
Cory Joseph,31,Detroit Pistons,44958
Daishen Nix,20,Houston Rockets,44958
Dalano Banton,23,Toronto Raptors,44958
Dalen Terry,20,Chicago Bulls,44958
Damian Jones,27,Utah Jazz,44958
Damian Jones,27,Los Angeles Lakers,44958
Damian Lillard,32,Portland Trail Blazers,44958
Damion Lee,30,Phoenix Suns,44958
D'Angelo Russell,26,Minnesota Timberwolves,44958
D'Angelo Russell,26,Los Angeles Lakers,44958
Daniel Gafford,24,Washington Wizards,44958
Daniel Theis,30,Indiana Pacers,44958
Danny Green,35,Cleveland Cavaliers,44958
Danny Green,35,Memphis Grizzlies,44958
Danuel House Jr.,29,Philadelphia 76ers,44958
Dario Šarić,28,Phoenix Suns,44958
Dario Šarić,28,Oklahoma City Thunder,44958
Darius Bazley,22,Oklahoma City Thunder,44958
Darius Bazley,22,Phoenix Suns,44958
Darius Days,23,Houston Rockets,44958
Darius Garland,23,Cleveland Cavaliers,44958
David Duke Jr.,23,Brooklyn Nets,44958
David Roddy,21,Memphis Grizzlies,44958
Davion Mitchell,24,Sacramento Kings,44958
Dāvis Bertāns,30,Dallas Mavericks,44958
Davon Reed,27,Denver Nuggets,44958
Davon Reed,27,Los Angeles Lakers,44958
Day'Ron Sharpe,21,Brooklyn Nets,44958
De'Aaron Fox,25,Sacramento Kings,44958
Dean Wade,26,Cleveland Cavaliers,44958
Deandre Ayton,24,Phoenix Suns,44958
De'Andre Hunter,25,Atlanta Hawks,44958
DeAndre Jordan,34,Denver Nuggets,44958
De'Anthony Melton,24,Philadelphia 76ers,44958
Dejounte Murray,26,Atlanta Hawks,44958
Delon Wright,30,Washington Wizards,44958
DeMar DeRozan,33,Chicago Bulls,44958
Deni Avdija,22,Washington Wizards,44958
Dennis Schröder,29,Los Angeles Lakers,44958
Dennis Smith Jr.,25,Charlotte Hornets,44958
Deonte Burton,29,Sacramento Kings,44958
Dereon Seabron,22,New Orleans Pelicans,44958
Derrick Jones Jr.,25,Chicago Bulls,44958
Derrick Rose,34,New York Knicks,44958
Derrick White,28,Boston Celtics,44958
Desmond Bane,24,Memphis Grizzlies,44958
Devin Booker,26,Phoenix Suns,44958
Devin Vassell,22,San Antonio Spurs,44958
Devon Dotson,23,Washington Wizards,44958
Devonte' Graham,27,New Orleans Pelicans,44958
Devonte' Graham,27,San Antonio Spurs,44958
Dewayne Dedmon,33,Miami Heat,44958
Dewayne Dedmon,33,Philadelphia 76ers,44958
Dillon Brooks,27,Memphis Grizzlies,44958
Domantas Sabonis,26,Sacramento Kings,44958
Dominick Barlow,19,San Antonio Spurs,44958
Donovan Mitchell,26,Cleveland Cavaliers,44958
Donovan Williams,21,Atlanta Hawks,44958
Donte DiVincenzo,26,Golden State Warriors,44958
Dorian Finney-Smith,29,Dallas Mavericks,44958
Dorian Finney-Smith,29,Brooklyn Nets,44958
Doug McDermott,31,San Antonio Spurs,44958
Draymond Green,32,Golden State Warriors,44958
Drew Eubanks,25,Portland Trail Blazers,44958
Dru Smith,25,Brooklyn Nets,44958
Dru Smith,25,Miami Heat,44958
Duane Washington Jr.,22,Phoenix Suns,44958
Duncan Robinson,28,Miami Heat,44958
Dwight Powell,31,Dallas Mavericks,44958
Dylan Windler,26,Cleveland Cavaliers,44958
Dyson Daniels,19,New Orleans Pelicans,44958
Edmond Sumner,27,Brooklyn Nets,44958
Eric Gordon,34,Houston Rockets,44958
Eric Gordon,34,Los Angeles Clippers,44958
Eugene Omoruyi,25,Detroit Pistons,44958
Eugene Omoruyi,25,Oklahoma City Thunder,44958
Evan Fournier,30,New York Knicks,44958
Evan Mobley,21,Cleveland Cavaliers,44958
Facundo Campazzo,31,Dallas Mavericks,44958
Frank Jackson,24,Utah Jazz,44958
Frank Kaminsky,29,Atlanta Hawks,44958
Frank Kaminsky,29,Houston Rockets,44958
Frank Ntilikina,24,Dallas Mavericks,44958
Franz Wagner,21,Orlando Magic,44958
Fred VanVleet,28,Toronto Raptors,44958
Furkan Korkmaz,25,Philadelphia 76ers,44958
Gabe Vincent,26,Miami Heat,44958
Gabe York,29,Indiana Pacers,44958
Garrett Temple,36,New Orleans Pelicans,44958
Garrison Mathews,26,Houston Rockets,44958
Garrison Mathews,26,Atlanta Hawks,44958
Gary Harris,28,Orlando Magic,44958
Gary Payton II,30,Portland Trail Blazers,44958
Gary Payton II,30,Golden State Warriors,44958
Gary Trent Jr.,24,Toronto Raptors,44958
George Hill,36,Milwaukee Bucks,44958
George Hill,36,Indiana Pacers,44958
Georges Niang,29,Philadelphia 76ers,44958
Giannis Antetokounmpo,28,Milwaukee Bucks,44958
Goga Bitadze,23,Orlando Magic,44958
Goga Bitadze,23,Indiana Pacers,44958
Goran Dragić,36,Chicago Bulls,44958
Goran Dragić,36,Milwaukee Bucks,44958
Gordon Hayward,32,Charlotte Hornets,44958
Gorgui Dieng,33,San Antonio Spurs,44958
Grant Williams,24,Boston Celtics,44958
Grayson Allen,27,Milwaukee Bucks,44958
Greg Brown III,21,Portland Trail Blazers,44958
Hamidou Diallo,24,Detroit Pistons,44958
Harrison Barnes,30,Sacramento Kings,44958
Haywood Highsmith,26,Miami Heat,44958
Herbert Jones,24,New Orleans Pelicans,44958
Immanuel Quickley,23,New York Knicks,44958
Isaac Okoro,22,Cleveland Cavaliers,44958
Isaiah Hartenstein,24,New York Knicks,44958
Isaiah Jackson,21,Indiana Pacers,44958
Isaiah Joe,23,Oklahoma City Thunder,44958
Isaiah Livers,24,Detroit Pistons,44958
Isaiah Mobley,23,Cleveland Cavaliers,44958
Isaiah Roby,24,San Antonio Spurs,44958
Isaiah Stewart,21,Detroit Pistons,44958
Isaiah Todd,21,Washington Wizards,44958
Ish Smith,34,Denver Nuggets,44958
Ish Wainright,28,Phoenix Suns,44958
Ivica Zubac,25,Los Angeles Clippers,44958
Ja Morant,23,Memphis Grizzlies,44958
Jabari Smith Jr.,19,Houston Rockets,44958
Jabari Walker,20,Portland Trail Blazers,44958
Jack White,25,Denver Nuggets,44958
Jacob Gilyard,24,Memphis Grizzlies,44958
Jaden Hardy,20,Dallas Mavericks,44958
Jaden Ivey,20,Detroit Pistons,44958
Jaden McDaniels,22,Minnesota Timberwolves,44958
Jaden Springer,20,Philadelphia 76ers,44958
Jae Crowder,32,Milwaukee Bucks,44958
Jae'Sean Tate,27,Houston Rockets,44958
Jake LaRavia,21,Memphis Grizzlies,44958
Jakob Poeltl,27,San Antonio Spurs,44958
Jakob Poeltl,27,Toronto Raptors,44958
Jalen Brunson,26,New York Knicks,44958
Jalen Duren,19,Detroit Pistons,44958
Jalen Green,20,Houston Rockets,44958
Jalen Johnson,21,Atlanta Hawks,44958
Jalen McDaniels,25,Charlotte Hornets,44958
Jalen McDaniels,25,Philadelphia 76ers,44958
Jalen Smith,22,Indiana Pacers,44958
Jalen Suggs,21,Orlando Magic,44958
Jalen Williams,21,Oklahoma City Thunder,44958
Jamal Cain,23,Miami Heat,44958
Jamal Murray,25,Denver Nuggets,44958
Jamaree Bouyea,23,Miami Heat,44958
Jamaree Bouyea,23,Washington Wizards,44958
James Bouknight,22,Charlotte Hornets,44958
James Harden,33,Philadelphia 76ers,44958
James Johnson,35,Indiana Pacers,44958
James Wiseman,21,Detroit Pistons,44958
James Wiseman,21,Golden State Warriors,44958
JaMychal Green,32,Golden State Warriors,44958
Jared Butler,22,Oklahoma City Thunder,44958
Jared Rhoden,23,Detroit Pistons,44958
Jaren Jackson Jr.,23,Memphis Grizzlies,44958
Jarred Vanderbilt,23,Utah Jazz,44958
Jarred Vanderbilt,23,Los Angeles Lakers,44958
Jarrell Brantley,26,Utah Jazz,44958
Jarrett Allen,24,Cleveland Cavaliers,44958
Jarrett Culver,23,Atlanta Hawks,44958
Jason Preston,23,Los Angeles Clippers,44958
JaVale McGee,35,Dallas Mavericks,44958
Javonte Green,29,Chicago Bulls,44958
Jaxson Hayes,22,New Orleans Pelicans,44958
Jay Huff,24,Washington Wizards,44958
Jay Scrubb,22,Orlando Magic,44958
Jaylen Brown,26,Boston Celtics,44958
Jaylen Nowell,23,Minnesota Timberwolves,44958
Jaylin Williams,20,Oklahoma City Thunder,44958
Jayson Tatum,24,Boston Celtics,44958
JD Davison,20,Boston Celtics,44958
Jeenathan Williams,23,Portland Trail Blazers,44958
Jeff Dowtin,25,Toronto Raptors,44958
Jeff Green,36,Denver Nuggets,44958
Jerami Grant,28,Portland Trail Blazers,44958
Jeremiah Robinson-Earl,22,Oklahoma City Thunder,44958
Jeremy Sochan,19,San Antonio Spurs,44958
Jericho Sims,24,New York Knicks,44958
Jevon Carter,27,Milwaukee Bucks,44958
Jimmy Butler,33,Miami Heat,44958
Jock Landale,27,Phoenix Suns,44958
Joe Harris,31,Brooklyn Nets,44958
Joe Ingles,35,Milwaukee Bucks,44958
Joe Wieskamp,23,Toronto Raptors,44958
Joel Embiid,28,Philadelphia 76ers,44958
John Butler,20,Portland Trail Blazers,44958
John Collins,25,Atlanta Hawks,44958
John Konchar,26,Memphis Grizzlies,44958
John Wall,32,Los Angeles Clippers,44958
Johnny Davis (23),20,Washington Wizards,44958
Johnny Juzang,21,Utah Jazz,44958
Jonas Valančiūnas,30,New Orleans Pelicans,44958
Jonathan Isaac,25,Orlando Magic,44958
Jonathan Kuminga,20,Golden State Warriors,44958
Jordan Clarkson,30,Utah Jazz,44958
Jordan Goodwin,24,Washington Wizards,44958
Jordan Hall,21,San Antonio Spurs,44958
Jordan McLaughlin,26,Minnesota Timberwolves,44958
Jordan Nwora,24,Indiana Pacers,44958
Jordan Nwora,24,Milwaukee Bucks,44958
Jordan Poole,23,Golden State Warriors,44958
Jordan Schakel,24,Washington Wizards,44958
Jose Alvarado,24,New Orleans Pelicans,44958
Josh Christopher,21,Houston Rockets,44958
Josh Giddey,20,Oklahoma City Thunder,44958
Josh Green,22,Dallas Mavericks,44958
Josh Hart,27,Portland Trail Blazers,44958
Josh Hart,27,New York Knicks,44958
Josh Minott,20,Minnesota Timberwolves,44958
Josh Okogie,24,Phoenix Suns,44958
Josh Richardson,29,San Antonio Spurs,44958
Josh Richardson,29,New Orleans Pelicans,44958
Joshua Primo,20,San Antonio Spurs,44958
Jrue Holiday,32,Milwaukee Bucks,44958
JT Thor,20,Charlotte Hornets,44958
Juan Toscano-Anderson,29,Utah Jazz,44958
Juan Toscano-Anderson,29,Los Angeles Lakers,44958
Juancho Hernangómez,27,Toronto Raptors,44958
Julian Champagnie,21,San Antonio Spurs,44958
Julian Champagnie,21,Philadelphia 76ers,44958
Julius Randle,28,New York Knicks,44958
Justin Champagnie,21,Boston Celtics,44958
Justin Champagnie,21,Toronto Raptors,44958
Justin Holiday,33,Atlanta Hawks,44958
Justin Holiday,33,Dallas Mavericks,44958
Justin Jackson,27,Boston Celtics,44958
Justin Minaya,23,Portland Trail Blazers,44958
Justise Winslow,26,Portland Trail Blazers,44958
Jusuf Nurkić,28,Portland Trail Blazers,44958
Kai Jones,22,Charlotte Hornets,44958
Karl-Anthony Towns,27,Minnesota Timberwolves,44958
Kawhi Leonard,31,Los Angeles Clippers,44958
Keegan Murray,22,Sacramento Kings,44958
Keita Bates-Diop,27,San Antonio Spurs,44958
Keldon Johnson,23,San Antonio Spurs,44958
Kelly Olynyk,31,Utah Jazz,44958
Kelly Oubre Jr.,27,Charlotte Hornets,44958
Kemba Walker,32,Dallas Mavericks,44958
Kendall Brown,19,Indiana Pacers,44958
Kendrick Nunn,27,Los Angeles Lakers,44958
Kendrick Nunn,27,Washington Wizards,44958
Kennedy Chandler,20,Memphis Grizzlies,44958
Kenneth Lofton Jr.,20,Memphis Grizzlies,44958
Kenrich Williams,28,Oklahoma City Thunder,44958
Kentavious Caldwell-Pope,29,Denver Nuggets,44958
Kenyon Martin Jr.,22,Houston Rockets,44958
Keon Ellis,23,Sacramento Kings,44958
Keon Johnson,20,Portland Trail Blazers,44958
Kessler Edwards,22,Sacramento Kings,44958
Kessler Edwards,22,Brooklyn Nets,44958
Kevin Durant,34,Brooklyn Nets,44958
Kevin Durant,34,Phoenix Suns,44958
Kevin Huerter,24,Sacramento Kings,44958
Kevin Knox,23,Detroit Pistons,44958
Kevin Knox,23,Portland Trail Blazers,44958
Kevin Love,34,Cleveland Cavaliers,44958
Kevin Love,34,Miami Heat,44958
Kevin Porter Jr.,22,Houston Rockets,44958
Kevon Harris,25,Orlando Magic,44958
Kevon Looney,26,Golden State Warriors,44958
Khem Birch,30,Toronto Raptors,44958
Khris Middleton,31,Milwaukee Bucks,44958
Killian Hayes,21,Detroit Pistons,44958
Kira Lewis Jr.,21,New Orleans Pelicans,44958
Klay Thompson,32,Golden State Warriors,44958
Kobi Simmons,25,Charlotte Hornets,44958
Kris Dunn,28,Utah Jazz,44958
Kristaps Porziņģis,27,Washington Wizards,44958
Kyle Anderson,29,Minnesota Timberwolves,44958
Kyle Kuzma,27,Washington Wizards,44958
Kyle Lowry,36,Miami Heat,44958
Kyrie Irving,30,Brooklyn Nets,44958
Kyrie Irving,30,Dallas Mavericks,44958
KZ Okpala,23,Sacramento Kings,44958
Lamar Stevens,25,Cleveland Cavaliers,44958
LaMelo Ball,21,Charlotte Hornets,44958
Landry Shamet,25,Phoenix Suns,44958
Larry Nance Jr.,30,New Orleans Pelicans,44958
Lauri Markkanen,25,Utah Jazz,44958
Leandro Bolmaro,22,Utah Jazz,44958
LeBron James,38,Los Angeles Lakers,44958
Lester Quinones,22,Golden State Warriors,44958
Lindell Wigginton,24,Milwaukee Bucks,44958
Lindy Waters III,25,Oklahoma City Thunder,44958
Lonnie Walker IV,24,Los Angeles Lakers,44958
Louis King,23,Philadelphia 76ers,44958
Luguentz Dort,23,Oklahoma City Thunder,44958
Luka Dončić,23,Dallas Mavericks,44958
Luka Garza,24,Minnesota Timberwolves,44958
Luka Šamanić,23,Utah Jazz,44958
Luke Kennard,26,Memphis Grizzlies,44958
Luke Kennard,26,Los Angeles Clippers,44958
Luke Kornet,27,Boston Celtics,44958
Mac McClung,24,Philadelphia 76ers,44958
Malachi Flynn,24,Toronto Raptors,44958
Malaki Branham,19,San Antonio Spurs,44958
Malcolm Brogdon,30,Boston Celtics,44958
Malcolm Hill,27,Chicago Bulls,44958
Malik Beasley,26,Utah Jazz,44958
Malik Beasley,26,Los Angeles Lakers,44958
Malik Monk,24,Sacramento Kings,44958
Mamadi Diakite,26,Cleveland Cavaliers,44958
Marcus Morris,33,Los Angeles Clippers,44958
Marcus Smart,28,Boston Celtics,44958
MarJon Beauchamp,22,Milwaukee Bucks,44958
Mark Williams,21,Charlotte Hornets,44958
Markelle Fultz,24,Orlando Magic,44958
Markieff Morris,33,Brooklyn Nets,44958
Markieff Morris,33,Dallas Mavericks,44958
Marko Simonovic,23,Chicago Bulls,44958
Marvin Bagley III,23,Detroit Pistons,44958
Mason Plumlee,32,Charlotte Hornets,44958
Mason Plumlee,32,Los Angeles Clippers,44958
Matisse Thybulle,25,Portland Trail Blazers,44958
Matisse Thybulle,25,Philadelphia 76ers,44958
Matt Ryan,25,Minnesota Timberwolves,44958
Matt Ryan,25,Los Angeles Lakers,44958
Matthew Dellavedova,32,Sacramento Kings,44958
Max Christie,19,Los Angeles Lakers,44958
Max Strus,26,Miami Heat,44958
Maxi Kleber,31,Dallas Mavericks,44958
McKinley Wright IV,24,Dallas Mavericks,44958
Meyers Leonard,30,Milwaukee Bucks,44958
Mfiondu Kabengele,25,Boston Celtics,44958
Micah Potter,24,Utah Jazz,44958
Michael Carter-Williams,31,Orlando Magic,44958
Michael Foster Jr.,20,Philadelphia 76ers,44958
Michael Porter Jr.,24,Denver Nuggets,44958
Mikal Bridges,26,Phoenix Suns,44958
Mikal Bridges,26,Brooklyn Nets,44958
Mike Conley,35,Utah Jazz,44958
Mike Conley,35,Minnesota Timberwolves,44958
Mike Muscala,31,Oklahoma City Thunder,44958
Mike Muscala,31,Boston Celtics,44958
Miles McBride,22,New York Knicks,44958
Mitchell Robinson,24,New York Knicks,44958
Mo Bamba,24,Orlando Magic,44958
Mo Bamba,24,Los Angeles Lakers,44958
Monte Morris,27,Washington Wizards,44958
Montrezl Harrell,29,Philadelphia 76ers,44958
Moritz Wagner,25,Orlando Magic,44958
Moses Brown,23,Los Angeles Clippers,44958
Moses Brown,23,Brooklyn Nets,44958
Moses Moody,20,Golden State Warriors,44958
Moussa Diabaté,21,Los Angeles Clippers,44958
Myles Turner,26,Indiana Pacers,44958
Naji Marshall,25,New Orleans Pelicans,44958
Nassir Little,22,Portland Trail Blazers,44958
Nathan Knight,25,Minnesota Timberwolves,44958
Naz Reid,23,Minnesota Timberwolves,44958
Neemias Queta,23,Sacramento Kings,44958
Nerlens Noel,28,Detroit Pistons,44958
Nerlens Noel,28,Brooklyn Nets,44958
Nic Claxton,23,Brooklyn Nets,44958
Nick Richards,25,Charlotte Hornets,44958
Nickeil Alexander-Walker,24,Utah Jazz,44958
Nickeil Alexander-Walker,24,Minnesota Timberwolves,44958
Nicolas Batum,34,Los Angeles Clippers,44958
Nikola Jokić,27,Denver Nuggets,44958
Nikola Jović,19,Miami Heat,44958
Nikola Vučević,32,Chicago Bulls,44958
Noah Vonleh,27,Boston Celtics,44958
Norman Powell,29,Los Angeles Clippers,44958
Obi Toppin,24,New York Knicks,44958
Ochai Agbaji,22,Utah Jazz,44958
OG Anunoby,25,Toronto Raptors,44958
Olivier Sarr,23,Oklahoma City Thunder,44958
Omer Yurtseven,24,Miami Heat,44958
Onyeka Okongwu,22,Atlanta Hawks,44958
Orlando Robinson,22,Miami Heat,44958
Oshae Brissett,24,Indiana Pacers,44958
Otto Porter Jr.,29,Toronto Raptors,44958
Ousmane Dieng,19,Oklahoma City Thunder,44958
P.J. Tucker,37,Philadelphia 76ers,44958
P.J. Washington,24,Charlotte Hornets,44958
Paolo Banchero,20,Orlando Magic,44958
Pascal Siakam,28,Toronto Raptors,44958
Pat Connaughton,30,Milwaukee Bucks,44958
Patrick Baldwin Jr.,20,Golden State Warriors,44958
Patrick Beverley,34,Los Angeles Lakers,44958
Patrick Beverley,34,Chicago Bulls,44958
Patrick Williams,21,Chicago Bulls,44958
Patty Mills,34,Brooklyn Nets,44958
Paul George,32,Los Angeles Clippers,44958
Paul Reed,23,Philadelphia 76ers,44958
Payton Pritchard,25,Boston Celtics,44958
Peyton Watson,20,Denver Nuggets,44958
PJ Dozier,26,Sacramento Kings,44958
Precious Achiuwa,23,Toronto Raptors,44958
Quentin Grimes,22,New York Knicks,44958
Quenton Jackson,24,Washington Wizards,44958
R.J. Hampton,21,Orlando Magic,44958
R.J. Hampton,21,Detroit Pistons,44958
RaiQuan Gray,23,Brooklyn Nets,44958
Raul Neto,30,Cleveland Cavaliers,44958
Reggie Bullock,31,Dallas Mavericks,44958
Reggie Jackson,32,Los Angeles Clippers,44958
Reggie Jackson,32,Denver Nuggets,44958
Richaun Holmes,29,Sacramento Kings,44958
Ricky Rubio,32,Cleveland Cavaliers,44958
RJ Barrett,22,New York Knicks,44958
Robert Covington,32,Los Angeles Clippers,44958
Robert Williams,25,Boston Celtics,44958
Robin Lopez,34,Cleveland Cavaliers,44958
Rodney McGruder,31,Detroit Pistons,44958
Romeo Langford,23,San Antonio Spurs,44958
Ron Harper Jr.,22,Toronto Raptors,44958
Royce O'Neale,29,Brooklyn Nets,44958
Rudy Gay,36,Utah Jazz,44958
Rudy Gobert,30,Minnesota Timberwolves,44958
Rui Hachimura,24,Washington Wizards,44958
Rui Hachimura,24,Los Angeles Lakers,44958
Russell Westbrook,34,Los Angeles Lakers,44958
Russell Westbrook,34,Los Angeles Clippers,44958
Ryan Arcidiacono,28,Portland Trail Blazers,44958
Ryan Arcidiacono,28,New York Knicks,44958
Ryan Rollins,20,Golden State Warriors,44958
Saben Lee,23,Phoenix Suns,44958
Saben Lee,23,Philadelphia 76ers,44958
Saddiq Bey,23,Detroit Pistons,44958
Saddiq Bey,23,Atlanta Hawks,44958
Sam Hauser,25,Boston Celtics,44958
Sam Merrill,26,Cleveland Cavaliers,44958
Sandro Mamukelashvili,23,San Antonio Spurs,44958
Sandro Mamukelashvili,23,Milwaukee Bucks,44958
Santi Aldama,22,Memphis Grizzlies,44958
Scottie Barnes,21,Toronto Raptors,44958
Scotty Pippen Jr.,22,Los Angeles Lakers,44958
Serge Ibaka,33,Milwaukee Bucks,44958
Seth Curry,32,Brooklyn Nets,44958
Shaedon Sharpe,19,Portland Trail Blazers,44958
Shai Gilgeous-Alexander,24,Oklahoma City Thunder,44958
Shake Milton,26,Philadelphia 76ers,44958
Shaquille Harrison,29,Portland Trail Blazers,44958
Simone Fontecchio,27,Utah Jazz,44958
Skylar Mays,25,Portland Trail Blazers,44958
Spencer Dinwiddie,29,Dallas Mavericks,44958
Spencer Dinwiddie,29,Brooklyn Nets,44958
Stanley Johnson,26,San Antonio Spurs,44958
Stanley Umude,23,Detroit Pistons,44958
Stephen Curry,34,Golden State Warriors,44958
Sterling Brown,27,Los Angeles Lakers,44958
Steven Adams,29,Memphis Grizzlies,44958
Svi Mykhailiuk,25,Charlotte Hornets,44958
Svi Mykhailiuk,25,New York Knicks,44958
T.J. McConnell,30,Indiana Pacers,44958
T.J. Warren,29,Brooklyn Nets,44958
T.J. Warren,29,Phoenix Suns,44958
Taj Gibson,37,Washington Wizards,44958
Talen Horton-Tucker,22,Utah Jazz,44958
Tari Eason,21,Houston Rockets,44958
Taurean Prince,28,Minnesota Timberwolves,44958
Terance Mann,26,Los Angeles Clippers,44958
Terence Davis,25,Sacramento Kings,44958
Terrence Ross,31,Orlando Magic,44958
Terrence Ross,31,Phoenix Suns,44958
Terry Rozier,28,Charlotte Hornets,44958
Terry Taylor,23,Indiana Pacers,44958
Terry Taylor,23,Chicago Bulls,44958
Thaddeus Young,34,Toronto Raptors,44958
Thanasis Antetokounmpo,30,Milwaukee Bucks,44958
Théo Maledon,21,Charlotte Hornets,44958
Theo Pinson,27,Dallas Mavericks,44958
Thomas Bryant,25,Los Angeles Lakers,44958
Thomas Bryant,25,Denver Nuggets,44958
Tim Hardaway Jr.,30,Dallas Mavericks,44958
Tobias Harris,30,Philadelphia 76ers,44958
Tony Bradley,25,Chicago Bulls,44958
Torrey Craig,32,Phoenix Suns,44958
Trae Young,24,Atlanta Hawks,44958
Tre Jones,23,San Antonio Spurs,44958
Tre Mann,21,Oklahoma City Thunder,44958
Trendon Watford,22,Portland Trail Blazers,44958
Trent Forrest,24,Atlanta Hawks,44958
Trevelin Queen,25,Indiana Pacers,44958
Trevor Hudgins,23,Houston Rockets,44958
Trevor Keels,19,New York Knicks,44958
Trey Lyles,27,Sacramento Kings,44958
Trey Murphy III,22,New Orleans Pelicans,44958
Troy Brown Jr.,23,Los Angeles Lakers,44958
Ty Jerome,25,Golden State Warriors,44958
Tyler Dorsey,26,Dallas Mavericks,44958
Tyler Herro,23,Miami Heat,44958
Tyrese Haliburton,22,Indiana Pacers,44958
Tyrese Martin,23,Atlanta Hawks,44958
Tyrese Maxey,22,Philadelphia 76ers,44958
TyTy Washington Jr.,21,Houston Rockets,44958
Tyus Jones,26,Memphis Grizzlies,44958
Udoka Azubuike,23,Utah Jazz,44958
Udonis Haslem,42,Miami Heat,44958
Usman Garuba,20,Houston Rockets,44958
Vernon Carey Jr.,21,Washington Wizards,44958
Victor Oladipo,30,Miami Heat,44958
Vince Williams Jr.,22,Memphis Grizzlies,44958
Vit Krejci,22,Atlanta Hawks,44958
Vlatko Čančar,25,Denver Nuggets,44958
Walker Kessler,21,Utah Jazz,44958
Wendell Carter Jr.,23,Orlando Magic,44958
Wendell Moore Jr.,21,Minnesota Timberwolves,44958
Wenyen Gabriel,25,Los Angeles Lakers,44958
Wesley Matthews,36,Milwaukee Bucks,44958
Will Barton,32,Washington Wizards,44958
Will Barton,32,Toronto Raptors,44958
Willy Hernangómez,28,New Orleans Pelicans,44958
Xavier Cooks,27,Washington Wizards,44958
Xavier Moon,28,Los Angeles Clippers,44958
Xavier Sneed,25,Charlotte Hornets,44958
Xavier Tillman Sr.,24,Memphis Grizzlies,44958
Yuta Watanabe,28,Brooklyn Nets,44958
Zach Collins,25,San Antonio Spurs,44958
Zach LaVine,27,Chicago Bulls,44958
Zeke Nnaji,22,Denver Nuggets,44958
Ziaire Williams,21,Memphis Grizzlies,44958
Zion Williamson,22,New Orleans Pelicans,44958
Luka Dončić,24,Dallas Mavericks,45323
Nikola Jokić,28,Denver Nuggets,45323
Giannis Antetokounmpo,29,Milwaukee Bucks,45323
Shai Gilgeous-Alexander,25,Oklahoma City Thunder,45323
Domantas Sabonis,27,Sacramento Kings,45323
Jalen Brunson,27,New York Knicks,45323
Anthony Davis,30,Los Angeles Lakers,45323
Kevin Durant,35,Phoenix Suns,45323
Jayson Tatum,25,Boston Celtics,45323
Anthony Edwards,22,Minnesota Timberwolves,45323
LeBron James,39,Los Angeles Lakers,45323
De'Aaron Fox,26,Sacramento Kings,45323
Paolo Banchero,21,Orlando Magic,45323
Stephen Curry,35,Golden State Warriors,45323
DeMar DeRozan,34,Chicago Bulls,45323
Dejounte Murray,27,Atlanta Hawks,45323
Devin Booker,27,Phoenix Suns,45323
Damian Lillard,33,Milwaukee Bucks,45323
Tyrese Maxey,23,Philadelphia 76ers,45323
Victor Wembanyama,20,San Antonio Spurs,45323
Tyrese Haliburton,23,Indiana Pacers,45323
Zion Williamson,23,New Orleans Pelicans,45323
Paul George,33,Los Angeles Clippers,45323
Jalen Green,21,Houston Rockets,45323
Kawhi Leonard,32,Los Angeles Clippers,45323
Mikal Bridges,27,Brooklyn Nets,45323
Kyle Kuzma,28,Washington Wizards,45323
Nikola Vučević,33,Chicago Bulls,45323
Jaylen Brown,27,Boston Celtics,45323
Coby White,23,Chicago Bulls,45323
Bam Adebayo,26,Miami Heat,45323
Trae Young,25,Atlanta Hawks,45323
Alperen Şengün,21,Houston Rockets,45323
Miles Bridges,25,Charlotte Hornets,45323
Chet Holmgren,21,Oklahoma City Thunder,45323
Cade Cunningham,22,Detroit Pistons,45323
Jarrett Allen,25,Cleveland Cavaliers,45323
Fred VanVleet,29,Houston Rockets,45323
James Harden,34,Los Angeles Clippers,45323
Donovan Mitchell,27,Cleveland Cavaliers,45323
Kyrie Irving,31,Dallas Mavericks,45323
D'Angelo Russell,27,Los Angeles Lakers,45323
Collin Sexton,25,Utah Jazz,45323
Austin Reaves,25,Los Angeles Lakers,45323
Franz Wagner,22,Orlando Magic,45323
Jaren Jackson Jr.,24,Memphis Grizzlies,45323
Brandon Ingram,26,New Orleans Pelicans,45323
Karl-Anthony Towns,28,Minnesota Timberwolves,45323
Michael Porter Jr.,25,Denver Nuggets,45323
Scottie Barnes,22,Toronto Raptors,45323
Joel Embiid,29,Philadelphia 76ers,45323
Jalen Williams,22,Oklahoma City Thunder,45323
Jordan Poole,24,Washington Wizards,45323
Cam Thomas,22,Brooklyn Nets,45323
Rudy Gobert,31,Minnesota Timberwolves,45323
CJ McCollum,32,New Orleans Pelicans,45323
Myles Turner,27,Indiana Pacers,45323
Jamal Murray,26,Denver Nuggets,45323
Devin Vassell,23,San Antonio Spurs,45323
Bogdan Bogdanović,31,Atlanta Hawks,45323
Jimmy Butler,34,Miami Heat,45323
Klay Thompson,33,Golden State Warriors,45323
Deni Avdija,23,Washington Wizards,45323
Tobias Harris,31,Philadelphia 76ers,45323
Lauri Markkanen,26,Utah Jazz,45323
Donte DiVincenzo,27,New York Knicks,45323
Brandon Miller,21,Charlotte Hornets,45323
Derrick White,29,Boston Celtics,45323
Josh Giddey,21,Oklahoma City Thunder,45323
Jusuf Nurkić,29,Phoenix Suns,45323
Jaden Ivey,21,Detroit Pistons,45323
Bobby Portis,28,Milwaukee Bucks,45323
Jonas Valančiūnas,31,New Orleans Pelicans,45323
Keegan Murray,23,Sacramento Kings,45323
Malik Monk,25,Sacramento Kings,45323
Jonathan Kuminga,21,Golden State Warriors,45323
Julius Randle,29,New York Knicks,45323
Jabari Smith Jr.,20,Houston Rockets,45323
Aaron Gordon,28,Denver Nuggets,45323
Kristaps Porziņģis,28,Boston Celtics,45323
Keldon Johnson,24,San Antonio Spurs,45323
Naz Reid,24,Minnesota Timberwolves,45323
John Collins,26,Utah Jazz,45323
Josh Hart,28,New York Knicks,45323
Darius Garland,24,Cleveland Cavaliers,45323
Nic Claxton,24,Brooklyn Nets,45323
Caris LeVert,29,Cleveland Cavaliers,45323
Tim Hardaway Jr.,31,Dallas Mavericks,45323
Clint Capela,29,Atlanta Hawks,45323
Jalen Duren,20,Detroit Pistons,45323
Grayson Allen,28,Phoenix Suns,45323
Jerami Grant,29,Portland Trail Blazers,45323
Brook Lopez,35,Milwaukee Bucks,45323
Mike Conley,36,Minnesota Timberwolves,45323
Deandre Ayton,25,Portland Trail Blazers,45323
Keyonte George,20,Utah Jazz,45323
Jalen Johnson,22,Atlanta Hawks,45323
Jrue Holiday,33,Boston Celtics,45323
Jeremy Sochan,20,San Antonio Spurs,45323
Kelly Oubre Jr.,28,Philadelphia 76ers,45323
Anfernee Simons,24,Portland Trail Blazers,45323
Tre Jones,24,San Antonio Spurs,45323
Corey Kispert,24,Washington Wizards,45323
Cole Anthony,23,Orlando Magic,45323
Bradley Beal,30,Phoenix Suns,45323
Desmond Bane,25,Memphis Grizzlies,45323
Tyus Jones,27,Washington Wizards,45323
Max Strus,27,Cleveland Cavaliers,45323
Jordan Clarkson,31,Utah Jazz,45323
Jalen Suggs,22,Orlando Magic,45323
Ayo Dosunmu,24,Chicago Bulls,45323
Scoot Henderson,19,Portland Trail Blazers,45323
Ivica Zubac,26,Los Angeles Clippers,45323
Norman Powell,30,Los Angeles Clippers,45323
Andrew Wiggins,28,Golden State Warriors,45323
Harrison Barnes,31,Sacramento Kings,45323
Jaime Jaquez Jr.,22,Miami Heat,45323
Khris Middleton,32,Milwaukee Bucks,45323
Russell Westbrook,35,Los Angeles Clippers,45323
Evan Mobley,22,Cleveland Cavaliers,45323
Gary Trent Jr.,25,Toronto Raptors,45323
Saddiq Bey,24,Atlanta Hawks,45323
Pascal Siakam,29,Indiana Pacers,45323
Herbert Jones,25,New Orleans Pelicans,45323
Reggie Jackson,33,Denver Nuggets,45323
Payton Pritchard,26,Boston Celtics,45323
Rui Hachimura,25,Los Angeles Lakers,45323
Pascal Siakam,29,Toronto Raptors,45323
Dillon Brooks,28,Houston Rockets,45323
Brandin Podziemski,20,Golden State Warriors,45323
Zach Collins,26,San Antonio Spurs,45323
T.J. McConnell,31,Indiana Pacers,45323
Tyler Herro,24,Miami Heat,45323
Moritz Wagner,26,Orlando Magic,45323
Malik Beasley,27,Milwaukee Bucks,45323
Obi Toppin,25,Indiana Pacers,45323
Aaron Nesmith,24,Indiana Pacers,45323
Duncan Robinson,29,Miami Heat,45323
Luguentz Dort,24,Oklahoma City Thunder,45323
Isaiah Hartenstein,25,New York Knicks,45323
Andre Drummond,30,Chicago Bulls,45323
Trey Murphy III,23,New Orleans Pelicans,45323
Alex Caruso,29,Chicago Bulls,45323
De'Andre Hunter,26,Atlanta Hawks,45323
Bennedict Mathurin,21,Indiana Pacers,45323
Kentavious Caldwell-Pope,30,Denver Nuggets,45323
Cameron Johnson,27,Brooklyn Nets,45323
Dennis Schröder,30,Toronto Raptors,45323
Nick Richards,26,Charlotte Hornets,45323
Immanuel Quickley,24,Toronto Raptors,45323
Georges Niang,30,Cleveland Cavaliers,45323
Jabari Walker,21,Portland Trail Blazers,45323
Paul Reed,24,Philadelphia 76ers,45323
Draymond Green,33,Golden State Warriors,45323
Chris Paul,38,Golden State Warriors,45323
Santi Aldama,23,Memphis Grizzlies,45323
Jaden McDaniels,23,Minnesota Timberwolves,45323
Amen Thompson,21,Houston Rockets,45323
Al Horford,37,Boston Celtics,45323
Kyle Anderson,30,Minnesota Timberwolves,45323
Sam Hauser,26,Boston Celtics,45323
Eric Gordon,35,Phoenix Suns,45323
Taurean Prince,29,Los Angeles Lakers,45323
Andrew Nembhard,24,Indiana Pacers,45323
Nickeil Alexander-Walker,25,Minnesota Timberwolves,45323
Spencer Dinwiddie,30,Brooklyn Nets,45323
Caleb Martin,28,Miami Heat,45323
Jakob Poeltl,28,Toronto Raptors,45323
Kevin Huerter,25,Sacramento Kings,45323
Terry Rozier,29,Charlotte Hornets,45323
RJ Barrett,23,Toronto Raptors,45323
Wendell Carter Jr.,24,Orlando Magic,45323
Ausar Thompson,21,Detroit Pistons,45323
Terance Mann,27,Los Angeles Clippers,45323
Malaki Branham,20,San Antonio Spurs,45323
Christian Braun,22,Denver Nuggets,45323
Isaac Okoro,23,Cleveland Cavaliers,45323
Walker Kessler,22,Utah Jazz,45323
Derrick Jones Jr.,26,Dallas Mavericks,45323
Malcolm Brogdon,31,Portland Trail Blazers,45323
Dorian Finney-Smith,30,Brooklyn Nets,45323
GG Jackson II,19,Memphis Grizzlies,45323
Jalen Smith,23,Indiana Pacers,45323
Onyeka Okongwu,23,Atlanta Hawks,45323
Marcus Sasser,23,Detroit Pistons,45323
Vince Williams Jr.,23,Memphis Grizzlies,45323
Buddy Hield,31,Indiana Pacers,45323
Isaiah Joe,24,Oklahoma City Thunder,45323
Duop Reath,27,Portland Trail Blazers,45323
Trayce Jackson-Davis,23,Golden State Warriors,45323
P.J. Washington,25,Charlotte Hornets,45323
Toumani Camara,23,Portland Trail Blazers,45323
Dario Šarić,29,Golden State Warriors,45323
Bilal Coulibaly,19,Washington Wizards,45323
Cason Wallace,20,Oklahoma City Thunder,45323
Daniel Gafford,25,Washington Wizards,45323
Kevin Love,35,Miami Heat,45323
Peyton Watson,21,Denver Nuggets,45323
Dereck Lively II,19,Dallas Mavericks,45323
Isaiah Stewart,22,Detroit Pistons,45323
LaMelo Ball,22,Charlotte Hornets,45323
Kelly Olynyk,32,Utah Jazz,45323
Talen Horton-Tucker,23,Utah Jazz,45323
Aaron Wiggins,25,Oklahoma City Thunder,45323
Day'Ron Sharpe,22,Brooklyn Nets,45323
Julian Champagnie,22,San Antonio Spurs,45323
Naji Marshall,26,New Orleans Pelicans,45323
Miles McBride,23,New York Knicks,45323
Cam Whitmore,19,Houston Rockets,45323
Pat Connaughton,31,Milwaukee Bucks,45323
Lonnie Walker IV,25,Brooklyn Nets,45323
Terry Rozier,29,Miami Heat,45323
Moses Moody,21,Golden State Warriors,45323
Aaron Holiday,27,Houston Rockets,45323
Kevon Looney,27,Golden State Warriors,45323
Cedi Osman,28,San Antonio Spurs,45323
Jaden Hardy,21,Dallas Mavericks,45323
James Wiseman,22,Detroit Pistons,45323
Josh Green,23,Dallas Mavericks,45323
Kris Dunn,29,Utah Jazz,45323
Shaedon Sharpe,20,Portland Trail Blazers,45323
Bojan Bogdanović,34,Detroit Pistons,45323
Dalano Banton,24,Portland Trail Blazers,45323
Jeff Green,37,Houston Rockets,45323
Jordan Hawkins,21,New Orleans Pelicans,45323
Alec Burks,32,Detroit Pistons,45323
Gradey Dick,20,Toronto Raptors,45323
Dyson Daniels,20,New Orleans Pelicans,45323
Zach LaVine,28,Chicago Bulls,45323
Dante Exum,28,Dallas Mavericks,45323
Sam Merrill,27,Cleveland Cavaliers,45323
Dennis Smith Jr.,26,Brooklyn Nets,45323
Precious Achiuwa,24,New York Knicks,45323
Larry Nance Jr.,31,New Orleans Pelicans,45323
Drew Eubanks,26,Phoenix Suns,45323
Trey Lyles,28,Sacramento Kings,45323
Dennis Schröder,30,Brooklyn Nets,45323
Amir Coffey,26,Los Angeles Clippers,45323
Trendon Watford,23,Brooklyn Nets,45323
Simone Fontecchio,28,Utah Jazz,45323
Royce O'Neale,30,Brooklyn Nets,45323
De'Anthony Melton,25,Philadelphia 76ers,45323
Luke Kennard,27,Memphis Grizzlies,45323
Haywood Highsmith,27,Miami Heat,45323
Ziaire Williams,22,Memphis Grizzlies,45323
Patrick Williams,22,Chicago Bulls,45323
Jonathan Isaac,26,Orlando Magic,45323
RJ Barrett,23,New York Knicks,45323
David Roddy,22,Memphis Grizzlies,45323
Josh Richardson,30,Miami Heat,45323
Kris Murray,23,Portland Trail Blazers,45323
Isaiah Jackson,22,Indiana Pacers,45323
Daniel Theis,31,Los Angeles Clippers,45323
Jose Alvarado,25,New Orleans Pelicans,45323
Bruce Brown,27,Indiana Pacers,45323
Grant Williams,25,Charlotte Hornets,45323
Nicolas Batum,35,Philadelphia 76ers,45323
Goga Bitadze,24,Orlando Magic,45323
Kelly Olynyk,32,Toronto Raptors,45323
Luke Kornet,28,Boston Celtics,45323
Immanuel Quickley,24,New York Knicks,45323
Grant Williams,25,Dallas Mavericks,45323
Joe Ingles,36,Orlando Magic,45323
Christian Wood,28,Los Angeles Lakers,45323
Davion Mitchell,25,Sacramento Kings,45323
Nikola Jović,20,Miami Heat,45323
Matisse Thybulle,26,Portland Trail Blazers,45323
OG Anunoby,26,Toronto Raptors,45323
Buddy Hield,31,Philadelphia 76ers,45323
Killian Hayes,22,Detroit Pistons,45323
Tre Mann,22,Charlotte Hornets,45323
Kenrich Williams,29,Oklahoma City Thunder,45323
Gordon Hayward,33,Charlotte Hornets,45323
Markelle Fultz,25,Orlando Magic,45323
Vasilije Micić,30,Charlotte Hornets,45323
Jaylin Williams,21,Oklahoma City Thunder,45323
Jake LaRavia,22,Memphis Grizzlies,45323
Kyle Lowry,37,Miami Heat,45323
Gary Harris,29,Orlando Magic,45323
Patrick Beverley,35,Philadelphia 76ers,45323
John Konchar,27,Memphis Grizzlies,45323
Daniel Gafford,25,Dallas Mavericks,45323
P.J. Washington,25,Dallas Mavericks,45323
Torrey Craig,33,Chicago Bulls,45323
Bruce Brown,27,Toronto Raptors,45323
Anthony Black,20,Orlando Magic,45323
Jevon Carter,28,Chicago Bulls,45323
Chris Boucher,31,Toronto Raptors,45323
Jae Crowder,33,Milwaukee Bucks,45323
Dean Wade,27,Cleveland Cavaliers,45323
Jaxson Hayes,23,Los Angeles Lakers,45323
Keon Ellis,24,Sacramento Kings,45323
Blake Wesley,20,San Antonio Spurs,45323
Marvin Bagley III,24,Washington Wizards,45323
Craig Porter Jr.,23,Cleveland Cavaliers,45323
Jae'Sean Tate,28,Houston Rockets,45323
Bruno Fernando,25,Atlanta Hawks,45323
Mo Bamba,25,Philadelphia 76ers,45323
Taylor Hendricks,20,Utah Jazz,45323
Jock Landale,28,Houston Rockets,45323
Josh Okogie,25,Phoenix Suns,45323
Mason Plumlee,33,Los Angeles Clippers,45323
Quentin Grimes,23,New York Knicks,45323
OG Anunoby,26,New York Knicks,45323
Max Christie,20,Los Angeles Lakers,45323
Cameron Payne,29,Milwaukee Bucks,45323
Garrison Mathews,27,Atlanta Hawks,45323
Landry Shamet,26,Washington Wizards,45323
Dwight Powell,32,Dallas Mavericks,45323
Royce O'Neale,30,Phoenix Suns,45323
Bryce McGowens,21,Charlotte Hornets,45323
Cameron Payne,29,Philadelphia 76ers,45323
Marcus Smart,29,Memphis Grizzlies,45323
Scotty Pippen Jr.,23,Memphis Grizzlies,45323
Ochai Agbaji,23,Utah Jazz,45323
Nick Smith Jr.,19,Charlotte Hornets,45323
Jared Butler,23,Washington Wizards,45323
Jordan Nwora,25,Toronto Raptors,45323
Mark Williams,22,Charlotte Hornets,45323
Omer Yurtseven,25,Utah Jazz,45323
Cam Reddish,24,Los Angeles Lakers,45323
Cody Martin,28,Charlotte Hornets,45323
Bones Hyland,23,Los Angeles Clippers,45323
Marvin Bagley III,24,Detroit Pistons,45323
Bojan Bogdanović,34,New York Knicks,45323
Mitchell Robinson,25,New York Knicks,45323
Xavier Tillman Sr.,25,Memphis Grizzlies,45323
Gary Payton II,31,Golden State Warriors,45323
Ben Sheppard,22,Indiana Pacers,45323
Doug McDermott,32,San Antonio Spurs,45323
Brice Sensabaugh,20,Utah Jazz,45323
Maxi Kleber,32,Dallas Mavericks,45323
Justin Holiday,34,Denver Nuggets,45323
Tari Eason,22,Houston Rockets,45323
Marcus Morris,34,Philadelphia 76ers,45323
Oshae Brissett,25,Boston Celtics,45323
KJ Martin,23,Philadelphia 76ers,45323
Jordan Goodwin,25,Phoenix Suns,45323
Chris Duarte,26,Sacramento Kings,45323
Jordan McLaughlin,27,Minnesota Timberwolves,45323
Jalen Wilson,23,Brooklyn Nets,45323
Caleb Houstan,21,Orlando Magic,45323
Bol Bol,24,Phoenix Suns,45323
Thomas Bryant,26,Miami Heat,45323
Dalen Terry,21,Chicago Bulls,45323
Sandro Mamukelashvili,24,San Antonio Spurs,45323
Bismack Biyombo,31,Memphis Grizzlies,45323
Jordan Goodwin,25,Memphis Grizzlies,45323
JT Thor,21,Charlotte Hornets,45323
A.J. Green,24,Milwaukee Bucks,45323
Ja Morant,24,Memphis Grizzlies,45323
Precious Achiuwa,24,Toronto Raptors,45323
Simone Fontecchio,28,Detroit Pistons,45323
Kyle Lowry,37,Philadelphia 76ers,45323
Tristan Thompson,32,Cleveland Cavaliers,45323
Jacob Gilyard,25,Memphis Grizzlies,45323
Julian Strawther,21,Denver Nuggets,45323
Ish Smith,35,Charlotte Hornets,45323
Dāvis Bertāns,31,Charlotte Hornets,45323
Sasha Vezenkov,28,Sacramento Kings,45323
Lamar Stevens,26,Memphis Grizzlies,45323
MarJon Beauchamp,23,Milwaukee Bucks,45323
Zeke Nnaji,23,Denver Nuggets,45323
Eugene Omoruyi,26,Washington Wizards,45323
Kevin Knox,24,Detroit Pistons,45323
Evan Fournier,31,Detroit Pistons,45323
Derrick Rose,35,Memphis Grizzlies,45323
JaVale McGee,36,Sacramento Kings,45323
Trey Jemison,24,Memphis Grizzlies,45323
Spencer Dinwiddie,30,Los Angeles Lakers,45323
Anthony Gill,31,Washington Wizards,45323
Patrick Beverley,35,Milwaukee Bucks,45323
Chimezie Metu,26,Phoenix Suns,45323
Patrick Baldwin Jr.,21,Washington Wizards,45323
Ochai Agbaji,23,Toronto Raptors,45323
Keita Bates-Diop,28,Phoenix Suns,45323
Jarred Vanderbilt,24,Los Angeles Lakers,45323
Malachi Flynn,25,Detroit Pistons,45323
Rayan Rupert,19,Portland Trail Blazers,45323
DeAndre Jordan,35,Denver Nuggets,45323
Malachi Flynn,25,Toronto Raptors,45323
Luka Šamanić,24,Utah Jazz,45323
Danilo Gallinari,35,Washington Wizards,45323
Shake Milton,27,Minnesota Timberwolves,45323
Jalen McDaniels,26,Toronto Raptors,45323
Neemias Queta,24,Boston Celtics,45323
Dominick Barlow,20,San Antonio Spurs,45323
Alex Len,30,Sacramento Kings,45323
Delon Wright,31,Washington Wizards,45323
Lester Quiñones,23,Golden State Warriors,45323
Andre Jackson Jr.,22,Milwaukee Bucks,45323
Ben Simmons,27,Brooklyn Nets,45323
Javon Freeman-Liberty,24,Toronto Raptors,45323
Troy Brown Jr.,24,Minnesota Timberwolves,45323
Johnny Davis,21,Washington Wizards,45323
Chimezie Metu,26,Detroit Pistons,45323
Svi Mykhailiuk,26,Boston Celtics,45323
Jontay Porter,24,Toronto Raptors,45323
Skylar Mays,26,Portland Trail Blazers,45323
Monte Morris,28,Minnesota Timberwolves,45323
Nassir Little,23,Phoenix Suns,45323
Ricky Council IV,22,Philadelphia 76ers,45323
Seth Curry,33,Dallas Mavericks,45323
Gordon Hayward,33,Oklahoma City Thunder,45323
Brandon Boston Jr.,22,Los Angeles Clippers,45323
Aleksej Pokusevski,22,Charlotte Hornets,45323
Vit Krejci,23,Atlanta Hawks,45323
Jericho Sims,25,New York Knicks,45323
Danuel House Jr.,30,Philadelphia 76ers,45323
Thaddeus Young,35,Toronto Raptors,45323
Noah Clowney,19,Brooklyn Nets,45323
Jaden Springer,21,Philadelphia 76ers,45323
Ousmane Dieng,20,Oklahoma City Thunder,45323
Jarace Walker,20,Indiana Pacers,45323
Richaun Holmes,30,Washington Wizards,45323
Robert Covington,33,Philadelphia 76ers,45323
Matt Ryan,26,New Orleans Pelicans,45323
Alec Burks,32,New York Knicks,45323
Trent Forrest,25,Atlanta Hawks,45323
Olivier-Maxence Prosper,21,Dallas Mavericks,45323
Johnny Juzang,22,Utah Jazz,45323
A.J. Lawson,23,Dallas Mavericks,45323
Lindy Waters III,26,Oklahoma City Thunder,45323
Jeremiah Robinson-Earl,23,New Orleans Pelicans,45323
Orlando Robinson,23,Miami Heat,45323
Cody Zeller,31,New Orleans Pelicans,45323
Devonte' Graham,28,San Antonio Spurs,45323
Vasilije Micić,30,Oklahoma City Thunder,45323
Chuma Okeke,25,Orlando Magic,45323
Stanley Umude,24,Detroit Pistons,45323
Isaiah Livers,25,Detroit Pistons,45323
Wesley Matthews,37,Atlanta Hawks,45323
Damian Jones,28,Cleveland Cavaliers,45323
Mike Muscala,32,Washington Wizards,45323
Troy Brown Jr.,24,Detroit Pistons,45323
Javonte Green,30,Chicago Bulls,45323
Reggie Bullock,32,Houston Rockets,45323
Ashton Hagans,24,Portland Trail Blazers,45323
Kobe Brown,24,Los Angeles Clippers,45323
Yuta Watanabe,29,Phoenix Suns,45323
Garrett Temple,37,Toronto Raptors,45323
Justin Champagnie,22,Washington Wizards,45323
Richaun Holmes,30,Dallas Mavericks,45323
Moses Brown,24,Portland Trail Blazers,45323
Kessler Edwards,23,Sacramento Kings,45323
Xavier Tillman Sr.,25,Boston Celtics,45323
Charles Bassey,23,San Antonio Spurs,45323
Jamal Cain,24,Miami Heat,45323
Jordan Nwora,25,Indiana Pacers,45323
Furkan Korkmaz,26,Philadelphia 76ers,45323
Tosan Evbuomwan,22,Detroit Pistons,45323
Delon Wright,31,Miami Heat,45323
Kobe Bufkin,20,Atlanta Hawks,45323
Julian Phillips,20,Chicago Bulls,45323
Collin Gillespie,24,Denver Nuggets,45323
Gui Santos,21,Golden State Warriors,45323
Luka Garza,25,Minnesota Timberwolves,45323
Leaky Black,24,Charlotte Hornets,45323
Tristan Vukcevic,20,Washington Wizards,45323
Jared Rhoden,24,Detroit Pistons,45323
Cory Joseph,32,Golden State Warriors,45323
Saben Lee,24,Phoenix Suns,45323
Justin Minaya,24,Portland Trail Blazers,45323
Onuralp Bitim,24,Chicago Bulls,45323
Colby Jones,21,Sacramento Kings,45323
P.J. Tucker,38,Los Angeles Clippers,45323
Markieff Morris,34,Dallas Mavericks,45323
Patty Mills,35,Miami Heat,45323
Jules Bernard,24,Washington Wizards,45323
Brandon Clarke,27,Memphis Grizzlies,45323
Seth Curry,33,Charlotte Hornets,45323
Dalano Banton,24,Boston Celtics,45323
Doug McDermott,32,Indiana Pacers,45323
Marcus Morris,34,Cleveland Cavaliers,45323
DeJon Jarreau,26,Memphis Grizzlies,45323
Théo Maledon,22,Charlotte Hornets,45323
Jeff Dowtin Jr.,26,Philadelphia 76ers,45323
Micah Potter,25,Utah Jazz,45323
Jeenathan Williams,24,Houston Rockets,45323
Nathan Mensah,25,Charlotte Hornets,45323
Kenneth Lofton Jr.,21,Utah Jazz,45323
Lamar Stevens,26,Boston Celtics,45323
Tre Mann,22,Oklahoma City Thunder,45323
Ibou Badji,21,Portland Trail Blazers,45323
Terry Taylor,24,Chicago Bulls,45323
Patty Mills,35,Atlanta Hawks,45323
Zavier Simpson,26,Memphis Grizzlies,45323
Brandon Williams,24,Dallas Mavericks,45323
Harry Giles,25,Brooklyn Nets,45323
Mãozinha Pereira,23,Memphis Grizzlies,45323
Jaylen Nowell,24,Memphis Grizzlies,45323
Mike Muscala,32,Detroit Pistons,45323
Danilo Gallinari,35,Detroit Pistons,45323
Darius Bazley,23,Utah Jazz,45323
Robert Williams,26,Portland Trail Blazers,45323
Boban Marjanović,35,Houston Rockets,45323
Danilo Gallinari,35,Milwaukee Bucks,45323
Trevelin Queen,26,Orlando Magic,45323
Josh Minott,21,Minnesota Timberwolves,45323
Kira Lewis Jr.,22,Utah Jazz,45323
Sidy Cissoko,19,San Antonio Spurs,45323
Jalen Pickett,24,Denver Nuggets,45323
Kira Lewis Jr.,22,New Orleans Pelicans,45323
Jahmi'us Ramsey,22,Toronto Raptors,45323
Terquavion Smith,21,Philadelphia 76ers,45323
Otto Porter Jr.,30,Toronto Raptors,45323
AJ Griffin,20,Atlanta Hawks,45323
T.J. Warren,30,Minnesota Timberwolves,45323
Xavier Moon,29,Los Angeles Clippers,45323
Marques Bolden,25,Charlotte Hornets,45323
Dru Smith,26,Miami Heat,45323
James Bouknight,23,Charlotte Hornets,45323
Kenneth Lofton Jr.,21,Memphis Grizzlies,45323
Olivier Sarr,24,Oklahoma City Thunder,45323
Ryan Rollins,21,Washington Wizards,45323
Dāvis Bertāns,31,Oklahoma City Thunder,45323
Emoni Bates,20,Cleveland Cavaliers,45323
Gabe Vincent,27,Los Angeles Lakers,45323
Udoka Azubuike,24,Phoenix Suns,45323
Adama Sanogo,21,Chicago Bulls,45323
Jaden Springer,21,Boston Celtics,45323
Armoni Brooks,25,Brooklyn Nets,45323
Joe Harris,32,Detroit Pistons,45323
Thanasis Antetokounmpo,31,Milwaukee Bucks,45323
Nate Hinton,24,Houston Rockets,45323
Quentin Grimes,23,Detroit Pistons,45323
Cole Swider,24,Miami Heat,45323
Jalen Hood-Schifino,20,Los Angeles Lakers,45323
Leonard Miller,20,Minnesota Timberwolves,45323
Mouhamadou Gueye,25,Toronto Raptors,45323
Moussa Diabaté,22,Los Angeles Clippers,45323
Thaddeus Young,35,Phoenix Suns,45323
Matthew Hurt,23,Memphis Grizzlies,45323
Malik Williams,25,Toronto Raptors,45323
Shake Milton,27,Detroit Pistons,45323
Chris Livingston,20,Milwaukee Bucks,45323
Buddy Boeheim,24,Detroit Pistons,45323
Mouhamed Gueye,21,Atlanta Hawks,45323
Admiral Schofield,26,Orlando Magic,45323
Taj Gibson,38,New York Knicks,45323
Monte Morris,28,Detroit Pistons,45323
Braxton Key,26,Denver Nuggets,45323
Malachi Flynn,25,New York Knicks,45323
Jerome Robinson,26,Golden State Warriors,45323
Jaylen Nowell,24,Detroit Pistons,45323
Jett Howard,20,Orlando Magic,45323
Keon Johnson,21,Brooklyn Nets,45323
Dylan Windler,27,Atlanta Hawks,45323
Oscar Tshiebwe,24,Indiana Pacers,45323
David Duke Jr.,24,San Antonio Spurs,45323
Jason Preston,24,Utah Jazz,45323
Kobi Simmons,26,Toronto Raptors,45323
Skylar Mays,26,Los Angeles Lakers,45323
Wenyen Gabriel,26,Memphis Grizzlies,45323
Amari Bailey,19,Charlotte Hornets,45323
Daishen Nix,21,Minnesota Timberwolves,45323
Isaiah Mobley,24,Cleveland Cavaliers,45323
Colin Castleton,23,Los Angeles Lakers,45323
Mike Muscala,32,Oklahoma City Thunder,45323
Keita Bates-Diop,28,Brooklyn Nets,45323
RaiQuan Gray,24,San Antonio Spurs,45323
Jordan Walsh,19,Boston Celtics,45323
Jay Huff,25,Denver Nuggets,45323
David Roddy,22,Phoenix Suns,45323
Wendell Moore Jr.,22,Minnesota Timberwolves,45323
Bismack Biyombo,31,Oklahoma City Thunder,45323
Dexter Dennis,24,Dallas Mavericks,45323
Jermaine Samuels,25,Houston Rockets,45323
JD Davison,21,Boston Celtics,45323
Kendall Brown,20,Indiana Pacers,45323
Timmy Allen,24,Memphis Grizzlies,45323
Hunter Tyson,23,Denver Nuggets,45323
Taze Moore,25,Portland Trail Blazers,45323
Ish Wainright,29,Portland Trail Blazers,45323
Taj Gibson,38,Detroit Pistons,45323
Robin Lopez,35,Milwaukee Bucks,45323
Greg Brown III,22,Dallas Mavericks,45323
Tosan Evbuomwan,22,Memphis Grizzlies,45323
Yuta Watanabe,29,Memphis Grizzlies,45323
Dereon Seabron,23,New Orleans Pelicans,45323
Aleksej Pokusevski,22,Oklahoma City Thunder,45323
Jamaree Bouyea,24,Portland Trail Blazers,45323
TyTy Washington Jr.,22,Milwaukee Bucks,45323
DaQuan Jeffries,26,New York Knicks,45323
Robert Covington,33,Los Angeles Clippers,45323
Keyontae Johnson,23,Oklahoma City Thunder,45323
R.J. Hampton,22,Miami Heat,45323
Jacob Toppin,23,New York Knicks,45323
Juan Toscano-Anderson,30,Sacramento Kings,45323
Jamaree Bouyea,24,San Antonio Spurs,45323
Maxwell Lewis,21,Los Angeles Lakers,45323
Dylan Windler,27,Los Angeles Lakers,45323
D'Moi Hodge,25,Los Angeles Lakers,45323
Seth Lundy,23,Atlanta Hawks,45323
James Johnson,36,Indiana Pacers,45323
Shake Milton,27,New York Knicks,45323
Nicolas Batum,35,Los Angeles Clippers,45323
Evan Fournier,31,New York Knicks,45323
Henri Drell,23,Chicago Bulls,45323
Jordan Miller,24,Los Angeles Clippers,45323
D.J. Carton,23,Toronto Raptors,45323
Mamadi Diakite,27,San Antonio Spurs,45323
P.J. Tucker,38,Philadelphia 76ers,45323
Jack White,26,Memphis Grizzlies,45323
Jordan Ford,25,Sacramento Kings,45323
Jalen Slawson,24,Sacramento Kings,45323
Mason Jones,25,Sacramento Kings,45323
Alex Fudge,20,Dallas Mavericks,45323
KJ Martin,23,Los Angeles Clippers,45323
D.J. Wilson,27,Philadelphia 76ers,45323
Drew Peterson,24,Boston Celtics,45323
Frank Ntilikina,25,Charlotte Hornets,45323
Pat Spencer,27,Golden State Warriors,45323
Isaiah Thomas,34,Phoenix Suns,45323
Usman Garuba,21,Golden State Warriors,45323
E.J. Liddell,23,New Orleans Pelicans,45323
Ryan Arcidiacono,29,New York Knicks,45323
Dariq Whitehead,19,Brooklyn Nets,45323
Jacob Gilyard,25,Brooklyn Nets,45323
Charlie Brown Jr.,26,New York Knicks,45323
Ish Wainright,29,Phoenix Suns,45323
Ty Jerome,26,Cleveland Cavaliers,45323
Ryan Rollins,21,Milwaukee Bucks,45323
Quenton Jackson,25,Indiana Pacers,45323
Adam Flagler,24,Oklahoma City Thunder,45323
Lindell Wigginton,25,Milwaukee Bucks,45323
Kevon Harris,26,Orlando Magic,45323
Alondes Williams,24,Miami Heat,45323
Théo Maledon,22,Phoenix Suns,45323
Alex Fudge,20,Los Angeles Lakers,45323
Izaiah Brockington,24,New Orleans Pelicans,45323
Pete Nance,23,Cleveland Cavaliers,45323
Markquis Nowell,24,Toronto Raptors,45323
Harry Giles,25,Los Angeles Lakers,45323
Dylan Windler,27,New York Knicks,45323
Hamidou Diallo,25,Washington Wizards,45323
Kenneth Lofton Jr.,21,Philadelphia 76ers,45323
Shaquille Harrison,30,Memphis Grizzlies,45323
Filip Petrušev,23,Sacramento Kings,45323
Joshua Primo,21,Los Angeles Clippers,45323
Danny Green,36,Philadelphia 76ers,45323
Darius Bazley,23,Philadelphia 76ers,45323
Daniel Theis,31,Indiana Pacers,45323
Isaiah Wong,23,Indiana Pacers,45323
Marques Bolden,25,Milwaukee Bucks,45323
Mamadi Diakite,27,New York Knicks,45323
Ron Harper Jr.,23,Toronto Raptors,45323
Kaiser Gates,27,New Orleans Pelicans,45323
Filip Petrušev,23,Philadelphia 76ers,45323
Trey Jemison,24,Washington Wizards,45323
Andrew Funk,24,Chicago Bulls,45323
Malcolm Cazalon,22,Detroit Pistons,45323
Justin Jackson,28,Minnesota Timberwolves,45323
Jalen Crutcher,24,New Orleans Pelicans,45323
Dmytro Skapintsev,25,New York Knicks,45323
Javonte Smart,24,Philadelphia 76ers,45323
Kira Lewis Jr.,22,Toronto Raptors,45323
Nikola Jokić,29,Denver Nuggets,45689
Shai Gilgeous-Alexander,26,Oklahoma City Thunder,45689
Giannis Antetokounmpo,30,Milwaukee Bucks,45689
Anthony Edwards,23,Minnesota Timberwolves,45689
Trae Young,26,Atlanta Hawks,45689
Jayson Tatum,26,Boston Celtics,45689
James Harden,35,Los Angeles Clippers,45689
Cade Cunningham,23,Detroit Pistons,45689
Devin Booker,28,Phoenix Suns,45689
LeBron James,40,Los Angeles Lakers,45689
Karl-Anthony Towns,29,New York Knicks,45689
Tyler Herro,25,Miami Heat,45689
Domantas Sabonis,28,Sacramento Kings,45689
Stephen Curry,36,Golden State Warriors,45689
Alperen Şengün,22,Houston Rockets,45689
Donovan Mitchell,28,Cleveland Cavaliers,45689
Jalen Brunson,28,New York Knicks,45689
Jalen Green,22,Houston Rockets,45689
DeMar DeRozan,35,Sacramento Kings,45689
Bam Adebayo,27,Miami Heat,45689
Ivica Zubac,27,Los Angeles Clippers,45689
Pascal Siakam,30,Indiana Pacers,45689
Kevin Durant,36,Phoenix Suns,45689
Darius Garland,25,Cleveland Cavaliers,45689
Tyrese Haliburton,24,Indiana Pacers,45689
Jaren Jackson Jr.,25,Memphis Grizzlies,45689
Austin Reaves,26,Los Angeles Lakers,45689
Jalen Williams,23,Oklahoma City Thunder,45689
Nikola Vučević,34,Chicago Bulls,45689
Damian Lillard,34,Milwaukee Bucks,45689
Coby White,24,Chicago Bulls,45689
Jamal Murray,27,Denver Nuggets,45689
Evan Mobley,23,Cleveland Cavaliers,45689
Franz Wagner,23,Orlando Magic,45689
Desmond Bane,26,Memphis Grizzlies,45689
Scottie Barnes,23,Toronto Raptors,45689
Josh Hart,29,New York Knicks,45689
Michael Porter Jr.,26,Denver Nuggets,45689
Mikal Bridges,28,New York Knicks,45689
Jaylen Brown,28,Boston Celtics,45689
Julius Randle,30,Minnesota Timberwolves,45689
Miles Bridges,26,Charlotte Hornets,45689
Josh Giddey,22,Chicago Bulls,45689
Deni Avdija,24,Portland Trail Blazers,45689
Jordan Poole,25,Washington Wizards,45689
Derrick White,30,Boston Celtics,45689
Tyrese Maxey,24,Philadelphia 76ers,45689
Anfernee Simons,25,Portland Trail Blazers,45689
Jarrett Allen,26,Cleveland Cavaliers,45689
OG Anunoby,27,New York Knicks,45689
RJ Barrett,24,Toronto Raptors,45689
Shaedon Sharpe,21,Portland Trail Blazers,45689
Dyson Daniels,21,Atlanta Hawks,45689
Stephon Castle,20,San Antonio Spurs,45689
Christian Braun,23,Denver Nuggets,45689
LaMelo Ball,23,Charlotte Hornets,45689
Russell Westbrook,36,Denver Nuggets,45689
Victor Wembanyama,21,San Antonio Spurs,45689
Jalen Duren,21,Detroit Pistons,45689
Naz Reid,25,Minnesota Timberwolves,45689
Malik Beasley,28,Detroit Pistons,45689
Keyonte George,21,Utah Jazz,45689
Ja Morant,25,Memphis Grizzlies,45689
Paolo Banchero,22,Orlando Magic,45689
Kyrie Irving,32,Dallas Mavericks,45689
Malik Monk,26,Sacramento Kings,45689
Payton Pritchard,27,Boston Celtics,45689
Amen Thompson,22,Houston Rockets,45689
Onyeka Okongwu,24,Atlanta Hawks,45689
Norman Powell,31,Los Angeles Clippers,45689
Myles Turner,28,Indiana Pacers,45689
Anthony Davis,31,Los Angeles Lakers,45689
Bennedict Mathurin,22,Indiana Pacers,45689
CJ McCollum,33,New Orleans Pelicans,45689
De'Aaron Fox,27,Sacramento Kings,45689
Collin Sexton,26,Utah Jazz,45689
Rudy Gobert,32,Minnesota Timberwolves,45689
Trey Murphy III,24,New Orleans Pelicans,45689
Jaden McDaniels,24,Minnesota Timberwolves,45689
Brook Lopez,36,Milwaukee Bucks,45689
Tobias Harris,32,Detroit Pistons,45689
Chris Paul,39,San Antonio Spurs,45689
Cameron Johnson,28,Brooklyn Nets,45689
Devin Vassell,24,San Antonio Spurs,45689
Keegan Murray,24,Sacramento Kings,45689
Dillon Brooks,29,Houston Rockets,45689
Toumani Camara,24,Portland Trail Blazers,45689
Bub Carrington,19,Washington Wizards,45689
Harrison Barnes,32,San Antonio Spurs,45689
Keldon Johnson,25,San Antonio Spurs,45689
Jakob Poeltl,29,Toronto Raptors,45689
Tyus Jones,28,Phoenix Suns,45689
Spencer Dinwiddie,31,Dallas Mavericks,45689
Naji Marshall,27,Dallas Mavericks,45689
Zach LaVine,29,Chicago Bulls,45689
Alex Sarr,19,Washington Wizards,45689
Klay Thompson,34,Dallas Mavericks,45689
Fred VanVleet,30,Houston Rockets,45689
Scoot Henderson,20,Portland Trail Blazers,45689
Scotty Pippen Jr.,24,Memphis Grizzlies,45689
Kelly Oubre Jr.,29,Philadelphia 76ers,45689
P.J. Washington,26,Dallas Mavericks,45689
Santi Aldama,24,Memphis Grizzlies,45689
Aaron Wiggins,26,Oklahoma City Thunder,45689
Draymond Green,34,Golden State Warriors,45689
Isaiah Hartenstein,26,Oklahoma City Thunder,45689
Buddy Hield,32,Golden State Warriors,45689
Zaccharie Risacher,19,Atlanta Hawks,45689
Nic Claxton,25,Brooklyn Nets,45689
Ty Jerome,27,Cleveland Cavaliers,45689
Bradley Beal,31,Phoenix Suns,45689
Keon Johnson,22,Brooklyn Nets,45689
Walker Kessler,23,Utah Jazz,45689
Obi Toppin,26,Indiana Pacers,45689
Guerschon Yabusele,29,Philadelphia 76ers,45689
T.J. McConnell,32,Indiana Pacers,45689
Brandin Podziemski,21,Golden State Warriors,45689
Yves Missi,20,New Orleans Pelicans,45689
Isaiah Collier,20,Utah Jazz,45689
Nickeil Alexander-Walker,26,Minnesota Timberwolves,45689
Lauri Markkanen,27,Utah Jazz,45689
Julian Champagnie,23,San Antonio Spurs,45689
Luka Dončić,25,Los Angeles Lakers,45689
Jaylen Wells,21,Memphis Grizzlies,45689
Anthony Black,21,Orlando Magic,45689
Bilal Coulibaly,20,Washington Wizards,45689
Kyle Filipowski,21,Utah Jazz,45689
Kristaps Porziņģis,29,Boston Celtics,45689
Duncan Robinson,30,Miami Heat,45689
Andrew Nembhard,25,Indiana Pacers,45689
Tim Hardaway Jr.,32,Detroit Pistons,45689
Jalen Johnson,23,Atlanta Hawks,45689
Donte DiVincenzo,28,Minnesota Timberwolves,45689
Jrue Holiday,34,Boston Celtics,45689
Mark Williams,23,Charlotte Hornets,45689
Royce O'Neale,31,Phoenix Suns,45689
Wendell Carter Jr.,25,Orlando Magic,45689
Jalen Wilson,24,Brooklyn Nets,45689
Kawhi Leonard,33,Los Angeles Clippers,45689
Aaron Gordon,29,Denver Nuggets,45689
John Collins,27,Utah Jazz,45689
Rui Hachimura,26,Los Angeles Lakers,45689
Daniel Gafford,26,Dallas Mavericks,45689
Bobby Portis,29,Milwaukee Bucks,45689
Zach Edey,22,Memphis Grizzlies,45689
Luguentz Dort,25,Oklahoma City Thunder,45689
Gary Trent Jr.,26,Milwaukee Bucks,45689
Derrick Jones Jr.,27,Los Angeles Clippers,45689
Zion Williamson,24,New Orleans Pelicans,45689
Tari Eason,23,Houston Rockets,45689
Jabari Smith Jr.,21,Houston Rockets,45689
Brice Sensabaugh,21,Utah Jazz,45689
Gradey Dick,21,Toronto Raptors,45689
Isaiah Joe,25,Oklahoma City Thunder,45689
Taurean Prince,30,Milwaukee Bucks,45689
Andrew Wiggins,29,Golden State Warriors,45689
Terry Rozier,30,Miami Heat,45689
Mike Conley,37,Minnesota Timberwolves,45689
Paul George,34,Philadelphia 76ers,45689
Kel'el Ware,20,Miami Heat,45689
Jeremy Sochan,21,San Antonio Spurs,45689
Jonathan Kuminga,22,Golden State Warriors,45689
Matas Buzelis,20,Chicago Bulls,45689
Moses Moody,22,Golden State Warriors,45689
Keon Ellis,25,Sacramento Kings,45689
Cole Anthony,24,Orlando Magic,45689
Grayson Allen,29,Phoenix Suns,45689
Kyshawn George,21,Washington Wizards,45689
Goga Bitadze,25,Orlando Magic,45689
Ausar Thompson,22,Detroit Pistons,45689
Kentavious Caldwell-Pope,31,Orlando Magic,45689
Ochai Agbaji,24,Toronto Raptors,45689
Corey Kispert,25,Washington Wizards,45689
Jonas Valančiūnas,32,Washington Wizards,45689
Dalton Knecht,23,Los Angeles Lakers,45689
Jaime Jaquez Jr.,23,Miami Heat,45689
Ziaire Williams,23,Brooklyn Nets,45689
Zach LaVine,29,Sacramento Kings,45689
Jose Alvarado,26,New Orleans Pelicans,45689
Deandre Ayton,26,Portland Trail Blazers,45689
Al Horford,38,Boston Celtics,45689
Luka Dončić,25,Dallas Mavericks,45689
Cason Wallace,21,Oklahoma City Thunder,45689
Miles McBride,24,New York Knicks,45689
Jerami Grant,30,Portland Trail Blazers,45689
Luke Kennard,28,Memphis Grizzlies,45689
Jamal Shead,22,Toronto Raptors,45689
Amir Coffey,27,Los Angeles Clippers,45689
Dejounte Murray,28,New Orleans Pelicans,45689
Donovan Clingan,20,Portland Trail Blazers,45689
De'Andre Hunter,27,Atlanta Hawks,45689
Ayo Dosunmu,25,Chicago Bulls,45689
Clint Capela,30,Atlanta Hawks,45689
Kris Dunn,30,Los Angeles Clippers,45689
Patrick Williams,23,Chicago Bulls,45689
Justin Champagnie,23,Washington Wizards,45689
Quentin Grimes,24,Philadelphia 76ers,45689
Jalen Smith,24,Chicago Bulls,45689
Sam Hauser,27,Boston Celtics,45689
Brandon Clarke,28,Memphis Grizzlies,45689
Isaiah Stewart,23,Detroit Pistons,45689
Peyton Watson,22,Denver Nuggets,45689
Immanuel Quickley,25,Toronto Raptors,45689
Jimmy Butler,35,Golden State Warriors,45689
Jordan Clarkson,32,Utah Jazz,45689
Luke Kornet,29,Boston Celtics,45689
Nick Smith Jr.,20,Charlotte Hornets,45689
Dalano Banton,25,Portland Trail Blazers,45689
Tristan Da Silva,23,Orlando Magic,45689
Jalen Suggs,23,Orlando Magic,45689
Jordan Hawkins,22,New Orleans Pelicans,45689
Tyrese Martin,25,Brooklyn Nets,45689
Julian Strawther,22,Denver Nuggets,45689
Ricky Council IV,23,Philadelphia 76ers,45689
Johnny Juzang,23,Utah Jazz,45689
A.J. Green,25,Milwaukee Bucks,45689
Haywood Highsmith,28,Miami Heat,45689
Cameron Payne,30,New York Knicks,45689
Max Strus,28,Cleveland Cavaliers,45689
Brandon Miller,22,Charlotte Hornets,45689
Ryan Dunn,22,Phoenix Suns,45689
Kevon Looney,28,Golden State Warriors,45689
Ron Holland,19,Detroit Pistons,45689
Mason Plumlee,34,Phoenix Suns,45689
Moussa Diabaté,23,Charlotte Hornets,45689
Cam Thomas,23,Brooklyn Nets,45689
Trey Lyles,29,Sacramento Kings,45689
Nikola Jović,21,Miami Heat,45689
Josh Green,24,Charlotte Hornets,45689
Jonathan Mogbo,23,Toronto Raptors,45689
Jaden Ivey,22,Detroit Pistons,45689
Sam Merrill,28,Cleveland Cavaliers,45689
Chet Holmgren,22,Oklahoma City Thunder,45689
Jarace Walker,21,Indiana Pacers,45689
Aaron Nesmith,25,Indiana Pacers,45689
Trayce Jackson-Davis,24,Golden State Warriors,45689
Jeremiah Robinson-Earl,24,New Orleans Pelicans,45689
Day'Ron Sharpe,23,Brooklyn Nets,45689
Quentin Grimes,24,Dallas Mavericks,45689
Chris Boucher,32,Toronto Raptors,45689
Kenrich Williams,30,Oklahoma City Thunder,45689
Kyle Kuzma,29,Washington Wizards,45689
Kyle Kuzma,29,Milwaukee Bucks,45689
Trendon Watford,24,Brooklyn Nets,45689
Kevin Porter Jr.,24,Los Angeles Clippers,45689
Vit Krejci,24,Atlanta Hawks,45689
Simone Fontecchio,29,Detroit Pistons,45689
Precious Achiuwa,25,New York Knicks,45689
Jonathan Isaac,27,Orlando Magic,45689
Jaden Hardy,22,Dallas Mavericks,45689
Ja'Kobe Walter,20,Toronto Raptors,45689
Joel Embiid,30,Philadelphia 76ers,45689
Georges Niang,31,Cleveland Cavaliers,45689
Cam Whitmore,20,Houston Rockets,45689
Brandon Boston Jr.,23,New Orleans Pelicans,45689
Alex Caruso,30,Oklahoma City Thunder,45689
Jimmy Butler,35,Miami Heat,45689
Jaxson Hayes,24,Los Angeles Lakers,45689
Gabe Vincent,28,Los Angeles Lakers,45689
Justin Edwards,21,Philadelphia 76ers,45689
Dennis Schröder,31,Brooklyn Nets,45689
Gary Payton II,32,Golden State Warriors,45689
Tidjane Salaün,19,Charlotte Hornets,45689
Jake LaRavia,23,Memphis Grizzlies,45689
Caris LeVert,30,Cleveland Cavaliers,45689
Thomas Bryant,27,Indiana Pacers,45689
Noah Clowney,20,Brooklyn Nets,45689
Seth Curry,34,Charlotte Hornets,45689
Jamison Battle,23,Toronto Raptors,45689
D'Angelo Russell,28,Brooklyn Nets,45689
Jay Huff,26,Memphis Grizzlies,45689
Dereck Lively II,20,Dallas Mavericks,45689
Nick Richards,27,Phoenix Suns,45689
Sandro Mamukelashvili,25,San Antonio Spurs,45689
Dean Wade,28,Cleveland Cavaliers,45689
Jaylin Williams,22,Oklahoma City Thunder,45689
Brandon Ingram,27,New Orleans Pelicans,45689
Marcus Sasser,24,Detroit Pistons,45689
Nicolas Batum,36,Los Angeles Clippers,45689
Max Christie,21,Los Angeles Lakers,45689
Adem Bona,21,Philadelphia 76ers,45689
D'Angelo Russell,28,Los Angeles Lakers,45689
Kevin Porter Jr.,24,Milwaukee Bucks,45689
Andre Drummond,31,Philadelphia 76ers,45689
Ben Sheppard,23,Indiana Pacers,45689
Moritz Wagner,27,Orlando Magic,45689
Caris LeVert,30,Atlanta Hawks,45689
Talen Horton-Tucker,24,Chicago Bulls,45689
Max Christie,21,Dallas Mavericks,45689
Julian Phillips,21,Chicago Bulls,45689
Ryan Rollins,22,Milwaukee Bucks,45689
Davion Mitchell,26,Toronto Raptors,45689
Karlo Matković,23,New Orleans Pelicans,45689
Neemias Queta,25,Boston Celtics,45689
Ben Simmons,28,Brooklyn Nets,45689
Cody Martin,29,Charlotte Hornets,45689
Davion Mitchell,26,Miami Heat,45689
Dorian Finney-Smith,31,Los Angeles Lakers,45689
Dalen Terry,22,Chicago Bulls,45689
De'Andre Hunter,27,Cleveland Cavaliers,45689
Steven Adams,31,Houston Rockets,45689
Bogdan Bogdanović,32,Los Angeles Clippers,45689
Alec Burks,33,Miami Heat,45689
Quinten Post,24,Golden State Warriors,45689
Jared Butler,24,Philadelphia 76ers,45689
Kevin Huerter,26,Sacramento Kings,45689
Isaac Okoro,24,Cleveland Cavaliers,45689
De'Aaron Fox,27,San Antonio Spurs,45689
Jabari Walker,22,Portland Trail Blazers,45689
Dennis Schröder,31,Detroit Pistons,45689
Orlando Robinson,24,Toronto Raptors,45689
Kevin Huerter,26,Chicago Bulls,45689
Jonas Valančiūnas,32,Sacramento Kings,45689
Garrison Mathews,28,Atlanta Hawks,45689
Kris Murray,24,Portland Trail Blazers,45689
Aaron Holiday,28,Houston Rockets,45689
Oso Ighodaro,22,Phoenix Suns,45689
Svi Mykhailiuk,27,Utah Jazz,45689
DaQuan Jeffries,27,Charlotte Hornets,45689
Javonte Green,31,New Orleans Pelicans,45689
Tristan Vukcevic,21,Washington Wizards,45689
KJ Simpson,22,Charlotte Hornets,45689
Lonzo Ball,27,Chicago Bulls,45689
Malcolm Brogdon,32,Washington Wizards,45689
Jared McCain,20,Philadelphia 76ers,45689
DeAndre Jordan,36,Denver Nuggets,45689
Caleb Martin,29,Philadelphia 76ers,45689
Georges Niang,31,Atlanta Hawks,45689
Khris Middleton,33,Milwaukee Bucks,45689
Vasilije Micić,31,Charlotte Hornets,45689
Andrew Wiggins,29,Miami Heat,45689
Andre Jackson Jr.,23,Milwaukee Bucks,45689
Zach Collins,27,Chicago Bulls,45689
Terance Mann,28,Atlanta Hawks,45689
Gui Santos,22,Golden State Warriors,45689
Jusuf Nurkić,30,Charlotte Hornets,45689
Jusuf Nurkić,30,Phoenix Suns,45689
Jeff Dowtin Jr.,27,Philadelphia 76ers,45689
Tosan Evbuomwan,23,Brooklyn Nets,45689
Antonio Reeves,24,New Orleans Pelicans,45689
Dennis Schröder,31,Golden State Warriors,45689
Brandon Williams,25,Dallas Mavericks,45689
Richaun Holmes,31,Washington Wizards,45689
Pelle Larsson,23,Miami Heat,45689
Drew Eubanks,27,Utah Jazz,45689
Blake Wesley,21,San Antonio Spurs,45689
Eric Gordon,36,Philadelphia 76ers,45689
Cody Williams,20,Utah Jazz,45689
Landry Shamet,27,New York Knicks,45689
Jett Howard,21,Orlando Magic,45689
Kelly Olynyk,33,New Orleans Pelicans,45689
Reed Sheppard,20,Houston Rockets,45689
Terance Mann,28,Los Angeles Clippers,45689
Pat Connaughton,32,Milwaukee Bucks,45689
Monte Morris,29,Phoenix Suns,45689
Jalen Pickett,25,Denver Nuggets,45689
Ajay Mitchell,22,Oklahoma City Thunder,45689
Rob Dillingham,20,Minnesota Timberwolves,45689
Bol Bol,25,Phoenix Suns,45689
Kyle Anderson,31,Golden State Warriors,45689
Lonnie Walker IV,26,Philadelphia 76ers,45689
Bogdan Bogdanović,32,Atlanta Hawks,45689
Caleb Houstan,22,Orlando Magic,45689
Tre Jones,25,Chicago Bulls,45689
Jock Landale,29,Houston Rockets,45689
A.J. Lawson,24,Toronto Raptors,45689
Daniel Theis,32,New Orleans Pelicans,45689
Olivier-Maxence Prosper,22,Dallas Mavericks,45689
Mouhamed Gueye,22,Atlanta Hawks,45689
Jared Butler,24,Washington Wizards,45689
Herbert Jones,26,New Orleans Pelicans,45689
Nick Richards,27,Charlotte Hornets,45689
Collin Gillespie,25,Phoenix Suns,45689
Lindy Waters III,27,Golden State Warriors,45689
Paul Reed,25,Detroit Pistons,45689
Jae'Sean Tate,29,Houston Rockets,45689
Larry Nance Jr.,32,Atlanta Hawks,45689
Malaki Branham,21,San Antonio Spurs,45689
Jarred Vanderbilt,25,Los Angeles Lakers,45689
Bruce Brown,28,New Orleans Pelicans,45689
Dorian Finney-Smith,31,Brooklyn Nets,45689
Craig Porter Jr.,24,Cleveland Cavaliers,45689
GG Jackson II,20,Memphis Grizzlies,45689
Micah Potter,26,Utah Jazz,45689
AJ Johnson,20,Washington Wizards,45689
Vince Williams Jr.,24,Memphis Grizzlies,45689
Cory Joseph,33,Orlando Magic,45689
Shake Milton,28,Brooklyn Nets,45689
Kyle Anderson,31,Miami Heat,45689
Kessler Edwards,24,Dallas Mavericks,45689
Duop Reath,28,Portland Trail Blazers,45689
Zach Collins,27,San Antonio Spurs,45689
Kelly Olynyk,33,Toronto Raptors,45689
Anthony Davis,31,Dallas Mavericks,45689
Bismack Biyombo,32,San Antonio Spurs,45689
Jamal Cain,25,New Orleans Pelicans,45689
Charles Bassey,24,San Antonio Spurs,45689
Keaton Wallace,25,Atlanta Hawks,45689
Jordan Goodwin,26,Los Angeles Lakers,45689
Zeke Nnaji,24,Denver Nuggets,45689
Kyle Lowry,38,Philadelphia 76ers,45689
Jaylon Tyson,22,Cleveland Cavaliers,45689
Dillon Jones,23,Oklahoma City Thunder,45689
Marcus Smart,30,Memphis Grizzlies,45689
Grant Williams,26,Charlotte Hornets,45689
Tre Jones,25,San Antonio Spurs,45689
John Konchar,28,Memphis Grizzlies,45689
Dante Exum,29,Dallas Mavericks,45689
Elfrid Payton,30,New Orleans Pelicans,45689
Tre Mann,23,Charlotte Hornets,45689
Dwight Powell,33,Dallas Mavericks,45689
Quenton Jackson,26,Indiana Pacers,45689
Jeff Green,38,Houston Rockets,45689
Khris Middleton,33,Washington Wizards,45689
Jaylen Clark,23,Minnesota Timberwolves,45689
Trevelin Queen,27,Orlando Magic,45689
Devin Carter,22,Sacramento Kings,45689
Rayan Rupert,20,Portland Trail Blazers,45689
Mo Bamba,26,Los Angeles Clippers,45689
Ousmane Dieng,21,Oklahoma City Thunder,45689
Dominick Barlow,21,Atlanta Hawks,45689
Jordan Miller,25,Los Angeles Clippers,45689
Bruce Brown,28,Toronto Raptors,45689
KJ Martin,24,Philadelphia 76ers,45689
Gary Harris,30,Orlando Magic,45689
Robert Williams,27,Portland Trail Blazers,45689
Jevon Carter,29,Chicago Bulls,45689
Josh Okogie,26,Phoenix Suns,45689
Colby Jones,22,Washington Wizards,45689
Taj Gibson,39,Charlotte Hornets,45689
Reggie Jackson,34,Philadelphia 76ers,45689
Kai Jones,24,Dallas Mavericks,45689
Hunter Tyson,24,Denver Nuggets,45689
Kevin Love,36,Miami Heat,45689
Maxi Kleber,33,Dallas Mavericks,45689
Terrence Shannon Jr.,24,Minnesota Timberwolves,45689
David Roddy,23,Atlanta Hawks,45689
Marcus Smart,30,Washington Wizards,45689
Keion Brooks Jr.,24,New Orleans Pelicans,45689
Oscar Tshiebwe,25,Utah Jazz,45689
Damion Baugh,24,Charlotte Hornets,45689
Bones Hyland,24,Los Angeles Clippers,45689
Anthony Gill,32,Washington Wizards,45689
Baylor Scheierman,24,Boston Celtics,45689
Luka Garza,26,Minnesota Timberwolves,45689
Shake Milton,28,Los Angeles Lakers,45689
Isaac Jones,24,Sacramento Kings,45689
Josh Okogie,26,Charlotte Hornets,45689
KJ Martin,24,Utah Jazz,45689
Matisse Thybulle,27,Portland Trail Blazers,45689
Jake LaRavia,23,Sacramento Kings,45689
Tristan Thompson,33,Cleveland Cavaliers,45689
Cam Reddish,25,Los Angeles Lakers,45689
Branden Carlson,25,Oklahoma City Thunder,45689
Reece Beekman,23,Brooklyn Nets,45689
Pat Spencer,28,Golden State Warriors,45689
Josh Minott,22,Minnesota Timberwolves,45689
Doug McDermott,33,Sacramento Kings,45689
Johnny Furphy,20,Indiana Pacers,45689
Drew Timme,24,Brooklyn Nets,45689
Mitchell Robinson,26,New York Knicks,45689
Isaiah Wong,24,Charlotte Hornets,45689
Christian Koloko,24,Los Angeles Lakers,45689
Jericho Sims,26,New York Knicks,45689
Maxwell Lewis,22,Brooklyn Nets,45689
Tyler Kolek,23,New York Knicks,45689
Cam Spencer,24,Memphis Grizzlies,45689
Jared Rhoden,25,Toronto Raptors,45689
Jalen Hood-Schifino,21,Philadelphia 76ers,45689
Jordan Walsh,20,Boston Celtics,45689
Dariq Whitehead,20,Brooklyn Nets,45689
Ben Simmons,28,Los Angeles Clippers,45689
Colin Castleton,24,Toronto Raptors,45689
Kobe Brown,25,Los Angeles Clippers,45689
Delon Wright,32,Milwaukee Bucks,45689
Wendell Moore Jr.,23,Charlotte Hornets,45689
Marvin Bagley III,25,Washington Wizards,45689
Dru Smith,27,Miami Heat,45689
Caleb Martin,29,Dallas Mavericks,45689
Marcus Bagley,23,Philadelphia 76ers,45689
Alex Len,31,Sacramento Kings,45689
Jaylen Martin,21,Washington Wizards,45689
Johnny Davis,22,Washington Wizards,45689
Wendell Moore Jr.,23,Detroit Pistons,45689
Drew Eubanks,27,Los Angeles Clippers,45689
Alex Reese,25,Philadelphia 76ers,45689
Patty Mills,36,Utah Jazz,45689
Dario Šarić,30,Denver Nuggets,45689
Jaden Springer,22,Utah Jazz,45689
Bruno Fernando,26,Toronto Raptors,45689
Lester Quiñones,24,New Orleans Pelicans,45689
Damion Lee,32,Phoenix Suns,45689
Lamar Stevens,27,Memphis Grizzlies,45689
Trey Jemison,25,Los Angeles Lakers,45689
Kai Jones,24,Los Angeles Clippers,45689
Garrett Temple,38,Toronto Raptors,45689
Delon Wright,32,New York Knicks,45689
Cody Martin,29,Phoenix Suns,45689
Markelle Fultz,26,Sacramento Kings,45689
Jaylen Nowell,25,New Orleans Pelicans,45689
Javonte Green,31,Cleveland Cavaliers,45689
Tony Bradley,27,Indiana Pacers,45689
Adam Flagler,25,Oklahoma City Thunder,45689
Bronny James,20,Los Angeles Lakers,45689
Killian Hayes,23,Brooklyn Nets,45689
Ariel Hukporti,22,New York Knicks,45689
Drew Peterson,25,Boston Celtics,45689
De'Anthony Melton,26,Golden State Warriors,45689
Torrey Craig,34,Boston Celtics,45689
Jordan McLaughlin,28,Sacramento Kings,45689
Tyler Smith,20,Milwaukee Bucks,45689
Jericho Sims,26,Milwaukee Bucks,45689
Chuma Okeke,26,Philadelphia 76ers,45689
Jeenathan Williams,25,Houston Rockets,45689
Torrey Craig,34,Chicago Bulls,45689
Kobe Bufkin,21,Atlanta Hawks,45689
MarJon Beauchamp,24,Milwaukee Bucks,45689
Cole Swider,25,Toronto Raptors,45689
Trey Jemison,25,New Orleans Pelicans,45689
JT Thor,22,Washington Wizards,45689
Jordan McLaughlin,28,San Antonio Spurs,45689
Enrique Freeman,24,Indiana Pacers,45689
Tyson Etienne,25,Brooklyn Nets,45689
Jaden Springer,22,Boston Celtics,45689
Oshae Brissett,26,Philadelphia 76ers,45689
Xavier Tillman Sr.,26,Boston Celtics,45689
Moses Brown,25,Dallas Mavericks,45689
Markieff Morris,35,Los Angeles Lakers,45689
Thomas Bryant,27,Miami Heat,45689
Keshad Johnson,23,Miami Heat,45689
Lindy Waters III,27,Detroit Pistons,45689
Marvin Bagley III,25,Memphis Grizzlies,45689
Patrick Baldwin Jr.,22,Washington Wizards,45689
Kevin Knox,25,Golden State Warriors,45689
Colin Castleton,24,Philadelphia 76ers,45689
Yuki Kawamura,23,Memphis Grizzlies,45689
Isaiah Jackson,23,Indiana Pacers,45689
Alex Ducas,24,Oklahoma City Thunder,45689
TyTy Washington Jr.,23,Phoenix Suns,45689
Jaylen Sims,26,Charlotte Hornets,45689
Chris Livingston,21,Milwaukee Bucks,45689
Chris Duarte,27,Chicago Bulls,45689
Elijah Harkless,24,Utah Jazz,45689
JD Davison,22,Boston Celtics,45689
Vlatko Čančar,27,Denver Nuggets,45689
Daeqwon Plowden,26,Atlanta Hawks,45689
Josh Richardson,31,Miami Heat,45689
Nae'Qwan Tomlin,24,Cleveland Cavaliers,45689
PJ Hall,22,Denver Nuggets,45689
RayJ Dennis,23,Indiana Pacers,45689
Trey Alexander,21,Denver Nuggets,45689
Emoni Bates,21,Cleveland Cavaliers,45689
Colby Jones,22,Sacramento Kings,45689
Alex Len,31,Los Angeles Lakers,45689
Pacome Dadiet,19,New York Knicks,45689
Marcus Garrett,26,Charlotte Hornets,45689
Spencer Jones,23,Denver Nuggets,45689
Patty Mills,36,Los Angeles Clippers,45689
Josh Christopher,23,Miami Heat,45689
Joe Ingles,37,Minnesota Timberwolves,45689
Jae Crowder,34,Sacramento Kings,45689
N'Faly Dante,23,Houston Rockets,45689
Kylor Kelley,27,Dallas Mavericks,45689
Moses Brown,25,Indiana Pacers,45689
Mason Jones,26,Sacramento Kings,45689
Pete Nance,24,Milwaukee Bucks,45689
Matt Ryan,27,New York Knicks,45689
Orlando Robinson,24,Sacramento Kings,45689
JT Thor,22,Cleveland Cavaliers,45689
Sidy Cissoko,20,San Antonio Spurs,45689
Jackson Rowe,28,Golden State Warriors,45689
Jazian Gortman,21,Dallas Mavericks,45689
Elfrid Payton,30,Charlotte Hornets,45689
Cam Christie,19,Los Angeles Clippers,45689
Justin Minaya,25,Portland Trail Blazers,45689
Luke Travers,23,Cleveland Cavaliers,45689
Stanley Umude,25,Milwaukee Bucks,45689
AJ Johnson,20,Milwaukee Bucks,45689
E.J. Liddell,24,Chicago Bulls,45689
Jamaree Bouyea,25,Milwaukee Bucks,45689
Leonard Miller,21,Minnesota Timberwolves,45689
Mo Bamba,26,New Orleans Pelicans,45689
Malachi Flynn,26,Charlotte Hornets,45689
Taylor Hendricks,21,Utah Jazz,45689
David Roddy,23,Philadelphia 76ers,45689
Bobi Klintman,21,Detroit Pistons,45689
Armel Traoré,22,Los Angeles Lakers,45689
Sidy Cissoko,20,Portland Trail Blazers,45689
Kylor Kelley,27,New Orleans Pelicans,45689
Pete Nance,24,Philadelphia 76ers,45689
David Duke Jr.,25,San Antonio Spurs,45689
MarJon Beauchamp,24,New York Knicks,45689
Jacob Toppin,24,Atlanta Hawks,45689
Markieff Morris,35,Dallas Mavericks,45689
Colin Castleton,24,Memphis Grizzlies,45689
Isaiah Crawford,23,Sacramento Kings,45689
Tolu Smith,24,Detroit Pistons,45689
Liam Robbins,25,Milwaukee Bucks,45689
Jack McVeigh,28,Houston Rockets,45689
David Roddy,23,Houston Rockets,45689
Jahmir Young,24,Chicago Bulls,45689
Emanuel Miller,24,Chicago Bulls,45689
Bryce McGowens,22,Portland Trail Blazers,45689
Jacob Toppin,24,New York Knicks,45689
MarJon Beauchamp,24,Los Angeles Clippers,45689
James Johnson,37,Indiana Pacers,45689
Phillip Wheeler,22,Philadelphia 76ers,45689
PJ Dozier,28,Minnesota Timberwolves,45689
P.J. Tucker,39,New York Knicks,45689
Trentyn Flowers,19,Los Angeles Clippers,45689
Miles Norris,24,Boston Celtics,45689
Kevin McCullar Jr.,23,New York Knicks,45689
Isaiah Mobley,25,Philadelphia 76ers,45689
Adama Sanogo,22,Chicago Bulls,45689
Harrison Ingram,22,San Antonio Spurs,45689
Lester Quiñones,24,Philadelphia 76ers,45689
Taze Moore,26,Portland Trail Blazers,45689
Anton Watson,24,New York Knicks,45689
Ulrich Chomche,19,Toronto Raptors,45689
Jalen Bridges,23,Phoenix Suns,45689
Daniss Jenkins,23,Detroit Pistons,45689
Ron Harper Jr.,24,Detroit Pistons,45689
Chuma Okeke,26,Cleveland Cavaliers,45689
Bones Hyland,24,Minnesota Timberwolves,45689
Patrick Baldwin Jr.,22,Los Angeles Clippers,45689
Jared Rhoden,25,Charlotte Hornets,45689
D.J. Carton,24,Toronto Raptors,45689
Skal Labissière,28,Sacramento Kings,45689
Yuri Collins,23,Golden State Warriors,45689
Maxwell Lewis,22,Los Angeles Lakers,45689
James Wiseman,23,Indiana Pacers,45689
Alondes Williams,25,Detroit Pistons,45689
Daishen Nix,22,Minnesota Timberwolves,45689
Jalen Hood-Schifino,21,Los Angeles Lakers,45689
Braxton Key,27,Golden State Warriors,45689
Malevy Leons,25,Oklahoma City Thunder,45689
Cui Yongxi,21,Brooklyn Nets,45689
Tristen Newton,23,Indiana Pacers,45689
Quincy Olivari,23,Los Angeles Lakers,45689
Reece Beekman,23,Golden State Warriors,45689
Tristen Newton,23,Minnesota Timberwolves,45689
Jaylen Martin,21,Brooklyn Nets,45689
Mac McClung,26,Orlando Magic,45689
Alex Reese,25,Oklahoma City Thunder,45689
Terry Taylor,25,Sacramento Kings,45689
Cole Swider,25,Detroit Pistons,45689
Vasilije Micić,31,Phoenix Suns,45689
Jahlil Okafor,29,Indiana Pacers,45689
Isaiah Stevens,24,Miami Heat,45689
Terence Davis,27,Sacramento Kings,45689
Riley Minix,24,San Antonio Spurs,45689
Jalen McDaniels,27,Washington Wizards,45689
Jesse Edwards,24,Minnesota Timberwolves,45689
Zyon Pullin,23,Memphis Grizzlies,45689
Victor Wembanyama,22,San Antonio Spurs,46054
Nikola Jokić,30,Denver Nuggets,46054
Shai Gilgeous-Alexander,27,Oklahoma City Thunder,46054
Luka Dončić,26,Los Angeles Lakers,46054
Cade Cunningham,24,Detroit Pistons,46054
Jaylen Brown,29,Boston Celtics,46054
Kevin Durant,37,Houston Rockets,46054
Jalen Brunson,29,New York Knicks,46054
Donovan Mitchell,29,Cleveland Cavaliers,46054
Kawhi Leonard,34,Los Angeles Clippers,46054
Tyrese Maxey,25,Philadelphia 76ers,46054
Jamal Murray,28,Denver Nuggets,46054
Jalen Johnson,24,Atlanta Hawks,46054
Chet Holmgren,23,Oklahoma City Thunder,46054
Scottie Barnes,24,Toronto Raptors,46054
Jalen Duren,22,Detroit Pistons,46054
Anthony Edwards,24,Minnesota Timberwolves,46054
Deni Avdija,25,Portland Trail Blazers,46054
Karl-Anthony Towns,30,New York Knicks,46054
Alperen Şengün,23,Houston Rockets,46054
Brandon Ingram,28,Toronto Raptors,46054
Devin Booker,29,Phoenix Suns,46054
Rudy Gobert,33,Minnesota Timberwolves,46054
Derrick White,31,Boston Celtics,46054
Cooper Flagg,19,Dallas Mavericks,46054
Bam Adebayo,28,Miami Heat,46054
Pascal Siakam,31,Indiana Pacers,46054
De'Aaron Fox,28,San Antonio Spurs,46054
LeBron James,41,Los Angeles Lakers,46054
Julius Randle,31,Minnesota Timberwolves,46054
Ausar Thompson,23,Detroit Pistons,46054
Paolo Banchero,23,Orlando Magic,46054
Nickeil Alexander-Walker,27,Atlanta Hawks,46054
Amen Thompson,23,Houston Rockets,46054
Desmond Bane,27,Orlando Magic,46054
Kon Knueppel,20,Charlotte Hornets,46054
LaMelo Ball,24,Charlotte Hornets,46054
Norman Powell,32,Miami Heat,46054
Dyson Daniels,22,Atlanta Hawks,46054
Stephen Curry,37,Golden State Warriors,46054
OG Anunoby,28,New York Knicks,46054
Giannis Antetokounmpo,31,Milwaukee Bucks,46054
Payton Pritchard,28,Boston Celtics,46054
Trey Murphy III,25,New Orleans Pelicans,46054
Keldon Johnson,26,San Antonio Spurs,46054
Ryan Rollins,23,Milwaukee Bucks,46054
VJ Edgecombe,20,Philadelphia 76ers,46054
DeMar DeRozan,36,Sacramento Kings,46054
Miles Bridges,27,Charlotte Hornets,46054
Stephon Castle,21,San Antonio Spurs,46054
Evan Mobley,24,Cleveland Cavaliers,46054
Brandon Miller,23,Charlotte Hornets,46054
Zion Williamson,25,New Orleans Pelicans,46054
Matas Buzelis,21,Chicago Bulls,46054
Onyeka Okongwu,25,Atlanta Hawks,46054
Keyonte George,22,Utah Jazz,46054
Jaime Jaquez Jr.,24,Miami Heat,46054
Jabari Smith Jr.,22,Houston Rockets,46054
Saddiq Bey,26,New Orleans Pelicans,46054
Immanuel Quickley,26,Toronto Raptors,46054
Brandin Podziemski,22,Golden State Warriors,46054
Jeremiah Fears,19,New Orleans Pelicans,46054
Mikal Bridges,29,New York Knicks,46054
Cam Spencer,25,Memphis Grizzlies,46054
Donovan Clingan,21,Portland Trail Blazers,46054
Michael Porter Jr.,27,Brooklyn Nets,46054
Derik Queen,21,New Orleans Pelicans,46054
Josh Giddey,23,Chicago Bulls,46054
Austin Reaves,27,Los Angeles Lakers,46054
Naji Marshall,28,Dallas Mavericks,46054
James Harden,36,Los Angeles Clippers,46054
Russell Westbrook,37,Sacramento Kings,46054
Toumani Camara,25,Portland Trail Blazers,46054
Collin Gillespie,26,Phoenix Suns,46054
Reed Sheppard,21,Houston Rockets,46054
Naz Reid,26,Minnesota Timberwolves,46054
Donte DiVincenzo,29,Minnesota Timberwolves,46054
Jaden McDaniels,25,Minnesota Timberwolves,46054
RJ Barrett,25,Toronto Raptors,46054
Andrew Nembhard,26,Indiana Pacers,46054
Andrew Wiggins,30,Miami Heat,46054
Wendell Carter Jr.,26,Orlando Magic,46054
Maxime Raynaud,22,Sacramento Kings,46054
Cason Wallace,22,Oklahoma City Thunder,46054
Kyle Filipowski,22,Utah Jazz,46054
Quentin Grimes,25,Philadelphia 76ers,46054
Brice Sensabaugh,22,Utah Jazz,46054
Lauri Markkanen,28,Utah Jazz,46054
Bub Carrington,20,Washington Wizards,46054
Josh Hart,30,New York Knicks,46054
Ace Bailey,19,Utah Jazz,46054
Dillon Brooks,30,Phoenix Suns,46054
Kel'el Ware,21,Miami Heat,46054
Tre Jones,26,Chicago Bulls,46054
Joel Embiid,31,Philadelphia 76ers,46054
Nic Claxton,26,Brooklyn Nets,46054
Anthony Black,22,Orlando Magic,46054
Julian Champagnie,24,San Antonio Spurs,46054
Cedric Coward,22,Memphis Grizzlies,46054
Deandre Ayton,27,Los Angeles Lakers,46054
Tim Hardaway Jr.,33,Denver Nuggets,46054
Shaedon Sharpe,22,Portland Trail Blazers,46054
Jerami Grant,31,Portland Trail Blazers,46054
Neemias Queta,26,Boston Celtics,46054
Jarace Walker,22,Indiana Pacers,46054
Dylan Harper,19,San Antonio Spurs,46054
Jrue Holiday,35,Portland Trail Blazers,46054
Sandro Mamukelashvili,26,Toronto Raptors,46054
Bobby Portis,30,Milwaukee Bucks,46054
Jarrett Allen,27,Cleveland Cavaliers,46054
Kyle Kuzma,30,Milwaukee Bucks,46054
Devin Vassell,25,San Antonio Spurs,46054
John Collins,28,Los Angeles Clippers,46054
Max Christie,22,Dallas Mavericks,46054
Nikola Vučević,35,Chicago Bulls,46054
Jaylon Tyson,23,Cleveland Cavaliers,46054
Duncan Robinson,31,Detroit Pistons,46054
Jalen Suggs,24,Orlando Magic,46054
Brandon Williams,26,Dallas Mavericks,46054
Myles Turner,29,Milwaukee Bucks,46054
Royce O'Neale,32,Phoenix Suns,46054
Tobias Harris,33,Detroit Pistons,46054
Pelle Larsson,24,Miami Heat,46054
Davion Mitchell,27,Miami Heat,46054
Precious Achiuwa,26,Sacramento Kings,46054
Isaiah Collier,21,Utah Jazz,46054
P.J. Washington,27,Dallas Mavericks,46054
Alex Sarr,20,Washington Wizards,46054
Draymond Green,35,Golden State Warriors,46054
Jay Huff,27,Indiana Pacers,46054
Jaren Jackson Jr.,26,Memphis Grizzlies,46054
Grayson Allen,30,Phoenix Suns,46054
Jaylen Wells,22,Memphis Grizzlies,46054
Moussa Diabaté,24,Charlotte Hornets,46054
Noah Clowney,21,Brooklyn Nets,46054
Ajay Mitchell,23,Oklahoma City Thunder,46054
A.J. Green,26,Milwaukee Bucks,46054
Peyton Watson,23,Denver Nuggets,46054
Mark Williams,24,Phoenix Suns,46054
Tristan Da Silva,24,Orlando Magic,46054
Jimmy Butler,36,Golden State Warriors,46054
Kyshawn George,22,Washington Wizards,46054
Kevin Porter Jr.,25,Milwaukee Bucks,46054
Kris Dunn,31,Los Angeles Clippers,46054
Harrison Barnes,33,San Antonio Spurs,46054
Will Riley,19,Washington Wizards,46054
Jake LaRavia,24,Los Angeles Lakers,46054
Daniss Jenkins,24,Detroit Pistons,46054
Jamal Shead,23,Toronto Raptors,46054
Sam Hauser,28,Boston Celtics,46054
Malik Monk,27,Sacramento Kings,46054
Bruce Brown,29,Denver Nuggets,46054
Ivica Zubac,28,Los Angeles Clippers,46054
CJ McCollum,34,Atlanta Hawks,46054
Klay Thompson,35,Dallas Mavericks,46054
Isaiah Joe,26,Oklahoma City Thunder,46054
Nique Clifford,23,Sacramento Kings,46054
Rui Hachimura,27,Los Angeles Lakers,46054
Jordan Goodwin,27,Phoenix Suns,46054
Oso Ighodaro,23,Phoenix Suns,46054
Moses Moody,23,Golden State Warriors,46054
Tari Eason,24,Houston Rockets,46054
Bilal Coulibaly,21,Washington Wizards,46054
Tre Johnson,19,Washington Wizards,46054
Kelly Oubre Jr.,30,Philadelphia 76ers,46054
Ron Holland,20,Detroit Pistons,46054
Gui Santos,23,Golden State Warriors,46054
Day'Ron Sharpe,24,Brooklyn Nets,46054
Justin Champagnie,24,Washington Wizards,46054
Luke Kennard,29,Atlanta Hawks,46054
GG Jackson II,21,Memphis Grizzlies,46054
Franz Wagner,24,Orlando Magic,46054
Brook Lopez,37,Los Angeles Clippers,46054
Cameron Johnson,29,Denver Nuggets,46054
Ayo Dosunmu,26,Chicago Bulls,46054
Zach LaVine,30,Sacramento Kings,46054
Santi Aldama,25,Memphis Grizzlies,46054
Tyler Herro,26,Miami Heat,46054
Paul George,35,Philadelphia 76ers,46054
Zaccharie Risacher,20,Atlanta Hawks,46054
Jusuf Nurkić,31,Utah Jazz,46054
Anfernee Simons,26,Boston Celtics,46054
Marcus Smart,31,Los Angeles Lakers,46054
Sam Merrill,29,Cleveland Cavaliers,46054
Isaiah Hartenstein,27,Oklahoma City Thunder,46054
Bones Hyland,25,Minnesota Timberwolves,46054
T.J. McConnell,33,Indiana Pacers,46054
Dominick Barlow,22,Philadelphia 76ers,46054
CJ McCollum,34,Washington Wizards,46054
Jonas Valančiūnas,33,Denver Nuggets,46054
Aaron Wiggins,27,Oklahoma City Thunder,46054
Cody Williams,21,Utah Jazz,46054
Isaiah Stewart,24,Detroit Pistons,46054
Jordan Miller,26,Los Angeles Clippers,46054
Jaylin Williams,23,Oklahoma City Thunder,46054
Gary Payton II,33,Golden State Warriors,46054
Daniel Gafford,27,Dallas Mavericks,46054
Jalen Smith,25,Chicago Bulls,46054
Ryan Kalkbrenner,24,Charlotte Hornets,46054
De'Anthony Melton,27,Golden State Warriors,46054
Simone Fontecchio,30,Miami Heat,46054
Luke Kornet,30,San Antonio Spurs,46054
Aaron Nesmith,26,Indiana Pacers,46054
Collin Murray-Boyles,20,Toronto Raptors,46054
Luguentz Dort,26,Oklahoma City Thunder,46054
Jalen Williams,24,Oklahoma City Thunder,46054
Andre Drummond,32,Philadelphia 76ers,46054
Danny Wolf,21,Brooklyn Nets,46054
Aaron Gordon,30,Denver Nuggets,46054
Luka Garza,27,Boston Celtics,46054
De'Andre Hunter,28,Cleveland Cavaliers,46054
Egor Dёmin,19,Brooklyn Nets,46054
Isaac Okoro,25,Chicago Bulls,46054
Jordan Clarkson,33,New York Knicks,46054
Collin Sexton,27,Charlotte Hornets,46054
Javonte Green,32,Detroit Pistons,46054
Jakob Poeltl,30,Toronto Raptors,46054
James Harden,36,Cleveland Cavaliers,46054
Paul Reed,26,Detroit Pistons,46054
Pat Spencer,29,Golden State Warriors,46054
Quinten Post,25,Golden State Warriors,46054
Dennis Schröder,32,Sacramento Kings,46054
Sion James,23,Charlotte Hornets,46054
Christian Braun,24,Denver Nuggets,46054
Herbert Jones,27,New Orleans Pelicans,46054
Jock Landale,30,Memphis Grizzlies,46054
Nolan Traoré,19,Brooklyn Nets,46054
Terance Mann,29,Brooklyn Nets,46054
Ja'Kobe Walter,21,Toronto Raptors,46054
Ryan Nembhard,22,Dallas Mavericks,46054
Patrick Williams,24,Chicago Bulls,46054
Jaxson Hayes,25,Los Angeles Lakers,46054
Mitchell Robinson,27,New York Knicks,46054
Ziaire Williams,24,Brooklyn Nets,46054
Jalen Green,23,Phoenix Suns,46054
Robert Williams,28,Portland Trail Blazers,46054
Coby White,25,Chicago Bulls,46054
Yves Missi,21,New Orleans Pelicans,46054
Olivier-Maxence Prosper,23,Memphis Grizzlies,46054
Baylor Scheierman,25,Boston Celtics,46054
Kobe Sanders,23,Los Angeles Clippers,46054
Kevin Huerter,27,Chicago Bulls,46054
Ryan Dunn,23,Phoenix Suns,46054
Derrick Jones Jr.,28,Los Angeles Clippers,46054
Caleb Love,24,Portland Trail Blazers,46054
Ben Sheppard,24,Indiana Pacers,46054
Jordan Poole,26,New Orleans Pelicans,46054
Dru Smith,28,Miami Heat,46054
Micah Potter,27,Indiana Pacers,46054
Caris LeVert,31,Detroit Pistons,46054
Goga Bitadze,26,Orlando Magic,46054
Darius Garland,26,Cleveland Cavaliers,46054
Jericho Sims,27,Milwaukee Bucks,46054
Miles McBride,25,New York Knicks,46054
Bennedict Mathurin,23,Indiana Pacers,46054
Gary Trent Jr.,27,Milwaukee Bucks,46054
Will Richard,23,Golden State Warriors,46054
Quenton Jackson,27,Indiana Pacers,46054
Kentavious Caldwell-Pope,32,Memphis Grizzlies,46054
Svi Mykhailiuk,28,Utah Jazz,46054
Al Horford,39,Golden State Warriors,46054
Craig Porter Jr.,25,Cleveland Cavaliers,46054
Javon Small,23,Memphis Grizzlies,46054
Bennedict Mathurin,23,Los Angeles Clippers,46054
Landry Shamet,28,New York Knicks,46054
Anthony Davis,32,Dallas Mavericks,46054
Gradey Dick,22,Toronto Raptors,46054
Jordan Walsh,21,Boston Celtics,46054
Sidy Cissoko,21,Portland Trail Blazers,46054
Tristan Vukcevic,22,Washington Wizards,46054
Mouhamed Gueye,23,Atlanta Hawks,46054
Adem Bona,22,Philadelphia 76ers,46054
Dean Wade,29,Cleveland Cavaliers,46054
Scoot Henderson,21,Portland Trail Blazers,46054
Marvin Bagley III,26,Washington Wizards,46054
Trendon Watford,25,Philadelphia 76ers,46054
Ja Morant,26,Memphis Grizzlies,46054
Collin Sexton,27,Chicago Bulls,46054
Drake Powell,20,Brooklyn Nets,46054
Jamir Watkins,24,Washington Wizards,46054
Clint Capela,31,Houston Rockets,46054
Alex Caruso,31,Oklahoma City Thunder,46054
Kenrich Williams,31,Oklahoma City Thunder,46054
Jarred Vanderbilt,26,Los Angeles Lakers,46054
Karlo Matković,24,New Orleans Pelicans,46054
Josh Okogie,27,Houston Rockets,46054
Nae'Qwan Tomlin,25,Cleveland Cavaliers,46054
Vít Krejčí,25,Atlanta Hawks,46054
Julian Strawther,23,Denver Nuggets,46054
Spencer Jones,24,Denver Nuggets,46054
Kris Murray,25,Portland Trail Blazers,46054
Kasparas Jakučionis,19,Miami Heat,46054
Thomas Bryant,28,Cleveland Cavaliers,46054
Khris Middleton,34,Washington Wizards,46054
Nikola Jović,22,Miami Heat,46054
Justin Edwards,22,Philadelphia 76ers,46054
Jayson Tatum,27,Boston Celtics,46054
Ben Saraf,19,Brooklyn Nets,46054
Ousmane Dieng,22,Milwaukee Bucks,46054
Darius Garland,26,Los Angeles Clippers,46054
Dylan Cardwell,24,Sacramento Kings,46054
Devin Carter,23,Sacramento Kings,46054
Jose Alvarado,27,New Orleans Pelicans,46054
Domantas Sabonis,29,Sacramento Kings,46054
Sharife Cooper,24,Washington Wizards,46054
Vince Williams Jr.,25,Memphis Grizzlies,46054
Anthony Gill,33,Washington Wizards,46054
Hugo González,19,Boston Celtics,46054
Buddy Hield,33,Golden State Warriors,46054
Walter Clayton,22,Utah Jazz,46054
Ayo Dosunmu,26,Minnesota Timberwolves,46054
Tyler Kolek,24,New York Knicks,46054
Nicolas Batum,37,Los Angeles Clippers,46054
Corey Kispert,26,Atlanta Hawks,46054
Cam Thomas,24,Brooklyn Nets,46054
Jalen Wilson,25,Brooklyn Nets,46054
Carter Bryant,20,San Antonio Spurs,46054
Bryce McGowens,23,New Orleans Pelicans,46054
Leonard Miller,22,Chicago Bulls,46054
Keegan Murray,25,Sacramento Kings,46054
Daeqwon Plowden,27,Sacramento Kings,46054
Mike Conley,38,Minnesota Timberwolves,46054
Kevin Love,37,Utah Jazz,46054
Dwight Powell,34,Dallas Mavericks,46054
Jabari Walker,23,Philadelphia 76ers,46054
Jalen Pickett,26,Denver Nuggets,46054
Tre Mann,24,Charlotte Hornets,46054
Coby White,25,Charlotte Hornets,46054
Rob Dillingham,21,Chicago Bulls,46054
Isaiah Jackson,24,Indiana Pacers,46054
Luke Kennard,29,Los Angeles Lakers,46054
Noah Penda,21,Orlando Magic,46054
Khris Middleton,34,Dallas Mavericks,46054
Aaron Holiday,29,Houston Rockets,46054
Steven Adams,32,Houston Rockets,46054
Dennis Schröder,32,Cleveland Cavaliers,46054
Tyrese Martin,26,Brooklyn Nets,46054
Jett Howard,22,Orlando Magic,46054
Jaylen Clark,24,Minnesota Timberwolves,46054
Ty Jerome,28,Memphis Grizzlies,46054
Guerschon Yabusele,30,Chicago Bulls,46054
Micah Peavy,24,New Orleans Pelicans,46054
Obi Toppin,27,Indiana Pacers,46054
Cole Anthony,25,Milwaukee Bucks,46054
Grant Williams,27,Charlotte Hornets,46054
Caleb Martin,30,Dallas Mavericks,46054
Jamaree Bouyea,26,Phoenix Suns,46054
D'Angelo Russell,29,Dallas Mavericks,46054
Kristaps Porziņģis,30,Atlanta Hawks,46054
Taylor Hendricks,22,Memphis Grizzlies,46054
Kobe Brown,26,Indiana Pacers,46054
Walter Clayton,22,Memphis Grizzlies,46054
Jared McCain,21,Oklahoma City Thunder,46054
Tyrese Proctor,21,Cleveland Cavaliers,46054
Pete Nance,25,Milwaukee Bucks,46054
Lonzo Ball,28,Cleveland Cavaliers,46054
Jaden Ivey,23,Detroit Pistons,46054
Marvin Bagley III,26,Dallas Mavericks,46054
Josh Green,25,Charlotte Hornets,46054
Dejounte Murray,29,New Orleans Pelicans,46054
Jonathan Kuminga,23,Golden State Warriors,46054
Mohamed Diawara,20,New York Knicks,46054
Jordan Hawkins,23,New Orleans Pelicans,46054
Oscar Tshiebwe,26,Utah Jazz,46054
Branden Carlson,26,Oklahoma City Thunder,46054
Jared McCain,21,Philadelphia 76ers,46054
Moritz Wagner,28,Orlando Magic,46054
Jaden Hardy,23,Washington Wizards,46054
Keon Ellis,26,Cleveland Cavaliers,46054
Tidjane Salaün,20,Charlotte Hornets,46054
Rasheer Fleming,21,Phoenix Suns,46054
Taurean Prince,31,Milwaukee Bucks,46054
Jase Richardson,20,Orlando Magic,46054
Kristaps Porziņģis,30,Golden State Warriors,46054
Moussa Cisse,23,Dallas Mavericks,46054
John Konchar,29,Utah Jazz,46054
Drew Eubanks,28,Sacramento Kings,46054
Ethan Thompson,26,Indiana Pacers,46054
Jevon Carter,30,Orlando Magic,46054
Kevin Huerter,27,Detroit Pistons,46054
Asa Newell,20,Atlanta Hawks,46054
Jose Alvarado,27,New York Knicks,46054
Johnny Furphy,21,Indiana Pacers,46054
Keon Ellis,26,Sacramento Kings,46054
Jahmai Mashack,23,Memphis Grizzlies,46054
Terrence Shannon Jr.,25,Minnesota Timberwolves,46054
Zeke Nnaji,25,Denver Nuggets,46054
Jock Landale,30,Atlanta Hawks,46054
Keaton Wallace,26,Atlanta Hawks,46054
Kam Jones,23,Indiana Pacers,46054
Josh Minott,23,Boston Celtics,46054
Dalton Knecht,24,Los Angeles Lakers,46054
Rayan Rupert,21,Memphis Grizzlies,46054
Nick Richards,28,Chicago Bulls,46054
Jamal Cain,26,Orlando Magic,46054
Jaden Hardy,23,Dallas Mavericks,46054
Marcus Sasser,25,Detroit Pistons,46054
Jonathan Kuminga,23,Atlanta Hawks,46054
Elijah Harkless,25,Utah Jazz,46054
Myron Gardner,24,Miami Heat,46054
Tyus Jones,29,Orlando Magic,46054
Trae Young,27,Atlanta Hawks,46054
Ochai Agbaji,25,Toronto Raptors,46054
Jamison Battle,24,Toronto Raptors,46054
Yanic Konan Niederhäuser,22,Los Angeles Clippers,46054
Julian Reese,22,Washington Wizards,46054
Bogdan Bogdanović,33,Los Angeles Clippers,46054
Trayce Jackson-Davis,25,Golden State Warriors,46054
Kennedy Chandler,23,Utah Jazz,46054
Nikola Vučević,35,Boston Celtics,46054
Matisse Thybulle,28,Portland Trail Blazers,46054
Taylor Hendricks,22,Utah Jazz,46054
Taelon Peter,23,Indiana Pacers,46054
Cam Whitmore,21,Washington Wizards,46054
Ariel Hukporti,23,New York Knicks,46054
Cameron Payne,31,Philadelphia 76ers,46054
Jonathan Isaac,28,Orlando Magic,46054
Tyson Etienne,26,Brooklyn Nets,46054
Zach Edey,23,Memphis Grizzlies,46054
Cam Thomas,24,Milwaukee Bucks,46054
Kyle Anderson,32,Utah Jazz,46054
Tony Bradley,28,Indiana Pacers,46054
Cam Christie,20,Los Angeles Clippers,46054
Khaman Maluach,19,Phoenix Suns,46054
Killian Hayes,24,Sacramento Kings,46054
Corey Kispert,26,Washington Wizards,46054
Joan Beringer,19,Minnesota Timberwolves,46054
Nick Smith Jr.,21,Los Angeles Lakers,46054
Blake Wesley,22,Portland Trail Blazers,46054
Rayan Rupert,21,Portland Trail Blazers,46054
Kelly Olynyk,34,San Antonio Spurs,46054
Chaney Johnson,23,Brooklyn Nets,46054
Larry Nance Jr.,33,Cleveland Cavaliers,46054
Bez Mbeng,22,Utah Jazz,46054
Josh Minott,23,Brooklyn Nets,46054
Gary Harris,31,Milwaukee Bucks,46054
Dorian Finney-Smith,32,Houston Rockets,46054
E.J. Liddell,25,Brooklyn Nets,46054
Doug McDermott,34,Sacramento Kings,46054
Blake Hinson,26,Utah Jazz,46054
Dalen Terry,23,Chicago Bulls,46054
Isaiah Jackson,24,Los Angeles Clippers,46054
Malachi Smith,26,Brooklyn Nets,46054
Liam McNeeley,20,Charlotte Hornets,46054
Rob Dillingham,21,Minnesota Timberwolves,46054
Jae'Sean Tate,30,Houston Rockets,46054
Andre Jackson Jr.,24,Milwaukee Bucks,46054
Vít Krejčí,25,Portland Trail Blazers,46054
Lachlan Olbrich,22,Chicago Bulls,46054
Max Strus,29,Cleveland Cavaliers,46054
Cormac Ryan,27,Milwaukee Bucks,46054
John Konchar,29,Memphis Grizzlies,46054
Gabe Vincent,29,Los Angeles Lakers,46054
Keshad Johnson,24,Miami Heat,46054
Kyle Anderson,32,Minnesota Timberwolves,46054
Jeremy Sochan,22,San Antonio Spurs,46054
Bronny James,21,Los Angeles Lakers,46054
Guerschon Yabusele,30,New York Knicks,46054
LJ Cryer,24,Golden State Warriors,46054
Ochai Agbaji,25,Brooklyn Nets,46054
Malaki Branham,22,Washington Wizards,46054
Leaky Black,26,Washington Wizards,46054
Ron Harper Jr.,25,Boston Celtics,46054
Tyler Burton,25,Memphis Grizzlies,46054
Scotty Pippen Jr.,25,Memphis Grizzlies,46054
Jalen Slawson,26,Indiana Pacers,46054
Maxi Kleber,34,Los Angeles Lakers,46054
Pat Connaughton,33,Charlotte Hornets,46054
Kevon Looney,29,New Orleans Pelicans,46054
Jevon Carter,30,Chicago Bulls,46054
Kobe Brown,26,Los Angeles Clippers,46054
Yang Hansen,20,Portland Trail Blazers,46054
Nick Richards,28,Phoenix Suns,46054
DeJon Jarreau,28,Memphis Grizzlies,46054
Ousmane Dieng,22,Oklahoma City Thunder,46054
John Poulakidas,22,Dallas Mavericks,46054
Zach Collins,28,Chicago Bulls,46054
Gabe Vincent,29,Atlanta Hawks,46054
Jeremiah Robinson-Earl,25,Indiana Pacers,46054
Jordan McLaughlin,29,San Antonio Spurs,46054
Nate Williams,26,Golden State Warriors,46054
Malevy Leons,26,Golden State Warriors,46054
Julian Phillips,22,Chicago Bulls,46054
Brooks Barnhizer,23,Oklahoma City Thunder,46054
A.J. Lawson,25,Toronto Raptors,46054
KJ Simpson,23,Charlotte Hornets,46054
Drew Timme,25,Los Angeles Lakers,46054
Lindy Waters III,28,San Antonio Spurs,46054
MarJon Beauchamp,25,Philadelphia 76ers,46054
DaRon Holmes,23,Denver Nuggets,46054
Duop Reath,29,Portland Trail Blazers,46054
AJ Johnson,21,Dallas Mavericks,46054
Jonathan Mogbo,24,Toronto Raptors,46054
Isaiah Livers,27,Phoenix Suns,46054
PJ Hall,23,Charlotte Hornets,46054
Yuki Kawamura,24,Chicago Bulls,46054
Dariq Whitehead,21,Memphis Grizzlies,46054
JD Davison,23,Houston Rockets,46054
Walker Kessler,24,Utah Jazz,46054
Anfernee Simons,26,Chicago Bulls,46054
Adama-Alpha Bal,22,Memphis Grizzlies,46054
Lucas Williamson,27,Memphis Grizzlies,46054
Trae Young,27,Washington Wizards,46054
DeAndre Jordan,37,New Orleans Pelicans,46054
Amir Coffey,28,Phoenix Suns,46054
Chaz Lanier,24,Detroit Pistons,46054
Chris Paul,40,Los Angeles Clippers,46054
AJ Johnson,21,Washington Wizards,46054
Nikola Topić,20,Oklahoma City Thunder,46054
RayJ Dennis,24,Indiana Pacers,46054
Garrison Mathews,29,Indiana Pacers,46054
Amir Coffey,28,Milwaukee Bucks,46054
Tolu Smith,25,Detroit Pistons,46054
Chris Youngblood,23,Oklahoma City Thunder,46054
Dalen Terry,23,Philadelphia 76ers,46054
Jeff Green,39,Houston Rockets,46054
Ivica Zubac,28,Indiana Pacers,46054
Seth Curry,35,Golden State Warriors,46054
Kevin McCullar Jr.,24,New York Knicks,46054
Jaren Jackson Jr.,26,Utah Jazz,46054
Hunter Tyson,25,Denver Nuggets,46054
Joe Ingles,38,Minnesota Timberwolves,46054
Tyler Smith,21,Dallas Mavericks,46054
Thanasis Antetokounmpo,33,Milwaukee Bucks,46054
Charles Bassey,25,Golden State Warriors,46054
Toby Okani,24,Memphis Grizzlies,46054
Tre Scott,29,Brooklyn Nets,46054
Jeremy Sochan,22,New York Knicks,46054
Alijah Martin,24,Toronto Raptors,46054
Christian Koloko,25,Atlanta Hawks,46054
Pacôme Dadiet,20,New York Knicks,46054
Adou Thiero,21,Los Angeles Lakers,46054
Jaden Ivey,23,Chicago Bulls,46054
Alondes Williams,26,Washington Wizards,46054
Miles Kelly,23,Dallas Mavericks,46054
Christian Koloko,25,Memphis Grizzlies,46054
Dereck Lively II,21,Dallas Mavericks,46054
Andersson Garcia,25,Utah Jazz,46054
Amari Williams,24,Boston Celtics,46054
Mason Plumlee,35,Charlotte Hornets,46054
Leonard Miller,22,Minnesota Timberwolves,46054
Kobe Bufkin,22,Los Angeles Lakers,46054
Trey Alexander,22,New Orleans Pelicans,46054
Nigel Hayes-Davis,31,Phoenix Suns,46054
Tyus Jones,29,Dallas Mavericks,46054
Bradley Beal,32,Los Angeles Clippers,46054
Mac McClung,27,Chicago Bulls,46054
Omer Yurtseven,27,Golden State Warriors,46054
Johnny Juzang,24,Minnesota Timberwolves,46054
Trayce Jackson-Davis,25,Toronto Raptors,46054
Koby Brea,23,Phoenix Suns,46054
David Roddy,24,Denver Nuggets,46054
Taj Gibson,40,Memphis Grizzlies,46054
David Jones García,24,San Antonio Spurs,46054
Vince Williams Jr.,25,Utah Jazz,46054
Caleb Houstan,23,Atlanta Hawks,46054
Haywood Highsmith,29,Phoenix Suns,46054
Tristan Enaruna,24,Cleveland Cavaliers,46054
Luke Travers,24,Cleveland Cavaliers,46054
Xavier Tillman Sr.,27,Boston Celtics,46054
Kyle Anderson,32,Memphis Grizzlies,46054
Julian Phillips,22,Minnesota Timberwolves,46054
Buddy Hield,33,Atlanta Hawks,46054
Curtis Jones,24,Denver Nuggets,46054
Bismack Biyombo,33,San Antonio Spurs,46054
Tyus Jones,29,Denver Nuggets,46054
Isaiah Crawford,24,Houston Rockets,46054
Josh Oduro,25,New Orleans Pelicans,46054
Payton Sandfort,23,Oklahoma City Thunder,46054
Javonte Cooke,26,Portland Trail Blazers,46054
Patrick Baldwin Jr.,23,Sacramento Kings,46054
TyTy Washington Jr.,24,Los Angeles Clippers,46054
Kadary Richmond,24,Washington Wizards,46054
Bobi Klintman,22,Detroit Pistons,46054
Eric Gordon,37,Philadelphia 76ers,46054
Chris Boucher,33,Boston Celtics,46054
DaQuan Jeffries,28,Sacramento Kings,46054
Jahmir Young,25,Miami Heat,46054
Antonio Reeves,25,Charlotte Hornets,46054
Tyrese Martin,26,Philadelphia 76ers,46054
Jeremiah Robinson-Earl,25,Dallas Mavericks,46054
Zyon Pullin,24,Minnesota Timberwolves,46054
Riley Minix,25,Cleveland Cavaliers,46054
Kyle Lowry,39,Philadelphia 76ers,46054
Xavier Tillman Sr.,27,Charlotte Hornets,46054
Garrett Temple,39,Toronto Raptors,46054
Monte Morris,30,Indiana Pacers,46054
Trey Jemison,26,New York Knicks,46054
Lawson Lovering,22,Memphis Grizzlies,46054
Grant Nelson,23,Brooklyn Nets,46054
Olivier Sarr,26,Cleveland Cavaliers,46054
Mouhamadou Gueye,27,Chicago Bulls,46054
Rocco Zikarsky,19,Minnesota Timberwolves,46054
Mark Sears,23,Milwaukee Bucks,46054
Johni Broome,23,Philadelphia 76ers,46054
Alex Antetokounmpo,24,Milwaukee Bucks,46054
Mac McClung,27,Indiana Pacers,46054
Mo Bamba,27,Utah Jazz,46054
Norchad Omier,24,Los Angeles Clippers,46054
Enrique Freeman,25,Minnesota Timberwolves,46054
Skal Labissière,29,Washington Wizards,46054
Isaiah Stevens,25,Sacramento Kings,46054
John Tonje,24,Boston Celtics,46054
Emanuel Miller,25,Chicago Bulls,46054
James Wiseman,24,Indiana Pacers,46054
PJ Hall,23,Memphis Grizzlies,46054
Sean Pedulla,23,Los Angeles Clippers,46054
Keshon Gilbert,22,Atlanta Hawks,46054
KJ Simpson,23,Denver Nuggets,46054
Charles Bassey,25,Boston Celtics,46054
Cody Martin,30,Indiana Pacers,46054
Tony Bradley,28,Atlanta Hawks,46054
Charles Bassey,25,Memphis Grizzlies,46054
RayJ Dennis,24,Atlanta Hawks,46054
Wendell Moore Jr.,24,Detroit Pistons,46054
De'Andre Hunter,28,Sacramento Kings,46054
Hunter Dickinson,25,New Orleans Pelicans,46054
Dillon Jones,24,New York Knicks,46054
Dalano Banton,26,Boston Celtics,46054
Chris Mañon,24,Los Angeles Lakers,46054
CJ Huntley,24,Phoenix Suns,46054
Mason Plumlee,35,San Antonio Spurs,46054
Vladislav Goldin,24,Miami Heat,46054
Tristen Newton,24,Houston Rockets,46054
Harrison Ingram,23,San Antonio Spurs,46054
Jayson Kent,23,Portland Trail Blazers,46054
Alex Morales,28,Orlando Magic,46054
Drew Peterson,26,Charlotte Hornets,46054
Brandon Clarke,29,Memphis Grizzlies,46054
Keshon Gilbert,22,Washington Wizards,46054
Max Shulga,23,Boston Celtics,46054
Orlando Robinson,25,Orlando Magic,46054
Chris Livingston,22,Cleveland Cavaliers,46054
Markelle Fultz,27,Toronto Raptors,46054
Riley Minix,25,San Antonio Spurs,46054
Hunter Sallis,22,Philadelphia 76ers,46054
Colin Castleton,25,Orlando Magic,46054
Patrick Baldwin Jr.,23,Los Angeles Clippers,46054
Dario Šarić,31,Sacramento Kings,46054
Jacob Toppin,25,Atlanta Hawks,46054
Trevor Keels,22,Miami Heat,46054
Dalano Banton,26,Los Angeles Clippers,46054
Isaac Jones,25,Detroit Pistons,46054
N'Faly Dante,24,Atlanta Hawks,46054
Hayden Gray,22,Utah Jazz,46054
Chris Youngblood,23,Portland Trail Blazers,46054
Colby Jones,23,Detroit Pistons,46054
Buddy Boeheim,26,Oklahoma City Thunder,46054
Trentyn Flowers,20,Chicago Bulls,46054
Isaac Jones,25,Sacramento Kings,46054
Jahmyl Telfort,24,Los Angeles Clippers,46054
Stanley Umude,26,San Antonio Spurs,46054
Chucky Hepburn,22,Toronto Raptors,46054
Charles Bassey,25,Philadelphia 76ers,46054
Mo Bamba,27,Toronto Raptors,46054
RayJ Dennis,24,Los Angeles Clippers,46054
Tosan Evbuomwan,24,New York Knicks,46054
Darius Brown II,26,Cleveland Cavaliers,46054
Christian Koloko,25,Los Angeles Lakers,46054
Patrick Baldwin Jr.,23,Philadelphia 76ers,46054
Noa Essengue,19,Chicago Bulls,46054
