draft_year,Rk,Pk,Tm,Player,College,Yrs,G,MP_total,PTS_total,TRB_total,AST_total,FG_pct,3P_pct,FT_pct,MP_per_game,PTS_per_game,TRB_per_game,AST_per_game,WS,WS_per48,BPM,VORP,reason
1950,7.0,7.0,NYK,Irwin Dambrot,City College of New York,,,,,,,,,,,,,,,,,,no career
1950,21.0,21.0,INO,Paul Unruh,Bradley,,,,,,,,,,,,,,,,,,no career
1950,22.0,22.0,ROC,George Stanich,UCLA,,,,,,,,,,,,,,,,,,no career
1950,23.0,23.0,MNL,Hal Haskins,Hamline University,,,,,,,,,,,,,,,,,,no career
1950,27.0,27.0,PHW,Buddy Cate,Western Kentucky,,,,,,,,,,,,,,,,,,no career
1950,28.0,28.0,TRI,Clarence Brannum,Kansas State,,,,,,,,,,,,,,,,,,no career
1950,30.0,30.0,CHS,Lou Watson,Indiana,,,,,,,,,,,,,,,,,,no career
1950,31.0,31.0,NYK,Stan Weber,Bowling Green,,,,,,,,,,,,,,,,,,no career
1950,34.0,34.0,ROC,Bob Roper,John Carroll University,,,,,,,,,,,,,,,,,,no career
1950,35.0,35.0,MNL,Howie Williams,Purdue,,,,,,,,,,,,,,,,,,no career
1950,36.0,36.0,SYR,Stan Christie,USC,,,,,,,,,,,,,,,,,,no career
1950,37.0,37.0,BOS,Ken Reeves,Louisville,,,,,,,,,,,,,,,,,,no career
1950,38.0,38.0,BLB,Jerry Reed,Wyoming,,,,,,,,,,,,,,,,,,no career
1950,39.0,39.0,PHW,Paul Senesky,Saint Joseph's,,,,,,,,,,,,,,,,,,no career
1950,40.0,40.0,TRI,Paul Hicks,Eastern Kentucky University,,,,,,,,,,,,,,,,,,no career
1950,43.0,43.0,NYK,Joe Ossola,Saint Louis,,,,,,,,,,,,,,,,,,no career
1950,44.0,44.0,FTW,Lenny Rzeszewski,Indiana State University,,,,,,,,,,,,,,,,,,no career
1950,45.0,45.0,INO,Jim Line,Kentucky,,,,,,,,,,,,,,,,,,no career
1950,46.0,46.0,ROC,Chet Giermak,William & Mary,,,,,,,,,,,,,,,,,,no career
1950,48.0,48.0,SYR,Paul Merchant,Oklahoma,,,,,,,,,,,,,,,,,,no career
1950,49.0,49.0,BOS,Jack Shelton,Oklahoma State,,,,,,,,,,,,,,,,,,no career
1950,54.0,54.0,CHS,Don Stroot,Missouri,,,,,,,,,,,,,,,,,,no career
1950,55.0,55.0,NYK,Dick Barnes,San Diego State,,,,,,,,,,,,,,,,,,no career
1950,56.0,56.0,FTW,Leroy Thompson,Kent State University,,,,,,,,,,,,,,,,,,no career
1950,57.0,57.0,INO,Sonny Allen,Morehead State University,,,,,,,,,,,,,,,,,,no career
1950,58.0,58.0,ROC,Joe Nelson,BYU,,,,,,,,,,,,,,,,,,no career
1950,60.0,60.0,SYR,Paul Hickey,Denver,,,,,,,,,,,,,,,,,,no career
1950,62.0,62.0,BLB,Rick Harman,Kansas State,,,,,,,,,,,,,,,,,,no career
1950,63.0,63.0,PHW,Dick Dallmer,Cincinnati,,,,,,,,,,,,,,,,,,no career
1950,64.0,64.0,TRI,Bob Anderson,Loyola (MD),,,,,,,,,,,,,,,,,,no career
1950,65.0,65.0,WSC,Warren Cartier,NC State,,,,,,,,,,,,,,,,,,no career
1950,66.0,66.0,CHS,Stu Inman,San Jose State,,,,,,,,,,,,,,,,,,no career
1950,67.0,67.0,NYK,Don Parsons,Rutgers University,,,,,,,,,,,,,,,,,,no career
1950,68.0,68.0,FTW,Bob Metcalf,Valparaiso,,,,,,,,,,,,,,,,,,no career
1950,70.0,70.0,ROC,John Givens,Western Kentucky,,,,,,,,,,,,,,,,,,no career
1950,71.0,71.0,MNL,Wayne Glasgow,Oklahoma,,,,,,,,,,,,,,,,,,no career
1950,72.0,72.0,SYR,Mack Suprunowicz,Michigan,,,,,,,,,,,,,,,,,,no career
1950,73.0,73.0,BOS,Dale Barnstable,Kentucky,,,,,,,,,,,,,,,,,,no career
1950,74.0,74.0,BLB,E. Francis Comerford,La Salle,,,,,,,,,,,,,,,,,,no career
1950,75.0,75.0,PHW,Charles Northrup,Siena College,,,,,,,,,,,,,,,,,,no career
1950,76.0,76.0,TRI,Bill Erickson,Illinois,,,,,,,,,,,,,,,,,,no career
1950,77.0,77.0,WSC,Jim Cathcart,Arkansas,,,,,,,,,,,,,,,,,,no career
1950,78.0,78.0,CHS,Milt Whitehead,Nebraska,,,,,,,,,,,,,,,,,,no career
1950,79.0,79.0,NYK,Dan Bagley,Notre Dame,,,,,,,,,,,,,,,,,,no career
1950,80.0,80.0,FTW,Hugh Jones,Tennessee,,,,,,,,,,,,,,,,,,no career
1950,82.0,82.0,ROC,Dan Kahler,Southwestern College,,,,,,,,,,,,,,,,,,no career
1950,84.0,84.0,SYR,Lou Arko,University of Akron,,,,,,,,,,,,,,,,,,no career
1950,85.0,85.0,BOS,Frank Oftring,Holy Cross,,,,,,,,,,,,,,,,,,no career
1950,86.0,86.0,BLB,George Bush,Toledo,,,,,,,,,,,,,,,,,,no career
1950,87.0,87.0,PHW,Brooks Ricca,Villanova,,,,,,,,,,,,,,,,,,no career
1950,88.0,88.0,TRI,Loy Doty,Wyoming,,,,,,,,,,,,,,,,,,no career
1950,89.0,89.0,WSC,Joe Greenbach,Santa Clara,,,,,,,,,,,,,,,,,,no career
1950,91.0,91.0,NYK,Charles Hope,Appalachian State University,,,,,,,,,,,,,,,,,,no career
1950,92.0,92.0,FTW,Billy Joe Adcock,Vanderbilt,,,,,,,,,,,,,,,,,,no career
1950,93.0,93.0,INO,Jerry Stuteville,Indiana,,,,,,,,,,,,,,,,,,no career
1950,94.0,94.0,ROC,Carl Kraushaar,UCLA,,,,,,,,,,,,,,,,,,no career
1950,95.0,95.0,MNL,Newt Benson,Wisconsin-River Falls,,,,,,,,,,,,,,,,,,no career
1950,96.0,96.0,SYR,Bob Healey,Georgia,,,,,,,,,,,,,,,,,,no career
1950,97.0,97.0,BOS,Bob Cope,Montana,,,,,,,,,,,,,,,,,,no career
1950,98.0,98.0,BLB,Jack Laub,Cincinnati,,,,,,,,,,,,,,,,,,no career
1950,99.0,99.0,PHW,Joel Kaufman,NYU,,,,,,,,,,,,,,,,,,no career
1950,102.0,102.0,CHS,John Brown,Georgetown,,,,,,,,,,,,,,,,,,no career
1950,103.0,103.0,NYK,Don Heathington,Baylor,,,,,,,,,,,,,,,,,,no career
1950,104.0,104.0,FTW,Al Henningsen,Northwest Missouri State University,,,,,,,,,,,,,,,,,,no career
1950,105.0,105.0,INO,Gene Schmidt,TCU,,,,,,,,,,,,,,,,,,no career
1950,106.0,106.0,ROC,Warren Switzer,Rice University,,,,,,,,,,,,,,,,,,no career
1950,107.0,107.0,MNL,Jim Reilly,Swarthmore College,,,,,,,,,,,,,,,,,,no career
1950,108.0,108.0,SYR,Bob Savage,Syracuse,,,,,,,,,,,,,,,,,,no career
1950,109.0,109.0,BOS,Matty Forman,Holy Cross,,,,,,,,,,,,,,,,,,no career
1950,110.0,110.0,BLB,Mike Zedalis,Loyola (MD),,,,,,,,,,,,,,,,,,no career
1950,111.0,111.0,PHW,Bernie Adams,Princeton,,,,,,,,,,,,,,,,,,no career
1950,112.0,112.0,TRI,Keith Bloom,Wyoming,,,,,,,,,,,,,,,,,,no career
1950,113.0,113.0,WSC,Joe Noertker,Virginia,,,,,,,,,,,,,,,,,,no career
1950,114.0,114.0,CHS,Bud Schaeffer,Wheaton College,,,,,,,,,,,,,,,,,,no career
1950,115.0,115.0,INO,Colin Anderson,Georgia Tech,,,,,,,,,,,,,,,,,,no career
1950,116.0,116.0,ROC,Harry Foley,Niagara University,,,,,,,,,,,,,,,,,,no career
1950,117.0,117.0,MNL,Andy Butchko,Purdue,,,,,,,,,,,,,,,,,,no career
1950,118.0,118.0,SYR,Glenn Wilkes,Mercer University,,,,,,,,,,,,,,,,,,no career
1950,119.0,119.0,PHW,Leo Wolf,Villanova,,,,,,,,,,,,,,,,,,no career
1950,120.0,120.0,INO,Jimmy Doyle,Butler,,,,,,,,,,,,,,,,,,no career
1950,121.0,121.0,PHW,Ed Montgomery,Tennessee,,,,,,,,,,,,,,,,,,no career
1951,2.0,1.0,BLB,Gene Melchiorre,Bradley,,,,,,,,,,,,,,,,,,no career
1951,4.0,3.0,INO,Marcus Freiberger,Oklahoma,,,,,,,,,,,,,,,,,,no career
1951,11.0,11.0,BLB,Jack Stone,Kansas State,,,,,,,,,,,,,,,,,,no career
1951,12.0,12.0,TRI,Bill Gossett,Colorado State,,,,,,,,,,,,,,,,,,no career
1951,13.0,13.0,INO,Scotty Steagall,Millikin University,,,,,,,,,,,,,,,,,,no career
1951,16.0,16.0,NYK,Roland Minson,BYU,,,,,,,,,,,,,,,,,,no career
1951,17.0,17.0,BOS,Bill Garrett,Indiana,,,,,,,,,,,,,,,,,,no career
1951,21.0,21.0,BLB,Bill Mann,Bradley,,,,,,,,,,,,,,,,,,no career
1951,22.0,22.0,TRI,Ron Bontemps,Beloit College,,,,,,,,,,,,,,,,,,no career
1951,23.0,23.0,INO,Glenn Kammeyer,Central Missouri State University,,,,,,,,,,,,,,,,,,no career
1951,26.0,26.0,NYK,Joe Luchi,Cincinnati,,,,,,,,,,,,,,,,,,no career
1951,27.0,27.0,BOS,John Furlong,Pepperdine,,,,,,,,,,,,,,,,,,no career
1951,29.0,29.0,PHW,Bob Schloss,Georgia,,,,,,,,,,,,,,,,,,no career
1951,30.0,30.0,MNL,Bob Payne,Oregon State,,,,,,,,,,,,,,,,,,no career
1951,31.0,31.0,BLB,Bill Hagler,California,,,,,,,,,,,,,,,,,,no career
1951,34.0,34.0,FTW,Herb Hargett,Mississippi State,,,,,,,,,,,,,,,,,,no career
1951,35.0,35.0,SYR,Paul Horvath,NC State,,,,,,,,,,,,,,,,,,no career
1951,36.0,36.0,NYK,Lloyd Sandstrom,University of St. Thomas,,,,,,,,,,,,,,,,,,no career
1951,37.0,37.0,BOS,Bob Barnett,University of Evansville,,,,,,,,,,,,,,,,,,no career
1951,39.0,39.0,PHW,Jud Milhon,Ohio Wesleyan University,,,,,,,,,,,,,,,,,,no career
1951,40.0,40.0,MNL,Gale McArthur,Oklahoma State,,,,,,,,,,,,,,,,,,no career
1951,41.0,41.0,BLB,Leroy Ishman,American University,,,,,,,,,,,,,,,,,,no career
1951,42.0,42.0,TRI,Bob Sakel,University of Evansville,,,,,,,,,,,,,,,,,,no career
1951,43.0,43.0,INO,Bob Pierce,Nebraska,,,,,,,,,,,,,,,,,,no career
1951,44.0,44.0,FTW,Leo Johnson,Arizona,,,,,,,,,,,,,,,,,,no career
1951,45.0,45.0,SYR,Glen Anderson,Colorado State,,,,,,,,,,,,,,,,,,no career
1951,46.0,46.0,NYK,Tom Smith,Saint Peter's College,,,,,,,,,,,,,,,,,,no career
1951,47.0,47.0,BOS,Rip Gish,Western Kentucky,,,,,,,,,,,,,,,,,,no career
1951,48.0,48.0,ROC,Dan Bagley,Notre Dame,,,,,,,,,,,,,,,,,,no career
1951,50.0,50.0,MNL,Leo VanderKuy,Michigan,,,,,,,,,,,,,,,,,,no career
1951,51.0,51.0,BLB,Glen Duggins,Utah,,,,,,,,,,,,,,,,,,no career
1951,53.0,53.0,INO,Marv Johnson,Wheaton College,,,,,,,,,,,,,,,,,,no career
1951,54.0,54.0,FTW,Frank Calsbeek,Iowa,,,,,,,,,,,,,,,,,,no career
1951,55.0,55.0,SYR,Bob Wheeler,Idaho,,,,,,,,,,,,,,,,,,no career
1951,56.0,56.0,NYK,Al McGuire,St. John's,4.0,191.0,2966.0,757.0,418.0,363.0,0.379,,0.551,15.5,4.0,2.2,1.9,5.5,0.088,,,no name match
1951,58.0,58.0,ROC,Jim Ove,Valparaiso,,,,,,,,,,,,,,,,,,no career
1951,59.0,59.0,PHW,Dwight Swails,University of Indianapolis,,,,,,,,,,,,,,,,,,no career
1951,60.0,60.0,MNL,Deward Dopson,Arkansas Tech University,,,,,,,,,,,,,,,,,,no career
1951,61.0,61.0,BLB,Tom Riach,USC,,,,,,,,,,,,,,,,,,no career
1951,62.0,62.0,TRI,Bob Ambler,Arkansas,,,,,,,,,,,,,,,,,,no career
1951,63.0,63.0,INO,Ted Beach,Illinois,,,,,,,,,,,,,,,,,,no career
1951,64.0,64.0,FTW,Jim Ramstead,Stanford,,,,,,,,,,,,,,,,,,no career
1951,65.0,65.0,SYR,Roy Reardon,St. Francis College,,,,,,,,,,,,,,,,,,no career
1951,66.0,66.0,NYK,Sid Ryen,Denver,,,,,,,,,,,,,,,,,,no career
1951,67.0,67.0,BOS,John Azary,Columbia University,,,,,,,,,,,,,,,,,,no career
1951,68.0,68.0,ROC,Jack Brown,SMU,,,,,,,,,,,,,,,,,,no career
1951,70.0,70.0,MNL,Ed Head,Kansas State,,,,,,,,,,,,,,,,,,no career
1951,71.0,71.0,BLB,Bill Harper,Oregon State,,,,,,,,,,,,,,,,,,no career
1951,72.0,72.0,TRI,Aaron Preece,Bradley,,,,,,,,,,,,,,,,,,no career
1951,73.0,73.0,INO,George Kelley,Vanderbilt,,,,,,,,,,,,,,,,,,no career
1951,74.0,74.0,FTW,John Manning,Duquesne,,,,,,,,,,,,,,,,,,no career
1951,75.0,75.0,SYR,Tom Jockle,Syracuse,,,,,,,,,,,,,,,,,,no career
1951,76.0,76.0,BOS,Hugo Kappler,NC State,,,,,,,,,,,,,,,,,,no career
1951,77.0,77.0,ROC,George Davidson,Lafayette College,,,,,,,,,,,,,,,,,,no career
1951,79.0,79.0,BLB,Bob Crowe,San Jose State,,,,,,,,,,,,,,,,,,no career
1951,80.0,80.0,TRI,Wayne Tucker,Colorado,,,,,,,,,,,,,,,,,,no career
1951,81.0,81.0,SYR,Ray Kirkgasser,Ithaca College,,,,,,,,,,,,,,,,,,no career
1951,82.0,82.0,PHW,Hugh Faulkner,Pepperdine,,,,,,,,,,,,,,,,,,no career
1951,83.0,83.0,BLB,Dan Torrey,Oregon State,,,,,,,,,,,,,,,,,,no career
1951,84.0,84.0,TRI,John DeWitt,Texas A&M,,,,,,,,,,,,,,,,,,no career
1951,85.0,85.0,PHW,Paul Gerwin,Cornell,,,,,,,,,,,,,,,,,,no career
1951,86.0,86.0,BLB,Clem Pavilonis,DePaul,,,,,,,,,,,,,,,,,,no career
1951,87.0,87.0,BLB,John Burke,Springfield College,,,,,,,,,,,,,,,,,,no career
1952,5.0,5.0,INO,Joe Dean,LSU,,,,,,,,,,,,,,,,,,no career
1952,7.0,7.0,BOS,Bill Stauffer,Missouri,,,,,,,,,,,,,,,,,,no career
1952,9.0,9.0,ROC,Chuck Darling,Iowa,,,,,,,,,,,,,,,,,,no career
1952,12.0,,BOS,Jim Iverson,Kansas State,,,,,,,,,,,,,,,,,,no career
1952,22.0,,BOS,J. C. Maze,Texas State University,,,,,,,,,,,,,,,,,,no career
1952,23.0,,FTW,Bill Carlson,Fordham,,,,,,,,,,,,,,,,,,no career
1952,33.0,,FTW,Hal Cerra,Duquesne,,,,,,,,,,,,,,,,,,no career
1952,36.0,,MNL,Tom Ackerman,West Liberty State College,,,,,,,,,,,,,,,,,,no career
1952,37.0,,NYK,Roy Belliveau,Seton Hall,,,,,,,,,,,,,,,,,,no career
1952,39.0,,ROC,Bryant Ivey,Alabama,,,,,,,,,,,,,,,,,,no career
1952,40.0,,SYR,Bud Donnelly,La Salle,,,,,,,,,,,,,,,,,,no career
1952,41.0,,BLB,Frank Guisness,Washington,,,,,,,,,,,,,,,,,,no career
1952,42.0,,BOS,Don Johnson,Oklahoma State,,,,,,,,,,,,,,,,,,no career
1952,43.0,,FTW,Bob Clifton,Iowa,,,,,,,,,,,,,,,,,,no career
1952,44.0,,INO,Jay Handlan,Washington & Lee University,,,,,,,,,,,,,,,,,,no career
1952,45.0,,MLH,Pete Brewster,Purdue,,,,,,,,,,,,,,,,,,no career
1952,46.0,,MNL,Thomas Bishop,Southern Miss,,,,,,,,,,,,,,,,,,no career
1952,47.0,,NYK,Ben Gibson,Saint Mary's,,,,,,,,,,,,,,,,,,no career
1952,48.0,,PHW,Burr Carlson,UConn,,,,,,,,,,,,,,,,,,no career
1952,49.0,,ROC,Leroy Leslie,Notre Dame,,,,,,,,,,,,,,,,,,no career
1952,50.0,,SYR,Jim Kennedy,Duquesne,,,,,,,,,,,,,,,,,,no career
1952,52.0,,BOS,Jim Buchanan,Nebraska,,,,,,,,,,,,,,,,,,no career
1952,53.0,,FTW,Leo Corkery,St. Bonaventure,,,,,,,,,,,,,,,,,,no career
1952,54.0,,INO,Bill Harrell,Siena College,,,,,,,,,,,,,,,,,,no career
1952,55.0,,MLH,Roger Johnson,Arizona,,,,,,,,,,,,,,,,,,no career
1952,56.0,,MNL,Rod Fletcher,Illinois,,,,,,,,,,,,,,,,,,no career
1952,58.0,,PHW,Newt Jones,La Salle,,,,,,,,,,,,,,,,,,no career
1952,59.0,,ROC,Jewell McDowell,Texas A&M,,,,,,,,,,,,,,,,,,no career
1952,60.0,,SYR,Harry Moore,West Virginia,,,,,,,,,,,,,,,,,,no career
1952,61.0,,BLB,Bill Lea,Missouri State,,,,,,,,,,,,,,,,,,no career
1952,62.0,,BOS,Fred Eydt,Cornell,,,,,,,,,,,,,,,,,,no career
1952,63.0,,FTW,Lee Terrill,NC State,,,,,,,,,,,,,,,,,,no career
1952,64.0,,INO,Jim Hoverder,Central Missouri State University,,,,,,,,,,,,,,,,,,no career
1952,65.0,,MLH,Ab Nicholas,Wisconsin,,,,,,,,,,,,,,,,,,no career
1952,66.0,,MNL,Dick Haag,Wyoming,,,,,,,,,,,,,,,,,,no career
1952,67.0,,NYK,Jim Julian,Missouri State,,,,,,,,,,,,,,,,,,no career
1952,68.0,,PHW,Nick Kladis,Loyola Chicago,,,,,,,,,,,,,,,,,,no career
1952,69.0,,ROC,Sam Miranda,Indiana,,,,,,,,,,,,,,,,,,no career
1952,70.0,,SYR,Bob Roche,Syracuse,,,,,,,,,,,,,,,,,,no career
1952,71.0,,BLB,Mike Magula,Youngstown State University,,,,,,,,,,,,,,,,,,no career
1952,72.0,,BOS,Jules Mugnier,Spring Hill College,,,,,,,,,,,,,,,,,,no career
1952,73.0,,FTW,Jim Ramstead,Stanford,,,,,,,,,,,,,,,,,,no career
1952,74.0,,INO,Gordon Stauffer,Michigan State,,,,,,,,,,,,,,,,,,no career
1952,75.0,,MLH,Dick Retherford,Baldwin-Wallace College,,,,,,,,,,,,,,,,,,no career
1952,76.0,,MNL,Don Holt,Tulane,,,,,,,,,,,,,,,,,,no career
1952,77.0,,NYK,Paul Sullivan,Alabama,,,,,,,,,,,,,,,,,,no career
1952,79.0,,ROC,Jerry Romney,BYU,,,,,,,,,,,,,,,,,,no career
1952,80.0,,BLB,Don Penwell,Oklahoma City University,,,,,,,,,,,,,,,,,,no career
1952,81.0,,BOS,Jim Dilling,Holy Cross,,,,,,,,,,,,,,,,,,no career
1952,82.0,,INO,Dale Toft,Denver,,,,,,,,,,,,,,,,,,no career
1952,83.0,,MLH,John Snee,Clemson,,,,,,,,,,,,,,,,,,no career
1952,84.0,,MNL,Tom Katsimpalis,Eastern Illinois University,,,,,,,,,,,,,,,,,,no career
1952,85.0,,PHW,Don Scanlon,Penn,,,,,,,,,,,,,,,,,,no career
1952,86.0,,ROC,Royce Ray,Houston,,,,,,,,,,,,,,,,,,no career
1952,87.0,,BLB,Art Press,McDaniel College,,,,,,,,,,,,,,,,,,no career
1952,89.0,,MLH,Jim Tackett,New Mexico,,,,,,,,,,,,,,,,,,no career
1952,90.0,,MNL,Dick Means,Minnesota,,,,,,,,,,,,,,,,,,no career
1952,91.0,,PHW,Glen Smith,Utah,,,,,,,,,,,,,,,,,,no career
1952,92.0,,ROC,Arnold Smith,City College of New York,,,,,,,,,,,,,,,,,,no career
1952,94.0,,MLH,Coyte Vance,Mississippi State,,,,,,,,,,,,,,,,,,no career
1952,95.0,,MNL,Dwane Morrison,South Carolina,,,,,,,,,,,,,,,,,,no career
1952,96.0,,PHW,Ben Stewart,Villanova,,,,,,,,,,,,,,,,,,no career
1952,97.0,,ROC,Ray Sonnenberg,Saint Louis,,,,,,,,,,,,,,,,,,no career
1952,98.0,,BLB,Bennie Purcell,Murray State,,,,,,,,,,,,,,,,,,no career
1952,99.0,,MNL,Ed Ramirez,Centenary (LA),,,,,,,,,,,,,,,,,,no career
1952,100.0,,ROC,Ray Steiner,Saint Louis,,,,,,,,,,,,,,,,,,no career
1952,101.0,,MNL,Bob Schneider,Arizona,,,,,,,,,,,,,,,,,,no career
1952,102.0,,ROC,Bob Whitmer,Florida State,,,,,,,,,,,,,,,,,,no career
1952,103.0,,MNL,Gene Smith,Huron University,,,,,,,,,,,,,,,,,,no career
1952,104.0,,MNL,Gene Smith,Xavier,,,,,,,,,,,,,,,,,,no career
1952,105.0,,MNL,Homer Spain,Union University,,,,,,,,,,,,,,,,,,no career
1952,106.0,,MNL,John Wallisa,Memphis,,,,,,,,,,,,,,,,,,no career
1953,12.0,12.0,BLB,Bob Speight,NC State,,,,,,,,,,,,,,,,,,no career
1953,13.0,13.0,FTW,George Glasgow,Fairleigh Dickinson University,,,,,,,,,,,,,,,,,,no career
1953,15.0,15.0,BOS,Chet Noe,Oregon,,,,,,,,,,,,,,,,,,no career
1953,17.0,17.0,NYK,Nield Gordon,Furman University,,,,,,,,,,,,,,,,,,no career
1953,21.0,,FTW,Jim Bredar,Illinois,,,,,,,,,,,,,,,,,,no career
1953,23.0,,MNL,Hartly Kruger,Idaho,,,,,,,,,,,,,,,,,,no career
1953,29.0,,BOS,Earle Markey,Holy Cross,,,,,,,,,,,,,,,,,,no career
1953,30.0,,FTW,Jim Bingham,Eastern Kentucky University,,,,,,,,,,,,,,,,,,no career
1953,33.0,,MNL,Ken Flower,USC,,,,,,,,,,,,,,,,,,no career
1953,34.0,,NYK,Thomas Bishop,Southern Miss,,,,,,,,,,,,,,,,,,no career
1953,35.0,,PHW,Fred Iehle,La Salle,,,,,,,,,,,,,,,,,,no career
1953,36.0,,SYR,Andy McGowan,Manhattan University,,,,,,,,,,,,,,,,,,no career
1953,37.0,,BLB,Bill Schyman,DePaul,,,,,,,,,,,,,,,,,,no career
1953,38.0,,BOS,John Holup,George Washington,,,,,,,,,,,,,,,,,,no career
1953,39.0,,FTW,Mike Bednar,St. Bonaventure,,,,,,,,,,,,,,,,,,no career
1953,40.0,,MLH,Joe Cipriano,Washington,,,,,,,,,,,,,,,,,,no career
1953,41.0,,MNL,Zippy Morocco,Georgia,,,,,,,,,,,,,,,,,,no career
1953,43.0,,PHW,Eddie Solomon,West Virginia Tech,,,,,,,,,,,,,,,,,,no career
1953,44.0,,ROC,Dick Walls,Miami University,,,,,,,,,,,,,,,,,,no career
1953,45.0,,SYR,Warren Shackelford,Tulsa,,,,,,,,,,,,,,,,,,no career
1953,46.0,,BLB,Elmer Tolson,Eastern Kentucky University,,,,,,,,,,,,,,,,,,no career
1953,47.0,,BOS,Vernon Stokes,St. Francis College,,,,,,,,,,,,,,,,,,no career
1953,48.0,,FTW,Norb Lewinski,Notre Dame,,,,,,,,,,,,,,,,,,no career
1953,49.0,,MLH,John O'Brien,Seattle University,,,,,,,,,,,,,,,,,,no career
1953,50.0,,MNL,Pete Silas,Georgia Tech,,,,,,,,,,,,,,,,,,no career
1953,52.0,,PHW,Don Eby,USC,,,,,,,,,,,,,,,,,,no career
1953,53.0,,ROC,Hugh Beins,Georgetown,,,,,,,,,,,,,,,,,,no career
1953,54.0,,SYR,Bill Jenkins,LeMoyne College,,,,,,,,,,,,,,,,,,no career
1953,55.0,,BLB,Herman Sledzik,Penn State,,,,,,,,,,,,,,,,,,no career
1953,57.0,,FTW,William Hogan,Siena College,,,,,,,,,,,,,,,,,,no career
1953,58.0,,MLH,Eddie O'Brien,Seattle University,,,,,,,,,,,,,,,,,,no career
1953,59.0,,MNL,Lloyd Olmstead,Cornell College,,,,,,,,,,,,,,,,,,no career
1953,60.0,,NYK,Bob Matheny,California,,,,,,,,,,,,,,,,,,no career
1953,61.0,,PHW,Bob Marske,,,,,,,,,,,,,,,,,,,no career
1953,62.0,,ROC,Kendall Sheets,Oklahoma State,,,,,,,,,,,,,,,,,,no career
1953,63.0,,SYR,Bill Hull,Utah State University,,,,,,,,,,,,,,,,,,no career
1953,65.0,,BOS,Ted Lallier,Colby College,,,,,,,,,,,,,,,,,,no career
1953,66.0,,FTW,Dean Kelley,Kansas,,,,,,,,,,,,,,,,,,no career
1953,67.0,,MLH,Darrell Tucker,Utah State University,,,,,,,,,,,,,,,,,,no career
1953,68.0,,MNL,Joe Richey,BYU,,,,,,,,,,,,,,,,,,no career
1953,69.0,,NYK,Alan Schutts,Springfield College,,,,,,,,,,,,,,,,,,no career
1953,70.0,,PHW,Bill Dodd,Colgate,,,,,,,,,,,,,,,,,,no career
1953,71.0,,ROC,Jim Sottile,West Virginia,,,,,,,,,,,,,,,,,,no career
1953,72.0,,SYR,Joe Hughes,Denver,,,,,,,,,,,,,,,,,,no career
1953,73.0,,BLB,Dennis Murphy,Georgetown,,,,,,,,,,,,,,,,,,no career
1953,74.0,,BOS,Lewis Gilcrease,Texas State University,,,,,,,,,,,,,,,,,,no career
1953,75.0,,FTW,Dick White,Eastern Kentucky University,,,,,,,,,,,,,,,,,,no career
1953,76.0,,MLH,Paul Brandt,Columbia University,,,,,,,,,,,,,,,,,,no career
1953,77.0,,MNL,Huck Budde,Xavier,,,,,,,,,,,,,,,,,,no career
1953,78.0,,NYK,Forrest Hamilton,Missouri State,,,,,,,,,,,,,,,,,,no career
1953,79.0,,PHW,Bob Sassone,St. Bonaventure,,,,,,,,,,,,,,,,,,no career
1953,80.0,,ROC,Dick Gross,Wheaton College,,,,,,,,,,,,,,,,,,no career
1953,81.0,,SYR,Gerry Nappy,Georgetown,,,,,,,,,,,,,,,,,,no career
1953,82.0,,BLB,Jack Carby,Kansas State,,,,,,,,,,,,,,,,,,no career
1953,83.0,,BOS,Tom Lillis,Saint Louis,,,,,,,,,,,,,,,,,,no career
1953,84.0,,MLH,Bob Rousey,Kansas State,,,,,,,,,,,,,,,,,,no career
1953,85.0,,MNL,Walt Kearns,Arkansas,,,,,,,,,,,,,,,,,,no career
1953,86.0,,NYK,Dick Prater,Kentucky,,,,,,,,,,,,,,,,,,no career
1953,87.0,,PHW,Toar Hester,Centenary (LA),,,,,,,,,,,,,,,,,,no career
1953,88.0,,ROC,Jim Gerber,Bowling Green,,,,,,,,,,,,,,,,,,no career
1953,89.0,,SYR,Al Bailey,Duquesne,,,,,,,,,,,,,,,,,,no career
1953,90.0,,BLB,Don Stemmerich,Clarion University of Pennsylvania,,,,,,,,,,,,,,,,,,no career
1953,91.0,,BOS,Gil Reich,Kansas,,,,,,,,,,,,,,,,,,no career
1953,92.0,,MNL,Bill Chambers,William & Mary,,,,,,,,,,,,,,,,,,no career
1953,93.0,,NYK,Larry O'Connor,Canisius,,,,,,,,,,,,,,,,,,no career
1953,94.0,,PHW,John Doogan,Saint Joseph's,,,,,,,,,,,,,,,,,,no career
1953,95.0,,ROC,Bill Bales,Eastern Kentucky University,,,,,,,,,,,,,,,,,,no career
1953,96.0,,SYR,Glenn Dille,Tulsa,,,,,,,,,,,,,,,,,,no career
1953,97.0,,BLB,Russ Johnson,DePaul,,,,,,,,,,,,,,,,,,no career
1953,98.0,,BOS,Jim Doherty,Whitworth,,,,,,,,,,,,,,,,,,no career
1953,99.0,,MNL,Harold Christensen,BYU,,,,,,,,,,,,,,,,,,no career
1953,100.0,,NYK,Delmer Diercks,Iowa State,,,,,,,,,,,,,,,,,,no career
1953,101.0,,PHW,Charles Duffley,Saint Anselm College,,,,,,,,,,,,,,,,,,no career
1953,102.0,,ROC,Bill Edwards,St. Bonaventure,,,,,,,,,,,,,,,,,,no career
1953,103.0,,SYR,Garrett Beshear,Murray State,,,,,,,,,,,,,,,,,,no career
1953,104.0,,BLB,Bob Karbach,Pepperdine,,,,,,,,,,,,,,,,,,no career
1953,105.0,,MNL,Bob Gelle,Minnesota,,,,,,,,,,,,,,,,,,no career
1953,107.0,,ROC,Bob Goss,NC State,,,,,,,,,,,,,,,,,,no career
1953,108.0,,BLB,Joe Piorkowski,Penn State,,,,,,,,,,,,,,,,,,no career
1953,109.0,,MNL,Lloyd Thorgaard,Hamline University,,,,,,,,,,,,,,,,,,no career
1953,110.0,,ROC,Paul Smaagard,Hamline University,,,,,,,,,,,,,,,,,,no career
1953,111.0,,BLB,Jack Walsh,,,,,,,,,,,,,,,,,,,no career
1953,112.0,,MNL,Bob Gussner,Hamline University,,,,,,,,,,,,,,,,,,no career
1953,114.0,,BLB,Rich Gott,Murray State,,,,,,,,,,,,,,,,,,no career
1953,115.0,,MNL,Chuck Wolfe,University of North Dakota,,,,,,,,,,,,,,,,,,no career
1953,116.0,,ROC,John Kurtz,Loyola Marymount,,,,,,,,,,,,,,,,,,no career
1953,117.0,,MNL,Doug Atkins,Tennessee,,,,,,,,,,,,,,,,,,no career
1953,118.0,,ROC,Ed Kohl,Regis University,,,,,,,,,,,,,,,,,,no career
1953,119.0,,MNL,Roger Kuss,Wisconsin-River Falls,,,,,,,,,,,,,,,,,,no career
1953,120.0,,ROC,Gene Lambert Jr.,Arkansas,,,,,,,,,,,,,,,,,,no career
1953,121.0,,ROC,Tex Silverman,George Washington,,,,,,,,,,,,,,,,,,no career
1953,122.0,,ROC,Nick Maguire,Villanova,,,,,,,,,,,,,,,,,,no career
1954,9.0,8.0,NYK,Jack Turner,Western Kentucky,1.0,65.0,922.0,282.0,154.0,77.0,0.36,,0.789,14.2,4.3,2.4,1.2,0.6,0.032,,,ambiguous candidates
1954,11.0,11.0,MLH,Bob Mattick,Oklahoma State,,,,,,,,,,,,,,,,,,no career
1954,13.0,13.0,FTW,Arnold Short,Oklahoma City University,,,,,,,,,,,,,,,,,,no career
1954,19.0,19.0,BLB,Werner Killen,Lawrence Technological University,,,,,,,,,,,,,,,,,,no career
1954,20.0,20.0,MLH,Walt Walowac,Marshall,,,,,,,,,,,,,,,,,,no career
1954,21.0,21.0,PHW,Ben Peters,Benedictine College,,,,,,,,,,,,,,,,,,no career
1954,22.0,22.0,FTW,B. H. Born,Kansas,,,,,,,,,,,,,,,,,,no career
1954,23.0,23.0,BOS,Henry Daubenschmidt,St. Francis College,,,,,,,,,,,,,,,,,,no career
1954,25.0,25.0,ROC,Lee Morton,Cornell,,,,,,,,,,,,,,,,,,no career
1954,27.0,27.0,MNL,Don Lance,Rice University,,,,,,,,,,,,,,,,,,no career
1954,28.0,28.0,BLB,Burt Spice,Toledo,,,,,,,,,,,,,,,,,,no career
1954,31.0,31.0,FTW,Mel Thompson,NC State,,,,,,,,,,,,,,,,,,no career
1954,32.0,32.0,BOS,Ron Perry,Holy Cross,,,,,,,,,,,,,,,,,,no career
1954,33.0,33.0,SYR,Don McLane,Duquesne,,,,,,,,,,,,,,,,,,no career
1954,35.0,35.0,NYK,Don Lange,United States Naval Academy,,,,,,,,,,,,,,,,,,no career
1954,36.0,36.0,MNL,Gene Schwinger,Rice University,,,,,,,,,,,,,,,,,,no career
1954,37.0,37.0,BLB,Lou Scott,Indiana,,,,,,,,,,,,,,,,,,no career
1954,38.0,38.0,MLH,Paul Ebert,Ohio State,,,,,,,,,,,,,,,,,,no career
1954,39.0,39.0,PHW,Rudy D'Emilio,Duke,,,,,,,,,,,,,,,,,,no career
1954,40.0,40.0,FTW,Dutch Burch,Pitt,,,,,,,,,,,,,,,,,,no career
1954,41.0,41.0,BOS,Troy Burrus,West Texas A&M University,,,,,,,,,,,,,,,,,,no career
1954,42.0,42.0,SYR,Tom Pottenburgh,Siena College,,,,,,,,,,,,,,,,,,no career
1954,44.0,44.0,NYK,Jesse Prisock,Kansas State,,,,,,,,,,,,,,,,,,no career
1954,45.0,45.0,MNL,Buzz Bennett,Minnesota,,,,,,,,,,,,,,,,,,no career
1954,46.0,46.0,BLB,Bob Heim,Xavier,,,,,,,,,,,,,,,,,,no career
1954,48.0,48.0,PHW,Len Winogard,Brandeis University,,,,,,,,,,,,,,,,,,no career
1954,49.0,49.0,FTW,Charles Kraak,Indiana,,,,,,,,,,,,,,,,,,no career
1954,50.0,50.0,BOS,Otto Kriegshauser,Washington University in Saint Louis,,,,,,,,,,,,,,,,,,no career
1954,51.0,51.0,SYR,Norman Pott,Wheaton College,,,,,,,,,,,,,,,,,,no career
1954,53.0,53.0,NYK,Ron Rivers,Wyoming,,,,,,,,,,,,,,,,,,no career
1954,54.0,54.0,MNL,Nick Revon,Southern Miss,,,,,,,,,,,,,,,,,,no career
1954,55.0,55.0,BLB,Joe Pehanick,Seattle University,,,,,,,,,,,,,,,,,,no career
1954,56.0,56.0,MLH,Allen Kelley,Kansas,,,,,,,,,,,,,,,,,,no career
1954,57.0,57.0,PHW,Bob Brady,San Diego State,,,,,,,,,,,,,,,,,,no career
1954,58.0,58.0,FTW,Bernie Janicki,Duke,,,,,,,,,,,,,,,,,,no career
1954,59.0,59.0,BOS,Dick Estergard,Bradley,,,,,,,,,,,,,,,,,,no career
1954,60.0,60.0,SYR,Gus Lovett,Franklin & Marshall College,,,,,,,,,,,,,,,,,,no career
1954,61.0,61.0,ROC,Bill Hull,Utah State University,,,,,,,,,,,,,,,,,,no career
1954,62.0,62.0,NYK,Solly Walker,St. John's,,,,,,,,,,,,,,,,,,no career
1954,63.0,63.0,MNL,Dan Finch,Vanderbilt,,,,,,,,,,,,,,,,,,no career
1954,64.0,64.0,BLB,Harry Brooks,Seton Hall,,,,,,,,,,,,,,,,,,no career
1954,65.0,65.0,MLH,Dick Nunneley,Tulsa,,,,,,,,,,,,,,,,,,no career
1954,66.0,66.0,PHW,Bob Hodges,East Carolina University,,,,,,,,,,,,,,,,,,no career
1954,68.0,68.0,BOS,Jim Young,Santa Clara,,,,,,,,,,,,,,,,,,no career
1954,69.0,69.0,SYR,Mel Besdin,Syracuse,,,,,,,,,,,,,,,,,,no career
1954,70.0,70.0,ROC,Paul Morrow,Wisconsin,,,,,,,,,,,,,,,,,,no career
1954,71.0,71.0,NYK,Cob Jarvis,Mississippi State,,,,,,,,,,,,,,,,,,no career
1954,73.0,73.0,BLB,Ron Goerrs,Concordia Seminary,,,,,,,,,,,,,,,,,,no career
1954,74.0,74.0,MLH,Hal Cervini,Tulane,,,,,,,,,,,,,,,,,,no career
1954,75.0,75.0,PHW,Vince Leta,Lycoming College,,,,,,,,,,,,,,,,,,no career
1954,76.0,76.0,FTW,Joel Hittleman,Loyola (MD),,,,,,,,,,,,,,,,,,no career
1954,77.0,77.0,SYR,Fletcher Johnson,Duquesne,,,,,,,,,,,,,,,,,,no career
1954,78.0,78.0,ROC,Roy Irvin,USC,,,,,,,,,,,,,,,,,,no career
1954,79.0,79.0,NYK,Henry Duckham,Polytechnic University,,,,,,,,,,,,,,,,,,no career
1954,81.0,81.0,BLB,Gary Shivers,Houston,,,,,,,,,,,,,,,,,,no career
1954,82.0,82.0,MLH,Joe Bertrand,Notre Dame,,,,,,,,,,,,,,,,,,no career
1954,83.0,83.0,PHW,Bill Sullivan,Notre Dame,,,,,,,,,,,,,,,,,,no career
1954,84.0,84.0,FTW,Dean Larsen,BYU,,,,,,,,,,,,,,,,,,no career
1954,85.0,85.0,BOS,Tony Daukas,Boston College,,,,,,,,,,,,,,,,,,no career
1954,86.0,86.0,SYR,Jack Davidson,UCLA,,,,,,,,,,,,,,,,,,no career
1954,87.0,87.0,ROC,Ed Parchinski,Fordham,,,,,,,,,,,,,,,,,,no career
1954,88.0,88.0,NYK,John Clune,United States Naval Academy,,,,,,,,,,,,,,,,,,no career
1954,89.0,89.0,MNL,John Biever,Northwestern,,,,,,,,,,,,,,,,,,no career
1954,90.0,90.0,BLB,Elliot Karver,George Washington,,,,,,,,,,,,,,,,,,no career
1954,91.0,91.0,MLH,Jerry Domershick,City College of New York,,,,,,,,,,,,,,,,,,no career
1954,92.0,92.0,PHW,Frank O'Hara,La Salle,,,,,,,,,,,,,,,,,,no career
1954,93.0,93.0,FTW,Forrest Jackson,Taylor University,,,,,,,,,,,,,,,,,,no career
1954,94.0,94.0,BOS,Bill Johnson,Nebraska,,,,,,,,,,,,,,,,,,no career
1954,96.0,96.0,NYK,Bob Waller,Oklahoma,,,,,,,,,,,,,,,,,,no career
1954,97.0,97.0,MLH,Ron Weisner,Wisconsin,,,,,,,,,,,,,,,,,,no career
1954,98.0,98.0,PHW,John Glinski,SUNY Cortland,,,,,,,,,,,,,,,,,,no career
1954,99.0,99.0,NYK,Charles Stickels,Hastings College,,,,,,,,,,,,,,,,,,no career
1954,100.0,100.0,PHW,John Holup,George Washington,,,,,,,,,,,,,,,,,,no career
1955,13.0,13.0,NYK,Jerry Mullen,San Francisco,,,,,,,,,,,,,,,,,,no career
1955,16.0,16.0,SYR,Don Schlundt,Indiana,,,,,,,,,,,,,,,,,,no career
1955,20.0,20.0,BOS,Buzz Wilkinson,Virginia,,,,,,,,,,,,,,,,,,no career
1955,22.0,22.0,MNL,Dick Boushka,Saint Louis,,,,,,,,,,,,,,,,,,no career
1955,23.0,23.0,SYR,Jack Sallee,Dayton,,,,,,,,,,,,,,,,,,no career
1955,24.0,24.0,FTW,Ron Bennink,Washington State,,,,,,,,,,,,,,,,,,no career
1955,25.0,25.0,STL,Burdette Haldorson,Colorado,,,,,,,,,,,,,,,,,,no career
1955,26.0,26.0,ROC,Bob McKeen,California,,,,,,,,,,,,,,,,,,no career
1955,27.0,27.0,PHW,Ed Wiener,Tennessee,,,,,,,,,,,,,,,,,,no career
1955,28.0,28.0,BOS,Bart Leach,Penn,,,,,,,,,,,,,,,,,,no career
1955,29.0,29.0,NYK,Ed Cole,Creighton,,,,,,,,,,,,,,,,,,no career
1955,30.0,30.0,MNL,John Miller,Ohio State,,,,,,,,,,,,,,,,,,no career
1955,31.0,31.0,FTW,Dick Howard,Case Western Reserve University,,,,,,,,,,,,,,,,,,no career
1955,32.0,32.0,SYR,Frank Ehmann,Northwestern,,,,,,,,,,,,,,,,,,no career
1955,33.0,33.0,STL,Bill Bagley,Saint Mary's,,,,,,,,,,,,,,,,,,no career
1955,34.0,34.0,ROC,Bill Evans,Kentucky,,,,,,,,,,,,,,,,,,no career
1955,35.0,35.0,PHW,Jack Devine,Villanova,,,,,,,,,,,,,,,,,,no career
1955,36.0,36.0,BOS,Bob Patterson,Tulsa,,,,,,,,,,,,,,,,,,no career
1955,37.0,37.0,NYK,Denver Brackeen,Ole Miss,,,,,,,,,,,,,,,,,,no career
1955,38.0,38.0,MNL,Bill Banks,Texas State University,,,,,,,,,,,,,,,,,,no career
1955,39.0,39.0,SYR,Mal Duffy,St. Bonaventure,,,,,,,,,,,,,,,,,,no career
1955,40.0,40.0,FTW,Cleo Littleton,Wichita State,,,,,,,,,,,,,,,,,,no career
1955,41.0,41.0,STL,Harvey Babetch,Bradley,,,,,,,,,,,,,,,,,,no career
1955,43.0,43.0,PHW,George Swyers,West Virginia Tech,,,,,,,,,,,,,,,,,,no career
1955,44.0,44.0,BOS,John Mahoney,William & Mary,,,,,,,,,,,,,,,,,,no career
1955,45.0,45.0,NYK,Howard Sessums,Mississippi College,,,,,,,,,,,,,,,,,,no career
1955,46.0,46.0,MNL,O'Neal Weaver,Midwestern State University,,,,,,,,,,,,,,,,,,no career
1955,47.0,47.0,FTW,Bob Reiter,Missouri,,,,,,,,,,,,,,,,,,no career
1955,48.0,48.0,SYR,Ron Tomsic,Stanford,,,,,,,,,,,,,,,,,,no career
1955,49.0,49.0,STL,Joe Fitt,University of Scranton,,,,,,,,,,,,,,,,,,no career
1955,50.0,50.0,ROC,Jim McConnell,Niagara University,,,,,,,,,,,,,,,,,,no career
1955,51.0,51.0,PHW,Harry Silcox,Temple,,,,,,,,,,,,,,,,,,no career
1955,52.0,52.0,BOS,John Moore,UCLA,,,,,,,,,,,,,,,,,,no career
1955,53.0,53.0,NYK,Jim Fay,St. Ambrose University,,,,,,,,,,,,,,,,,,no career
1955,54.0,54.0,MNL,Don Bragg,UCLA,,,,,,,,,,,,,,,,,,no career
1955,55.0,55.0,SYR,Ed Galvin,Loyola New Orleans,,,,,,,,,,,,,,,,,,no career
1955,56.0,56.0,FTW,Tom Harrold,Colorado,,,,,,,,,,,,,,,,,,no career
1955,57.0,57.0,STL,Bill Reigel,McNeese State University,,,,,,,,,,,,,,,,,,no career
1955,58.0,58.0,ROC,Tony Vlastelica,Oregon State,,,,,,,,,,,,,,,,,,no career
1955,59.0,59.0,PHW,Al Didriksen,Temple,,,,,,,,,,,,,,,,,,no career
1955,60.0,60.0,BOS,Dean Parsons,Washington,,,,,,,,,,,,,,,,,,no career
1955,61.0,61.0,NYK,Jack Beck,Truman State University,,,,,,,,,,,,,,,,,,no career
1955,62.0,62.0,MNL,Don Boldebuck,Houston,,,,,,,,,,,,,,,,,,no career
1955,63.0,63.0,FTW,Don Belcher,LSU,,,,,,,,,,,,,,,,,,no career
1955,64.0,64.0,SYR,Cliff Dwyer,NC State,,,,,,,,,,,,,,,,,,no career
1955,65.0,65.0,STL,Lynn Cole,Western Kentucky,,,,,,,,,,,,,,,,,,no career
1955,66.0,66.0,ROC,Jerry Jung,Kansas State,,,,,,,,,,,,,,,,,,no career
1955,67.0,67.0,PHW,Lester Lane,Oklahoma,,,,,,,,,,,,,,,,,,no career
1955,68.0,68.0,BOS,Nick Romanoff,University of the Pacific,,,,,,,,,,,,,,,,,,no career
1955,69.0,69.0,NYK,Don Payne,Adelphi University,,,,,,,,,,,,,,,,,,no career
1955,70.0,70.0,MNL,Bill Warden,North Central College,,,,,,,,,,,,,,,,,,no career
1955,71.0,71.0,SYR,Marty Satalino,St. John's,,,,,,,,,,,,,,,,,,no career
1955,72.0,72.0,FTW,Tom Mixon,Mercer University,,,,,,,,,,,,,,,,,,no career
1955,73.0,73.0,STL,Dick Cable,Wisconsin,,,,,,,,,,,,,,,,,,no career
1955,74.0,74.0,ROC,Harry Jorgensen,Wyoming,,,,,,,,,,,,,,,,,,no career
1955,75.0,75.0,PHW,Jerry Koch,Saint Louis,,,,,,,,,,,,,,,,,,no career
1955,76.0,76.0,BOS,Jim Ahearn,UConn,,,,,,,,,,,,,,,,,,no career
1955,77.0,77.0,NYK,Wally McCarvill,Iona College,,,,,,,,,,,,,,,,,,no career
1955,78.0,78.0,MNL,Jim Scott,West Texas A&M University,,,,,,,,,,,,,,,,,,no career
1955,79.0,79.0,FTW,Charlie Mock,Colorado,,,,,,,,,,,,,,,,,,no career
1955,80.0,80.0,SYR,Russ Lawler,Stanford,,,,,,,,,,,,,,,,,,no career
1955,81.0,81.0,STL,Ed O'Connor,Manhattan University,,,,,,,,,,,,,,,,,,no career
1955,82.0,82.0,ROC,Art Quimby,UConn,,,,,,,,,,,,,,,,,,no career
1955,83.0,83.0,BOS,Carl Hartman,Alderson-Broaddus College,,,,,,,,,,,,,,,,,,no career
1955,84.0,84.0,NYK,Charles Stickels,Hastings College,,,,,,,,,,,,,,,,,,no career
1955,86.0,86.0,SYR,Stan Glowaski,Seattle University,,,,,,,,,,,,,,,,,,no career
1955,87.0,87.0,FTW,Happy Mahfouz,Spring Hill College,,,,,,,,,,,,,,,,,,no career
1955,88.0,88.0,STL,Charles Hoxie,Niagara University,,,,,,,,,,,,,,,,,,no career
1955,89.0,89.0,ROC,John Prudhoe,Louisville,,,,,,,,,,,,,,,,,,no career
1955,90.0,90.0,BOS,Mark Davis,Marietta College,,,,,,,,,,,,,,,,,,no career
1955,91.0,91.0,NYK,Mickey Harrington,Southern Miss,,,,,,,,,,,,,,,,,,no career
1955,92.0,92.0,FTW,Ray Warren,TCU,,,,,,,,,,,,,,,,,,no career
1955,93.0,93.0,STL,Dick Welsh,USC,,,,,,,,,,,,,,,,,,no career
1955,94.0,94.0,BOS,Henry Dooley,Wiley College,,,,,,,,,,,,,,,,,,no career
1955,95.0,95.0,BOS,Bob Scudellari,Cooper Union,,,,,,,,,,,,,,,,,,no career
1956,11.0,11.0,MNL,Terry Rand,Marquette,,,,,,,,,,,,,,,,,,no career
1956,13.0,13.0,SYR,Paul Judson,Illinois,,,,,,,,,,,,,,,,,,no career
1956,15.0,15.0,FTW,Bob Kessler,Maryland,,,,,,,,,,,,,,,,,,no career
1956,18.0,18.0,STL,Darrell Floyd,Furman University,,,,,,,,,,,,,,,,,,no career
1956,20.0,20.0,NYK,Jerry Harper,Alabama,,,,,,,,,,,,,,,,,,no career
1956,22.0,22.0,BOS,George Linn,Alabama,,,,,,,,,,,,,,,,,,no career
1956,24.0,24.0,PHW,Bevo Francis,University of Rio Grande,,,,,,,,,,,,,,,,,,no career
1956,26.0,26.0,STL,Robin Freeman,Ohio State,,,,,,,,,,,,,,,,,,no career
1956,27.0,27.0,MNL,Lloyd Aubrey,Notre Dame,,,,,,,,,,,,,,,,,,no career
1956,28.0,28.0,NYK,Ronnie Mayer,Duke,,,,,,,,,,,,,,,,,,no career
1956,31.0,31.0,FTW,Charles Slack,Marshall,,,,,,,,,,,,,,,,,,no career
1956,32.0,32.0,PHW,Phil Wheeler,Cincinnati,,,,,,,,,,,,,,,,,,no career
1956,33.0,33.0,ROC,Bill Uhl,Dayton,,,,,,,,,,,,,,,,,,no career
1956,35.0,35.0,MNL,Bill Reigel,McNeese State University,,,,,,,,,,,,,,,,,,no career
1956,36.0,36.0,NYK,Joe Sexson,Purdue,,,,,,,,,,,,,,,,,,no career
1956,38.0,38.0,BOS,Bill Logan,Iowa,,,,,,,,,,,,,,,,,,no career
1956,39.0,39.0,FTW,Joe Liebler,Holy Cross,,,,,,,,,,,,,,,,,,no career
1956,40.0,40.0,PHW,Joe Belmont,Duke,,,,,,,,,,,,,,,,,,no career
1956,41.0,41.0,ROC,Kevin Thomas,Boston University,,,,,,,,,,,,,,,,,,no career
1956,42.0,42.0,STL,Dave Plunkett,Cincinnati,,,,,,,,,,,,,,,,,,no career
1956,45.0,45.0,SYR,Jim McLaughlin,Saint Louis,,,,,,,,,,,,,,,,,,no career
1956,46.0,46.0,BOS,Don Boldebuck,Houston,,,,,,,,,,,,,,,,,,no career
1956,47.0,47.0,FTW,Paul Schlimm,John Carroll University,,,,,,,,,,,,,,,,,,no career
1956,48.0,48.0,PHW,Mickey Winograd,Duquesne,,,,,,,,,,,,,,,,,,no career
1956,49.0,49.0,ROC,Carl Cain,Iowa,,,,,,,,,,,,,,,,,,no career
1956,50.0,50.0,STL,Julius McCoy,Michigan State,,,,,,,,,,,,,,,,,,no career
1956,52.0,52.0,NYK,Jack Adams,Eastern Kentucky University,,,,,,,,,,,,,,,,,,no career
1956,53.0,53.0,SYR,Les Roh,Idaho State University,,,,,,,,,,,,,,,,,,no career
1956,54.0,54.0,BOS,O'Neal Weaver,Midwestern State University,,,,,,,,,,,,,,,,,,no career
1956,55.0,55.0,FTW,Bruce Harris,Tennessee Technological University,,,,,,,,,,,,,,,,,,no career
1956,56.0,56.0,PHW,John Fannon,Notre Dame,,,,,,,,,,,,,,,,,,no career
1956,57.0,57.0,ROC,Clayton Carter,Oklahoma State,,,,,,,,,,,,,,,,,,no career
1956,58.0,58.0,STL,Morris Taft,UCLA,,,,,,,,,,,,,,,,,,no career
1956,60.0,60.0,NYK,Art Bunte,Utah,,,,,,,,,,,,,,,,,,no career
1956,61.0,61.0,SYR,Chester Webb,Georgia Southern University,,,,,,,,,,,,,,,,,,no career
1956,62.0,62.0,BOS,Vic Molodet,NC State,,,,,,,,,,,,,,,,,,no career
1956,63.0,63.0,PHW,Max Anderson,Oregon,,,,,,,,,,,,,,,,,,no career
1956,64.0,64.0,ROC,Dan Mannix,St. Francis College,,,,,,,,,,,,,,,,,,no career
1956,65.0,65.0,STL,Jim Reed,Texas Tech,,,,,,,,,,,,,,,,,,no career
1956,66.0,66.0,MNL,Jim Springer,Gustavus Adolphus,,,,,,,,,,,,,,,,,,no career
1956,67.0,67.0,NYK,Dick Miller,Wisconsin,,,,,,,,,,,,,,,,,,no career
1956,68.0,68.0,SYR,Dick Julio,University of Massachusetts Dartmouth,,,,,,,,,,,,,,,,,,no career
1956,69.0,69.0,BOS,Jim Houston,Brandeis University,,,,,,,,,,,,,,,,,,no career
1956,70.0,70.0,PHW,Ronald Clark,Springfield College,,,,,,,,,,,,,,,,,,no career
1956,71.0,71.0,ROC,Jerry Moreman,Louisville,,,,,,,,,,,,,,,,,,no career
1956,72.0,72.0,STL,Herschel Pedersen,BYU,,,,,,,,,,,,,,,,,,no career
1956,73.0,73.0,MNL,Phil Grawemeyer,Kentucky,,,,,,,,,,,,,,,,,,no career
1956,74.0,74.0,NYK,Howie Crittenden,Murray State,,,,,,,,,,,,,,,,,,no career
1956,76.0,76.0,BOS,Theophilus Lloyd,Maryland,,,,,,,,,,,,,,,,,,no career
1956,77.0,77.0,ROC,Gene Carpenter,Texas Tech,,,,,,,,,,,,,,,,,,no career
1956,78.0,78.0,STL,Wally Choice,Indiana,,,,,,,,,,,,,,,,,,no career
1956,79.0,79.0,MNL,Robert Hodgson,Wichita State,,,,,,,,,,,,,,,,,,no career
1956,80.0,80.0,NYK,Dick Miani,Miami (FL),,,,,,,,,,,,,,,,,,no career
1956,81.0,81.0,SYR,Willie Bergines,West Virginia,,,,,,,,,,,,,,,,,,no career
1956,82.0,82.0,STL,Ed Huse,Wyoming,,,,,,,,,,,,,,,,,,no career
1956,83.0,83.0,MNL,Carl Widseth,Tennessee,,,,,,,,,,,,,,,,,,no career
1956,84.0,84.0,NYK,Ed Petrie,Seton Hall,,,,,,,,,,,,,,,,,,no career
1956,85.0,85.0,SYR,Dick Kenyon,LeMoyne College,,,,,,,,,,,,,,,,,,no career
1956,86.0,86.0,STL,Arthur Helms,Houston,,,,,,,,,,,,,,,,,,no career
1956,87.0,87.0,MNL,John Patzwald,Gustavus Adolphus,,,,,,,,,,,,,,,,,,no career
1956,88.0,88.0,NYK,Toby Roybal,New Mexico,,,,,,,,,,,,,,,,,,no career
1956,89.0,89.0,SYR,Milt Graham,Colgate,,,,,,,,,,,,,,,,,,no career
1956,90.0,90.0,STL,Junior Morgan,Duke,,,,,,,,,,,,,,,,,,no career
1956,92.0,92.0,SYR,Chuck Rolles,Cornell,,,,,,,,,,,,,,,,,,no career
1957,10.0,10.0,DET,Bob McCoy,Grambling State University,,,,,,,,,,,,,,,,,,no career
1957,11.0,11.0,MNL,Harvey Schmidt,Illinois,,,,,,,,,,,,,,,,,,no career
1957,14.0,14.0,PHW,Jack Sullivan,Mount St. Mary's University,,,,,,,,,,,,,,,,,,no career
1957,15.0,15.0,SYR,Jim Morgan,Louisville,,,,,,,,,,,,,,,,,,no career
1957,16.0,16.0,BOS,Dick O'Neal,TCU,,,,,,,,,,,,,,,,,,no career
1957,19.0,19.0,MNL,Jim Spivey,Southeastern Oklahoma State University,,,,,,,,,,,,,,,,,,no career
1957,20.0,20.0,STL,John Smyth,Notre Dame,,,,,,,,,,,,,,,,,,no career
1957,21.0,21.0,NYK,Gary Clark,Syracuse,,,,,,,,,,,,,,,,,,no career
1957,22.0,22.0,PHW,Angelo Lombardo,Manhattan University,,,,,,,,,,,,,,,,,,no career
1957,23.0,23.0,SYR,Vince Cohen,Syracuse,,,,,,,,,,,,,,,,,,no career
1957,24.0,24.0,BOS,Chuck Schramm,Western Illinois University,,,,,,,,,,,,,,,,,,no career
1957,25.0,25.0,CIN,Jed Dommeyer,Minnesota,,,,,,,,,,,,,,,,,,no career
1957,26.0,26.0,DET,Kurt Engelbert,Saint Joseph's,,,,,,,,,,,,,,,,,,no career
1957,28.0,28.0,STL,Hank Nowak,Canisius,,,,,,,,,,,,,,,,,,no career
1957,29.0,29.0,NYK,Rayford Wells,Lenoir-Rhyne College,,,,,,,,,,,,,,,,,,no career
1957,31.0,31.0,SYR,Jerry Mallett,Baylor,,,,,,,,,,,,,,,,,,no career
1957,32.0,32.0,BOS,Jim Ashmore,Mississippi State,,,,,,,,,,,,,,,,,,no career
1957,33.0,33.0,CIN,Stuart Murray,Lafayette College,,,,,,,,,,,,,,,,,,no career
1957,34.0,34.0,DET,Ron Kramer,Michigan,,,,,,,,,,,,,,,,,,no career
1957,35.0,35.0,MNL,Gary Thompson,Iowa State,,,,,,,,,,,,,,,,,,no career
1957,36.0,36.0,STL,Al Rochelle,Vanderbilt,,,,,,,,,,,,,,,,,,no career
1957,37.0,37.0,NYK,Lee Marshall,Washington & Lee University,,,,,,,,,,,,,,,,,,no career
1957,38.0,38.0,PHW,Jim Radcliffe,Lafayette College,,,,,,,,,,,,,,,,,,no career
1957,39.0,39.0,SYR,Frank Nimmo,Cincinnati,,,,,,,,,,,,,,,,,,no career
1957,40.0,40.0,BOS,Grady Wallace,South Carolina,,,,,,,,,,,,,,,,,,no career
1957,41.0,41.0,CIN,John Maglio,NC State,,,,,,,,,,,,,,,,,,no career
1957,42.0,42.0,DET,Walt Adamushko,St. Francis College,,,,,,,,,,,,,,,,,,no career
1957,43.0,43.0,MNL,Phil Murrell,Drake University,,,,,,,,,,,,,,,,,,no career
1957,44.0,44.0,STL,Raymond Downs,Texas,,,,,,,,,,,,,,,,,,no career
1957,45.0,45.0,NYK,Jim Humphrey,Saint Michael's College,,,,,,,,,,,,,,,,,,no career
1957,46.0,46.0,PHW,Alonzo Lewis,La Salle,,,,,,,,,,,,,,,,,,no career
1957,47.0,47.0,SYR,Lyndon Lee,Oklahoma City University,,,,,,,,,,,,,,,,,,no career
1957,49.0,49.0,CIN,Chet Forte,Columbia University,,,,,,,,,,,,,,,,,,no career
1957,50.0,50.0,DET,Carl Boldt,San Francisco,,,,,,,,,,,,,,,,,,no career
1957,51.0,51.0,MNL,George Ferguson,Michigan,,,,,,,,,,,,,,,,,,no career
1957,52.0,52.0,STL,Mason Cope,Kentucky Wesleyan College,,,,,,,,,,,,,,,,,,no career
1957,53.0,53.0,PHW,Max Jameson,Kentucky State University,,,,,,,,,,,,,,,,,,no career
1957,54.0,54.0,SYR,Dick Gaines,Seton Hall,,,,,,,,,,,,,,,,,,no career
1957,55.0,55.0,BOS,Dick Brott,Denver,,,,,,,,,,,,,,,,,,no career
1957,56.0,56.0,CIN,Bob Daniels,Western Kentucky,,,,,,,,,,,,,,,,,,no career
1957,58.0,58.0,MNL,Jon Haaven,University of North Dakota,,,,,,,,,,,,,,,,,,no career
1957,59.0,59.0,STL,Bill Darragh,Louisville,,,,,,,,,,,,,,,,,,no career
1957,61.0,61.0,SYR,Cebe Price,Marshall,,,,,,,,,,,,,,,,,,no career
1957,62.0,62.0,BOS,Bill Von Weyhe,Rhode Island,,,,,,,,,,,,,,,,,,no career
1957,63.0,63.0,CIN,Dick Heise,DePaul,,,,,,,,,,,,,,,,,,no career
1957,64.0,64.0,DET,Bob Lazor,Pitt,,,,,,,,,,,,,,,,,,no career
1957,65.0,65.0,MNL,Jim Sutton,North Dakota State University,,,,,,,,,,,,,,,,,,no career
1957,66.0,66.0,STL,Calvin Grosscup,Tulane,,,,,,,,,,,,,,,,,,no career
1957,68.0,68.0,SYR,Jim Brown,Syracuse,,,,,,,,,,,,,,,,,,no career
1957,69.0,69.0,BOS,Joe Gibbon,Ole Miss,,,,,,,,,,,,,,,,,,no career
1957,70.0,70.0,CIN,Mel Wright,Oklahoma State,,,,,,,,,,,,,,,,,,no career
1957,71.0,71.0,MNL,Gordon Fosness,Dakota Wesleyan University,,,,,,,,,,,,,,,,,,no career
1957,72.0,72.0,STL,Bobby Mills,SMU,,,,,,,,,,,,,,,,,,no career
1957,73.0,73.0,PHW,Gerry Calvert,Kentucky,,,,,,,,,,,,,,,,,,no career
1957,75.0,75.0,BOS,Jack Butcher,Memphis,,,,,,,,,,,,,,,,,,no career
1957,76.0,76.0,CIN,Cliff Hafer,NC State,,,,,,,,,,,,,,,,,,no career
1957,77.0,77.0,STL,Gerald Dreier,Macalester College,,,,,,,,,,,,,,,,,,no career
1957,78.0,78.0,PHW,J.C. Gipson,,,,,,,,,,,,,,,,,,,no career
1957,79.0,79.0,BOS,Dick Neal,Indiana,,,,,,,,,,,,,,,,,,no career
1957,80.0,80.0,CIN,Jim Boothe,Xavier,,,,,,,,,,,,,,,,,,no career
1957,81.0,81.0,STL,Bob Seitz,NC State,,,,,,,,,,,,,,,,,,no career
1957,82.0,82.0,SYR,Jim Weeks,New York Institute of Technology,,,,,,,,,,,,,,,,,,no career
1957,83.0,83.0,BOS,Don Tobin,Florida Southern College,,,,,,,,,,,,,,,,,,no career
1957,84.0,84.0,STL,Ted Romanoff,Oregon State,,,,,,,,,,,,,,,,,,no career
1957,85.0,85.0,STL,Lavelle Langston,Northwestern State University,,,,,,,,,,,,,,,,,,no career
1958,12.0,12.0,NYK,Joe Quigg,UNC,,,,,,,,,,,,,,,,,,no career
1958,13.0,13.0,PHW,Lloyd Sharrar,West Virginia,,,,,,,,,,,,,,,,,,no career
1958,16.0,16.0,BOS,Jimmy Smith,Franciscan University of Steubenville,,,,,,,,,,,,,,,,,,no career
1958,19.0,19.0,DET,Roy DeWitz,Kansas State,,,,,,,,,,,,,,,,,,no career
1958,20.0,20.0,NYK,John Lee,Yale,,,,,,,,,,,,,,,,,,no career
1958,21.0,21.0,PHW,Frank Howard,Ohio State,,,,,,,,,,,,,,,,,,no career
1958,22.0,22.0,SYR,John Nacincik,Maryland,,,,,,,,,,,,,,,,,,no career
1958,24.0,24.0,BOS,Jim Cunningham,Fordham,,,,,,,,,,,,,,,,,,no career
1958,25.0,25.0,MNL,George Kline,Minnesota,,,,,,,,,,,,,,,,,,no career
1958,26.0,26.0,CIN,Phil Murrell,Drake University,,,,,,,,,,,,,,,,,,no career
1958,27.0,27.0,DET,Ralph Crosthwaite,Western Kentucky,,,,,,,,,,,,,,,,,,no career
1958,29.0,29.0,PHW,Temple Tucker,Rice University,,,,,,,,,,,,,,,,,,no career
1958,31.0,31.0,STL,Julius Pegues,Pitt,,,,,,,,,,,,,,,,,,no career
1958,32.0,32.0,BOS,Dom Flora,Washington & Lee University,,,,,,,,,,,,,,,,,,no career
1958,33.0,33.0,MNL,Quitman Sullins,Murray State,,,,,,,,,,,,,,,,,,no career
1958,34.0,34.0,CIN,Jim Fulmer,Alabama,,,,,,,,,,,,,,,,,,no career
1958,35.0,35.0,DET,Hank Morano,Saint Peter's College,,,,,,,,,,,,,,,,,,no career
1958,36.0,36.0,NYK,Don Lane,Dayton,,,,,,,,,,,,,,,,,,no career
1958,38.0,38.0,SYR,Fred Grim,Arkansas,,,,,,,,,,,,,,,,,,no career
1958,39.0,39.0,STL,Rick Herrscher,SMU,,,,,,,,,,,,,,,,,,no career
1958,40.0,40.0,BOS,Gene Brown,San Francisco,,,,,,,,,,,,,,,,,,no career
1958,41.0,41.0,MNL,Al Inniss,St. Francis College,,,,,,,,,,,,,,,,,,no career
1958,42.0,42.0,CIN,Jim McClellan,Saint Francis University,,,,,,,,,,,,,,,,,,no career
1958,44.0,44.0,NYK,Joe King,Oklahoma,,,,,,,,,,,,,,,,,,no career
1958,45.0,45.0,PHW,Bucky Allen,Duke,,,,,,,,,,,,,,,,,,no career
1958,46.0,46.0,SYR,Jack Mimlitz,Saint Louis,,,,,,,,,,,,,,,,,,no career
1958,47.0,47.0,STL,John Crawford,Iowa State,,,,,,,,,,,,,,,,,,no career
1958,48.0,48.0,BOS,Dave Keleher,Morehead State University,,,,,,,,,,,,,,,,,,no career
1958,49.0,49.0,MNL,Jim Bond,Point Loma Nazarene,,,,,,,,,,,,,,,,,,no career
1958,51.0,51.0,DET,Ed Blair,Western Michigan,,,,,,,,,,,,,,,,,,no career
1958,52.0,52.0,NYK,Owen Lawson,Western Kentucky,,,,,,,,,,,,,,,,,,no career
1958,53.0,53.0,PHW,Jay Norman,Temple,,,,,,,,,,,,,,,,,,no career
1958,54.0,54.0,SYR,Pete Tillotson,Michigan,,,,,,,,,,,,,,,,,,no career
1958,55.0,55.0,STL,Ken Sidle,Ohio State,,,,,,,,,,,,,,,,,,no career
1958,56.0,56.0,BOS,Rudy Finderson,Brandeis University,,,,,,,,,,,,,,,,,,no career
1958,57.0,57.0,MNL,Ed Brinkley,Clemson,,,,,,,,,,,,,,,,,,no career
1958,58.0,58.0,CIN,Bob Mantz,Lafayette College,,,,,,,,,,,,,,,,,,no career
1958,59.0,59.0,DET,Jack Quiggle,Michigan State,,,,,,,,,,,,,,,,,,no career
1958,60.0,60.0,NYK,Milt Kane,Utah,,,,,,,,,,,,,,,,,,no career
1958,62.0,62.0,SYR,Ruell Tucker,Rockhurst University,,,,,,,,,,,,,,,,,,no career
1958,63.0,63.0,STL,Bruno Boin,Washington,,,,,,,,,,,,,,,,,,no career
1958,64.0,64.0,MNL,Joe Hobbs,Florida,,,,,,,,,,,,,,,,,,no career
1958,66.0,66.0,DET,Harry Marske,North Dakota State University,,,,,,,,,,,,,,,,,,no career
1958,67.0,67.0,NYK,John McCarthy,Notre Dame,,,,,,,,,,,,,,,,,,no career
1958,68.0,68.0,PHW,Nick Davis,Maryland,,,,,,,,,,,,,,,,,,no career
1958,69.0,69.0,STL,Tink Van Patton,Temple,,,,,,,,,,,,,,,,,,no career
1958,70.0,70.0,MNL,Shorty Patterson,Gustavus Adolphus,,,,,,,,,,,,,,,,,,no career
1958,72.0,72.0,DET,Pete Gaudin,Loyola New Orleans,,,,,,,,,,,,,,,,,,no career
1958,73.0,73.0,PHW,Larry Hedden,Michigan State,,,,,,,,,,,,,,,,,,no career
1958,74.0,74.0,STL,Al Pursell,Coe College,,,,,,,,,,,,,,,,,,no career
1958,75.0,75.0,MNL,Hal Duffy,Oregon,,,,,,,,,,,,,,,,,,no career
1958,76.0,76.0,CIN,Frank Tartaron,Xavier,,,,,,,,,,,,,,,,,,no career
1958,77.0,77.0,DET,Herb Merritt,Tennessee Technological University,,,,,,,,,,,,,,,,,,no career
1958,78.0,78.0,STL,Don Klein,Rockhurst University,,,,,,,,,,,,,,,,,,no career
1958,79.0,79.0,MNL,Gary Simmons,Idaho,,,,,,,,,,,,,,,,,,no career
1958,80.0,80.0,CIN,Don Medsker,Iowa State,,,,,,,,,,,,,,,,,,no career
1958,81.0,81.0,DET,Jim Dew,Alabama State University,,,,,,,,,,,,,,,,,,no career
1958,84.0,84.0,CIN,Jerry DuPont,Louisville,,,,,,,,,,,,,,,,,,no career
1958,85.0,85.0,CIN,Jim Newcome,Duke,,,,,,,,,,,,,,,,,,no career
1958,87.0,87.0,CIN,Jack McCarthy,Dayton,,,,,,,,,,,,,,,,,,no career
1958,88.0,88.0,CIN,John Powell,Miami University,,,,,,,,,,,,,,,,,,no career
1959,9.0,9.0,DET,Tom Robitaille,Rice University,,,,,,,,,,,,,,,,,,no career
1959,10.0,10.0,DET,Don Goldstein,Louisville,,,,,,,,,,,,,,,,,,no career
1959,14.0,14.0,STL,Alan Seiden,St. John's,,,,,,,,,,,,,,,,,,no career
1959,17.0,17.0,CIN,Mike Mendenhall,Cincinnati,,,,,,,,,,,,,,,,,,no career
1959,19.0,19.0,PHW,Jim Hockaday,Memphis,,,,,,,,,,,,,,,,,,no career
1959,21.0,21.0,SYR,Jon Cincebox,Syracuse,,,,,,,,,,,,,,,,,,no career
1959,23.0,23.0,STL,Hank Stein,Xavier,,,,,,,,,,,,,,,,,,no career
1959,24.0,24.0,BOS,Ralph Crosthwaite,Western Kentucky,,,,,,,,,,,,,,,,,,no career
1959,25.0,25.0,CIN,Leo Byrd,Marshall,,,,,,,,,,,,,,,,,,no career
1959,27.0,27.0,PHW,Ron Stevenson,TCU,,,,,,,,,,,,,,,,,,no career
1959,28.0,28.0,MNL,Wilson Eison,Purdue,,,,,,,,,,,,,,,,,,no career
1959,31.0,31.0,STL,Lee Harman,Oregon State,,,,,,,,,,,,,,,,,,no career
1959,32.0,32.0,BOS,Ed Kazakavich,University of Scranton,,,,,,,,,,,,,,,,,,no career
1959,33.0,33.0,CIN,Harry Kirchner,TCU,,,,,,,,,,,,,,,,,,no career
1959,35.0,35.0,PHW,Bill Telasky,George Washington,,,,,,,,,,,,,,,,,,no career
1959,36.0,36.0,MNL,Bobby Joe Mason,Bradley,,,,,,,,,,,,,,,,,,no career
1959,37.0,37.0,SYR,Roger Taylor,Illinois,,,,,,,,,,,,,,,,,,no career
1959,38.0,38.0,NYK,Herb Busch,Virginia,,,,,,,,,,,,,,,,,,no career
1959,40.0,40.0,BOS,Roy Lange,William & Mary,,,,,,,,,,,,,,,,,,no career
1959,41.0,41.0,CIN,Don Hennon,Pitt,,,,,,,,,,,,,,,,,,no career
1959,42.0,42.0,DET,Lou Jordan,Cornell,,,,,,,,,,,,,,,,,,no career
1959,43.0,43.0,PHW,Joe Spratt,Saint Joseph's,,,,,,,,,,,,,,,,,,no career
1959,44.0,44.0,MNL,Jim Henry,Vanderbilt,,,,,,,,,,,,,,,,,,no career
1959,45.0,45.0,SYR,Bob Dalton,California,,,,,,,,,,,,,,,,,,no career
1959,46.0,46.0,NYK,Bucky McDonald,George Washington,,,,,,,,,,,,,,,,,,no career
1959,47.0,47.0,STL,Mike Moran,Marquette,,,,,,,,,,,,,,,,,,no career
1959,48.0,48.0,BOS,Bob Cumings,Boston University,,,,,,,,,,,,,,,,,,no career
1959,49.0,49.0,CIN,Dale Moore,Eastern Kentucky University,,,,,,,,,,,,,,,,,,no career
1959,50.0,50.0,DET,Doug Smart,Washington,,,,,,,,,,,,,,,,,,no career
1959,51.0,51.0,PHW,Joe Ryan,Villanova,,,,,,,,,,,,,,,,,,no career
1959,52.0,52.0,MNL,Charley Grote,Georgetown College,,,,,,,,,,,,,,,,,,no career
1959,53.0,53.0,SYR,Darnel Haney,Utah State University,,,,,,,,,,,,,,,,,,no career
1959,54.0,54.0,NYK,Russ Robinson,Missouri State,,,,,,,,,,,,,,,,,,no career
1959,55.0,55.0,STL,Orby Arnold,Memphis,,,,,,,,,,,,,,,,,,no career
1959,56.0,56.0,CIN,Don Matuszak,Kansas State,,,,,,,,,,,,,,,,,,no career
1959,57.0,57.0,DET,Chuck Curtis,Pacific Lutheran University,,,,,,,,,,,,,,,,,,no career
1959,59.0,59.0,MNL,Leon Hill,Texas Tech,,,,,,,,,,,,,,,,,,no career
1959,60.0,60.0,NYK,Walt Torrence,UCLA,,,,,,,,,,,,,,,,,,no career
1959,61.0,61.0,STL,Willie Merriweather,Purdue,,,,,,,,,,,,,,,,,,no career
1959,62.0,62.0,CIN,Joe Billy McDade,Bradley,,,,,,,,,,,,,,,,,,no career
1959,63.0,63.0,DET,Doyle Edmiston,Hardin-Simmons University,,,,,,,,,,,,,,,,,,no career
1959,64.0,64.0,PHW,Carl Belz,Princeton,,,,,,,,,,,,,,,,,,no career
1959,65.0,65.0,MNL,Jim Mudd,University of North Texas,,,,,,,,,,,,,,,,,,no career
1959,66.0,66.0,NYK,Jerry Shipp,Southeastern Oklahoma State University,,,,,,,,,,,,,,,,,,no career
1959,67.0,67.0,STL,Lou Pucillo,NC State,,,,,,,,,,,,,,,,,,no career
1959,68.0,68.0,CIN,Joe Viviano,Xavier,,,,,,,,,,,,,,,,,,no career
1959,69.0,69.0,DET,Bruno Boin,Washington,,,,,,,,,,,,,,,,,,no career
1959,70.0,70.0,PHW,Tommy Sellari,Lenoir-Rhyne College,,,,,,,,,,,,,,,,,,no career
1959,71.0,71.0,MNL,Roger Johnson,Minnesota,,,,,,,,,,,,,,,,,,no career
1959,72.0,72.0,NYK,Paul Wilcox,Davis & Elkins College,,,,,,,,,,,,,,,,,,no career
1959,73.0,73.0,STL,Ron Loneski,Kansas,,,,,,,,,,,,,,,,,,no career
1959,74.0,74.0,CIN,Charlie Brown,Seattle University,,,,,,,,,,,,,,,,,,no career
1959,75.0,75.0,DET,M. C. Burton,Michigan,,,,,,,,,,,,,,,,,,no career
1959,76.0,76.0,PHW,Phil Warren,Northwestern,,,,,,,,,,,,,,,,,,no career
1959,77.0,77.0,MNL,Jack Evens,Lake Superior State University,,,,,,,,,,,,,,,,,,no career
1959,78.0,78.0,NYK,Paul Benes,Hope College,,,,,,,,,,,,,,,,,,no career
1959,80.0,80.0,CIN,Roger Wendel,Tulsa,,,,,,,,,,,,,,,,,,no career
1959,81.0,81.0,MNL,Vern Baggenstoss,St. Cloud State University,,,,,,,,,,,,,,,,,,no career
1959,82.0,82.0,NYK,Ed Blair,Western Michigan,,,,,,,,,,,,,,,,,,no career
1959,83.0,83.0,MNL,Dwayne Smith,Gustavus Adolphus,,,,,,,,,,,,,,,,,,no career
1959,84.0,84.0,NYK,John Nicoll,BYU,,,,,,,,,,,,,,,,,,no career
1959,85.0,85.0,NYK,Jack Israel,Missouri State,,,,,,,,,,,,,,,,,,no career
1960,7.0,7.0,PHW,Al Bunge,Maryland,,,,,,,,,,,,,,,,,,no career
1960,11.0,11.0,NYK,Kelly Coleman,Kentucky Wesleyan College,,,,,,,,,,,,,,,,,,no career
1960,13.0,13.0,SYR,Wilbur Trosch,Saint Francis University,,,,,,,,,,,,,,,,,,no career
1960,16.0,16.0,BOS,Leroy Wright,University of the Pacific,,,,,,,,,,,,,,,,,,no career
1960,18.0,18.0,LAL,Jim Hagan,Tennessee Technological University,,,,,,,,,,,,,,,,,,no career
1960,20.0,20.0,DET,Frank Case,Dayton,,,,,,,,,,,,,,,,,,no career
1960,23.0,23.0,PHW,Bob Mealy,Manhattan University,,,,,,,,,,,,,,,,,,no career
1960,24.0,24.0,BOS,Mike Graney,Notre Dame,,,,,,,,,,,,,,,,,,no career
1960,25.0,25.0,CIN,Dalen Showalter,Tennessee,,,,,,,,,,,,,,,,,,no career
1960,26.0,26.0,LAL,Wally Frank,Kansas State,,,,,,,,,,,,,,,,,,no career
1960,28.0,28.0,DET,Ken Remley,West Virginia Wesleyan College,,,,,,,,,,,,,,,,,,no career
1960,29.0,29.0,SYR,Carl Cole,Eastern Kentucky University,,,,,,,,,,,,,,,,,,no career
1960,31.0,31.0,PHW,Charley Sharp,Texas State University,,,,,,,,,,,,,,,,,,no career
1960,32.0,32.0,BOS,Sid Cohen,Kentucky,,,,,,,,,,,,,,,,,,no career
1960,33.0,33.0,CIN,Don Ogorek,Seattle University,,,,,,,,,,,,,,,,,,no career
1960,34.0,34.0,LAL,George Farley,Cornell,,,,,,,,,,,,,,,,,,no career
1960,35.0,35.0,NYK,Charley McNeil,Maryland,,,,,,,,,,,,,,,,,,no career
1960,37.0,37.0,SYR,Jim Mudd,University of North Texas,,,,,,,,,,,,,,,,,,no career
1960,40.0,40.0,BOS,Wayne Lawrence,Texas A&M,,,,,,,,,,,,,,,,,,no career
1960,41.0,41.0,CIN,Bobby Joe Mason,Bradley,,,,,,,,,,,,,,,,,,no career
1960,42.0,42.0,LAL,Bobby Goodall,Tulsa,,,,,,,,,,,,,,,,,,no career
1960,43.0,43.0,NYK,David Denton,Georgia Tech,,,,,,,,,,,,,,,,,,no career
1960,44.0,44.0,DET,Bill Lowry,Christian Brothers University,,,,,,,,,,,,,,,,,,no career
1960,45.0,45.0,SYR,Herschell Turner,Nebraska,,,,,,,,,,,,,,,,,,no career
1960,47.0,47.0,PHW,Jim Brangan,Princeton,,,,,,,,,,,,,,,,,,no career
1960,48.0,48.0,BOS,Roger Newman,Kentucky,,,,,,,,,,,,,,,,,,no career
1960,49.0,49.0,CIN,Frank Sobrero,Santa Clara,,,,,,,,,,,,,,,,,,no career
1960,51.0,51.0,NYK,Dick Doughty,California,,,,,,,,,,,,,,,,,,no career
1960,52.0,52.0,DET,Doug Moe,UNC,,,,,,,,,,,,,,,,,,no career
1960,53.0,53.0,SYR,Bennie Coffman,Kentucky,,,,,,,,,,,,,,,,,,no career
1960,55.0,55.0,PHW,Bob Clarke,Saint Joseph's,,,,,,,,,,,,,,,,,,no career
1960,57.0,57.0,LAL,John Werhas,USC,,,,,,,,,,,,,,,,,,no career
1960,58.0,58.0,NYK,George Price,Memphis,,,,,,,,,,,,,,,,,,no career
1960,59.0,59.0,DET,Mike Yugovich,Youngstown State University,,,,,,,,,,,,,,,,,,no career
1960,60.0,60.0,SYR,Dick Lynch,LeMoyne College,,,,,,,,,,,,,,,,,,no career
1960,61.0,61.0,STL,Don Curry,Southern Miss,,,,,,,,,,,,,,,,,,no career
1960,62.0,62.0,PHW,George Raveling,Villanova,,,,,,,,,,,,,,,,,,no career
1960,63.0,63.0,CIN,Al Nealey,Arizona State,,,,,,,,,,,,,,,,,,no career
1960,64.0,64.0,LAL,Jean-Claude Lefebvre,Gonzaga,,,,,,,,,,,,,,,,,,no career
1960,65.0,65.0,NYK,Tony Davis,Hawaii,,,,,,,,,,,,,,,,,,no career
1960,66.0,66.0,DET,Martin Holland,Kentucky Wesleyan College,,,,,,,,,,,,,,,,,,no career
1960,67.0,67.0,SYR,Bernie Finlay,San Diego State,,,,,,,,,,,,,,,,,,no career
1960,68.0,68.0,STL,Bob Castaneda,Rockhurst University,,,,,,,,,,,,,,,,,,no career
1960,69.0,69.0,PHW,Joe Gallo,Saint Joseph's,,,,,,,,,,,,,,,,,,no career
1960,70.0,70.0,CIN,Lon Sizemore,West Virginia Tech,,,,,,,,,,,,,,,,,,no career
1960,71.0,71.0,LAL,Dick Harvey,Creighton,,,,,,,,,,,,,,,,,,no career
1960,72.0,72.0,NYK,Walter Mangham,Marquette,,,,,,,,,,,,,,,,,,no career
1960,73.0,73.0,DET,Joe Kennelly,Dayton,,,,,,,,,,,,,,,,,,no career
1960,74.0,74.0,STL,Americus John-Lewis,Iowa,,,,,,,,,,,,,,,,,,no career
1960,75.0,75.0,CIN,Dennis Boone,Regis University,,,,,,,,,,,,,,,,,,no career
1960,76.0,76.0,LAL,Sterling Forbes,Pepperdine,,,,,,,,,,,,,,,,,,no career
1960,77.0,77.0,NYK,Howard Willis,Grambling State University,,,,,,,,,,,,,,,,,,no career
1960,79.0,79.0,STL,Dick Davies,LSU,,,,,,,,,,,,,,,,,,no career
1960,80.0,80.0,CIN,Ron Altenberg,Cornell College,,,,,,,,,,,,,,,,,,no career
1960,81.0,81.0,LAL,Wil Jones,American University,,,,,,,,,,,,,,,,,,no career
1960,82.0,82.0,NYK,Henry Hart,Auburn,,,,,,,,,,,,,,,,,,no career
1960,83.0,83.0,DET,John Dobbert,Wheaton College,,,,,,,,,,,,,,,,,,no career
1960,84.0,84.0,STL,Bob Wilkinson,Indiana,,,,,,,,,,,,,,,,,,no career
1960,85.0,85.0,CIN,John Milhoan,Marshall,,,,,,,,,,,,,,,,,,no career
1960,86.0,86.0,NYK,Dick Furry,Ohio State,,,,,,,,,,,,,,,,,,no career
1960,87.0,88.0,DET,Lee Hopfenspirger,Hamline University,,,,,,,,,,,,,,,,,,no career
1960,88.0,87.0,STL,Ed Smallwood,University of Evansville,,,,,,,,,,,,,,,,,,no career
1960,89.0,89.0,CIN,Larry Chanay,Montana State,,,,,,,,,,,,,,,,,,no career
1960,90.0,90.0,NYK,Jim Hanna,USC,,,,,,,,,,,,,,,,,,no career
1960,91.0,91.0,CIN,Ducky Potter,Moravian College,,,,,,,,,,,,,,,,,,no career
1960,92.0,92.0,NYK,Jerry Bechtle,Maryland,,,,,,,,,,,,,,,,,,no career
1960,93.0,93.0,CIN,Gene Jordan,Northwest Missouri State University,,,,,,,,,,,,,,,,,,no career
1960,94.0,94.0,NYK,Jerry Schofield,Utah State University,,,,,,,,,,,,,,,,,,no career
1960,95.0,95.0,CIN,Ernie McCray,Arizona,,,,,,,,,,,,,,,,,,no career
1960,96.0,96.0,NYK,Tandy Gillis,California,,,,,,,,,,,,,,,,,,no career
1960,97.0,97.0,CIN,Don Mills,Kentucky,,,,,,,,,,,,,,,,,,no career
1960,98.0,98.0,NYK,George Krajack,Clemson,,,,,,,,,,,,,,,,,,no career
1960,99.0,99.0,CIN,Larry Willey,Cincinnati,,,,,,,,,,,,,,,,,,no career
1960,100.0,100.0,CIN,Tony Wilcox,Wittenberg University,,,,,,,,,,,,,,,,,,no career
1960,101.0,101.0,CIN,Jim McDonald,West Virginia Wesleyan College,,,,,,,,,,,,,,,,,,no career
1961,10.0,10.0,CHP,Jack Turner,Louisville,1.0,42.0,567.0,200.0,85.0,44.0,0.38,,0.762,13.5,4.8,2.0,1.0,0.0,-0.002,,,ambiguous candidates
1961,11.0,11.0,CHP,Jerry Graves,Mississippi State,,,,,,,,,,,,,,,,,,no career
1961,14.0,14.0,CHP,Doug Moe,UNC,,,,,,,,,,,,,,,,,,no career
1961,18.0,18.0,LAL,Fred Sawyer,Louisville,,,,,,,,,,,,,,,,,,no career
1961,19.0,19.0,SYR,Chris Smith,Virginia Tech,,,,,,,,,,,,,,,,,,no career
1961,23.0,23.0,CHP,Jeff Cohen,William & Mary,,,,,,,,,,,,,,,,,,no career
1961,24.0,24.0,NYK,Tony Jackson,St. John's,,,,,,,,,,,,,,,,,,no career
1961,27.0,27.0,LAL,Frank Burgess,Gonzaga,,,,,,,,,,,,,,,,,,no career
1961,29.0,29.0,PHW,Jack Egan,Saint Joseph's,,,,,,,,,,,,,,,,,,no career
1961,30.0,30.0,STL,Tom Chilton,East Tennessee State University,,,,,,,,,,,,,,,,,,no career
1961,31.0,31.0,BOS,Bill Depp,Vanderbilt,,,,,,,,,,,,,,,,,,no career
1961,34.0,34.0,CIN,Lowery Kirk,Memphis,,,,,,,,,,,,,,,,,,no career
1961,35.0,35.0,DET,George Finley,Tennessee State,,,,,,,,,,,,,,,,,,no career
1961,36.0,36.0,LAL,Charles Henke,Missouri,,,,,,,,,,,,,,,,,,no career
1961,37.0,37.0,SYR,Hank Whitney,Iowa State,,,,,,,,,,,,,,,,,,no career
1961,38.0,38.0,PHW,John Tidwell,Michigan,,,,,,,,,,,,,,,,,,no career
1961,39.0,39.0,STL,Gus Guydon,Drake University,,,,,,,,,,,,,,,,,,no career
1961,40.0,40.0,BOS,Carl Cole,Eastern Kentucky University,,,,,,,,,,,,,,,,,,no career
1961,41.0,41.0,CHP,Roger Kaiser,Georgia Tech,,,,,,,,,,,,,,,,,,no career
1961,43.0,43.0,CIN,Rossie Johnson,Tennessee State,,,,,,,,,,,,,,,,,,no career
1961,45.0,45.0,LAL,Bill Lickert,Kentucky,,,,,,,,,,,,,,,,,,no career
1961,46.0,46.0,SYR,Don Jacobsen,South Dakota State,,,,,,,,,,,,,,,,,,no career
1961,47.0,47.0,PHW,Bruce Spraggins,Virginia Union University,,,,,,,,,,,,,,,,,,no career
1961,48.0,48.0,STL,John Berberich,UCLA,,,,,,,,,,,,,,,,,,no career
1961,49.0,49.0,BOS,Bob DiStefano,NC State,,,,,,,,,,,,,,,,,,no career
1961,52.0,52.0,CIN,Bob Slobodnik,Duquesne,,,,,,,,,,,,,,,,,,no career
1961,53.0,53.0,DET,Lee Patrone,West Virginia,,,,,,,,,,,,,,,,,,no career
1961,54.0,54.0,LAL,Bill McClintock,California,,,,,,,,,,,,,,,,,,no career
1961,55.0,55.0,SYR,Billy Joe Price,New Mexico State,,,,,,,,,,,,,,,,,,no career
1961,56.0,56.0,PHW,Dick Goldberg,Southern Miss,,,,,,,,,,,,,,,,,,no career
1961,57.0,57.0,STL,Bob McDonald,Maryland,,,,,,,,,,,,,,,,,,no career
1961,58.0,58.0,BOS,Ned Twyman,Duquesne,,,,,,,,,,,,,,,,,,no career
1961,59.0,59.0,CHP,Dave Voss,Tulsa,,,,,,,,,,,,,,,,,,no career
1961,62.0,62.0,DET,Bert Price,Wittenberg University,,,,,,,,,,,,,,,,,,no career
1961,63.0,63.0,LAL,Albert Almanza,Texas,,,,,,,,,,,,,,,,,,no career
1961,64.0,64.0,SYR,Roger Newman,Kentucky,,,,,,,,,,,,,,,,,,no career
1961,65.0,65.0,PHW,Charley McNeil,Maryland,,,,,,,,,,,,,,,,,,no career
1961,66.0,66.0,STL,Charles Riley,Winston-Salem State,,,,,,,,,,,,,,,,,,no career
1961,67.0,67.0,BOS,Mel Klein,Northern State University,,,,,,,,,,,,,,,,,,no career
1961,68.0,68.0,CHP,Ron Heller,Wichita State,,,,,,,,,,,,,,,,,,no career
1961,69.0,69.0,NYK,Cedric Price,Kansas State,,,,,,,,,,,,,,,,,,no career
1961,70.0,70.0,CIN,Gerry Thelen,Thomas More College,,,,,,,,,,,,,,,,,,no career
1961,71.0,71.0,DET,Walter Ward,Hampton,,,,,,,,,,,,,,,,,,no career
1961,72.0,72.0,LAL,Bill Ellis,UCLA,,,,,,,,,,,,,,,,,,no career
1961,73.0,73.0,SYR,Dave Mills,Seattle University,,,,,,,,,,,,,,,,,,no career
1961,74.0,74.0,PHW,Larry Swift,Truman State University,,,,,,,,,,,,,,,,,,no career
1961,75.0,75.0,STL,Gene Velloff,Doane University,,,,,,,,,,,,,,,,,,no career
1961,76.0,76.0,CHP,John Wessels,Illinois,,,,,,,,,,,,,,,,,,no career
1961,77.0,77.0,NYK,Charlie Bowerman,Wabash College,,,,,,,,,,,,,,,,,,no career
1961,78.0,78.0,CIN,Larry Kruger,Ohio University,,,,,,,,,,,,,,,,,,no career
1961,79.0,79.0,DET,Peter Baltic,Penn State,,,,,,,,,,,,,,,,,,no career
1961,80.0,80.0,LAL,Karl Anderson,Oregon State,,,,,,,,,,,,,,,,,,no career
1961,81.0,81.0,SYR,Rex Tippitt,Grambling State University,,,,,,,,,,,,,,,,,,no career
1961,82.0,82.0,STL,Herbert Gray,North Carolina A&T,,,,,,,,,,,,,,,,,,no career
1961,83.0,83.0,CHP,Steve Strange,SMU,,,,,,,,,,,,,,,,,,no career
1961,84.0,84.0,NYK,Ron Dibelius,UW-Milwaukee,,,,,,,,,,,,,,,,,,no career
1961,85.0,85.0,CIN,Jack Waters,Ole Miss,,,,,,,,,,,,,,,,,,no career
1961,86.0,86.0,DET,Wayne Monson,Northern Michigan University,,,,,,,,,,,,,,,,,,no career
1961,87.0,87.0,LAL,Fred Williams,Allan Hancock College,,,,,,,,,,,,,,,,,,no career
1961,88.0,88.0,SYR,Pete Chudy,Syracuse,,,,,,,,,,,,,,,,,,no career
1961,89.0,89.0,PHW,Leo Hill,UCLA,,,,,,,,,,,,,,,,,,no career
1961,90.0,90.0,STL,Tom Faszholz,Concordia Seminary,,,,,,,,,,,,,,,,,,no career
1961,93.0,93.0,CIN,Carl Short,Newberry College,,,,,,,,,,,,,,,,,,no career
1961,94.0,94.0,DET,Richard Kraft,State University of New York at Brockport,,,,,,,,,,,,,,,,,,no career
1961,95.0,95.0,LAL,Howard Hurt,Duke,,,,,,,,,,,,,,,,,,no career
1961,96.0,96.0,SYR,Charles Sammons,LeMoyne College,,,,,,,,,,,,,,,,,,no career
1961,97.0,97.0,PHW,Corky Withrow,Georgetown College,,,,,,,,,,,,,,,,,,no career
1961,98.0,98.0,STL,Dick Kepley,UNC,,,,,,,,,,,,,,,,,,no career
1961,99.0,99.0,NYK,Earl Shultz,California,,,,,,,,,,,,,,,,,,no career
1961,101.0,101.0,STL,Jackie Crawford,Centenary (LA),,,,,,,,,,,,,,,,,,no career
1961,102.0,102.0,NYK,Ned Jennings,Kentucky,,,,,,,,,,,,,,,,,,no career
1961,103.0,103.0,CIN,Clair McRoberts,Monmouth University,,,,,,,,,,,,,,,,,,no career
1961,104.0,104.0,STL,Howard Stacey,Louisville,,,,,,,,,,,,,,,,,,no career
1961,105.0,105.0,NYK,Bill Engesser,USC,,,,,,,,,,,,,,,,,,no career
1961,106.0,106.0,CIN,Carl Bouldin,Cincinnati,,,,,,,,,,,,,,,,,,no career
1961,107.0,107.0,NYK,Vince Kempton,Saint Joseph's,,,,,,,,,,,,,,,,,,no career
1962,3.0,1.0,CHZ,Billy McGill,Utah,3.0,158.0,2507.0,1613.0,611.0,168.0,0.486,,0.711,15.9,10.2,3.9,1.1,6.7,0.128,,,no name match
1962,20.0,20.0,NYK,Bobby Rascoe,Western Kentucky,,,,,,,,,,,,,,,,,,no career
1962,22.0,22.0,DET,Harold Hudgens,Texas Tech,,,,,,,,,,,,,,,,,,no career
1962,24.0,24.0,CIN,Chris Appel,USC,,,,,,,,,,,,,,,,,,no career
1962,26.0,26.0,LAL,John Green,UCLA,,,,,,,,,,,,,,,,,,no career
1962,27.0,27.0,BOS,Jim Hadnot,Providence,,,,,,,,,,,,,,,,,,no career
1962,29.0,29.0,NYK,Cliff Luyk,Florida,,,,,,,,,,,,,,,,,,no career
1962,32.0,32.0,SYR,Bob McCully,St. Bonaventure,,,,,,,,,,,,,,,,,,no career
1962,33.0,33.0,CIN,Jack Thobe,Xavier,,,,,,,,,,,,,,,,,,no career
1962,34.0,34.0,SFW,Garry Roggenburk,Dayton,,,,,,,,,,,,,,,,,,no career
1962,35.0,35.0,LAL,Jan Loudermilk,SMU,,,,,,,,,,,,,,,,,,no career
1962,37.0,37.0,CHZ,Cornell Green,Utah State University,,,,,,,,,,,,,,,,,,no career
1962,38.0,38.0,NYK,Bob Burgess,Marshall,,,,,,,,,,,,,,,,,,no career
1962,39.0,39.0,STL,Tom Hatton,Dayton,,,,,,,,,,,,,,,,,,no career
1962,40.0,40.0,DET,Lindberg Moody,South Carolina,,,,,,,,,,,,,,,,,,no career
1962,42.0,42.0,CIN,Mike Wroblewski,Kansas State,,,,,,,,,,,,,,,,,,no career
1962,43.0,43.0,SFW,Jack Jackson,Virginia Union University,,,,,,,,,,,,,,,,,,no career
1962,44.0,44.0,LAL,Art Whisnant,South Carolina,,,,,,,,,,,,,,,,,,no career
1962,45.0,45.0,BOS,Gary Daniels,The Citadel,,,,,,,,,,,,,,,,,,no career
1962,46.0,46.0,CHZ,Bill Hanson,Washington,,,,,,,,,,,,,,,,,,no career
1962,47.0,47.0,NYK,Ken Stanley,University of the Pacific,,,,,,,,,,,,,,,,,,no career
1962,49.0,49.0,DET,Ed Noe,Morehead State University,,,,,,,,,,,,,,,,,,no career
1962,50.0,50.0,SYR,Lanny Van Eman,Wichita State,,,,,,,,,,,,,,,,,,no career
1962,51.0,51.0,CIN,Jerry Foster,Drake University,,,,,,,,,,,,,,,,,,no career
1962,52.0,52.0,SFW,Jim Hudock,UNC,,,,,,,,,,,,,,,,,,no career
1962,53.0,53.0,LAL,Bucky Keller,Virginia Tech,,,,,,,,,,,,,,,,,,no career
1962,54.0,54.0,BOS,Jim Hooley,Boston College,,,,,,,,,,,,,,,,,,no career
1962,55.0,55.0,CHZ,Jack Ardon,Tulane,,,,,,,,,,,,,,,,,,no career
1962,56.0,56.0,NYK,Richie Swartz,Hofstra,,,,,,,,,,,,,,,,,,no career
1962,57.0,57.0,STL,Bob McAteer,La Salle,,,,,,,,,,,,,,,,,,no career
1962,58.0,58.0,DET,John Bradley,Lawrence University,,,,,,,,,,,,,,,,,,no career
1962,59.0,59.0,SYR,Bob Sharpenter,Georgetown,,,,,,,,,,,,,,,,,,no career
1962,60.0,60.0,CIN,Gary Cunningham,UCLA,,,,,,,,,,,,,,,,,,no career
1962,62.0,62.0,BOS,Clyde Arnold,Duquesne,,,,,,,,,,,,,,,,,,no career
1962,63.0,63.0,CHZ,Larry Pursiful,Kentucky,,,,,,,,,,,,,,,,,,no career
1962,64.0,64.0,NYK,Warren Fouts,Oklahoma,,,,,,,,,,,,,,,,,,no career
1962,65.0,65.0,STL,Terry Ball,Washington State,,,,,,,,,,,,,,,,,,no career
1962,66.0,66.0,DET,Mike Rice,Duquesne,,,,,,,,,,,,,,,,,,no career
1962,68.0,68.0,CIN,Ed Bento,Loyola Marymount,,,,,,,,,,,,,,,,,,no career
1962,69.0,69.0,SFW,Bill Kirvin,Xavier,,,,,,,,,,,,,,,,,,no career
1962,70.0,70.0,LAL,Bill Garner,University of Portland,,,,,,,,,,,,,,,,,,no career
1962,71.0,71.0,BOS,Chuck Chevalier,Boston College,,,,,,,,,,,,,,,,,,no career
1962,72.0,72.0,CHZ,Carroll Broussard,Texas A&M,,,,,,,,,,,,,,,,,,no career
1962,73.0,73.0,NYK,Paul Benec,Duquesne,,,,,,,,,,,,,,,,,,no career
1962,74.0,74.0,STL,Marvin Trotman,Elizabeth City State University,,,,,,,,,,,,,,,,,,no career
1962,75.0,75.0,DET,Bill Nelson,Hamline University,,,,,,,,,,,,,,,,,,no career
1962,76.0,76.0,SYR,Vince Brewer,Iowa State,,,,,,,,,,,,,,,,,,no career
1962,77.0,77.0,CIN,Chris Jones,Carson-Newman College,,,,,,,,,,,,,,,,,,no career
1962,78.0,78.0,SFW,Tom Kieffer,Saint Louis,,,,,,,,,,,,,,,,,,no career
1962,79.0,79.0,LAL,Bill Mattson,Minnesota,,,,,,,,,,,,,,,,,,no career
1962,80.0,80.0,BOS,Mike Cingiser,Brown University,,,,,,,,,,,,,,,,,,no career
1962,81.0,81.0,CHZ,Pete Campbell,Princeton,,,,,,,,,,,,,,,,,,no career
1962,82.0,82.0,NYK,Ralph Richardson,Eastern Kentucky University,,,,,,,,,,,,,,,,,,no career
1962,83.0,83.0,STL,Charlie Sells,Washington State,,,,,,,,,,,,,,,,,,no career
1962,84.0,84.0,DET,Glenn Moore,Oregon,,,,,,,,,,,,,,,,,,no career
1962,85.0,85.0,CIN,George Knighton,New Mexico State,,,,,,,,,,,,,,,,,,no career
1962,86.0,86.0,SFW,Ken McComb,UNC,,,,,,,,,,,,,,,,,,no career
1962,88.0,88.0,NYK,Ed Mazria,Pratt Institute,,,,,,,,,,,,,,,,,,no career
1962,89.0,89.0,STL,Tom Chappelle,University of Maine,,,,,,,,,,,,,,,,,,no career
1962,90.0,90.0,CIN,Frank Pinchback,Xavier,,,,,,,,,,,,,,,,,,no career
1962,91.0,91.0,SFW,Donnie Walsh,UNC,,,,,,,,,,,,,,,,,,no career
1962,93.0,93.0,STL,John Caveny,LeMoyne College,,,,,,,,,,,,,,,,,,no career
1962,94.0,94.0,SFW,Charles Warren,Oregon,,,,,,,,,,,,,,,,,,no career
1962,95.0,95.0,CHZ,Tom Kennedy,Lewis (IL),,,,,,,,,,,,,,,,,,no career
1962,96.0,96.0,STL,Jerry Carlton,Arkansas,,,,,,,,,,,,,,,,,,no career
1962,97.0,97.0,CHZ,Bob Mahland,Williams,,,,,,,,,,,,,,,,,,no career
1962,98.0,98.0,STL,Wilky Gilmore,Colorado,,,,,,,,,,,,,,,,,,no career
1962,99.0,99.0,CHZ,Pat McKenzie,Kansas State,,,,,,,,,,,,,,,,,,no career
1962,100.0,100.0,STL,Dave Ricereto,Rhode Island,,,,,,,,,,,,,,,,,,no career
1962,101.0,101.0,CHZ,Norman Majors,Rockhurst University,,,,,,,,,,,,,,,,,,no career
1962,102.0,102.0,STL,Rally Rounsaville,California Institute of Technology,,,,,,,,,,,,,,,,,,no career
1963,9.0,9.0,BOS,Bill Green,Colorado State,,,,,,,,,,,,,,,,,,no career
1963,13.0,13.0,DET,Jerry Smith,Furman University,,,,,,,,,,,,,,,,,,no career
1963,15.0,15.0,STL,Leland Mitchell,Mississippi State,,,,,,,,,,,,,,,,,,no career
1963,16.0,16.0,PHI,Hershell West,Grambling State University,,,,,,,,,,,,,,,,,,no career
1963,18.0,18.0,STL,Ken Saylors,Arkansas Tech University,,,,,,,,,,,,,,,,,,no career
1963,19.0,19.0,NYK,Bill O'Connor,Canisius,,,,,,,,,,,,,,,,,,no career
1963,20.0,20.0,BAL,Tom Bolyard,Indiana,,,,,,,,,,,,,,,,,,no career
1963,21.0,21.0,SFW,Steve Gray,Saint Mary's,,,,,,,,,,,,,,,,,,no career
1963,22.0,22.0,DET,Mike McCoy,Miami (FL),,,,,,,,,,,,,,,,,,no career
1963,23.0,23.0,CIN,Jimmy Rayl,Indiana,,,,,,,,,,,,,,,,,,no career
1963,24.0,24.0,STL,Bill Burwell,Illinois,,,,,,,,,,,,,,,,,,no career
1963,26.0,26.0,LAL,Lyle Harger,Houston,,,,,,,,,,,,,,,,,,no career
1963,27.0,27.0,BOS,Chuck Kriston,Valparaiso,,,,,,,,,,,,,,,,,,no career
1963,28.0,28.0,NYK,Nate Cloud,University of Delaware,,,,,,,,,,,,,,,,,,no career
1963,29.0,29.0,BAL,Nolen Ellison,Kansas,,,,,,,,,,,,,,,,,,no career
1963,30.0,30.0,SFW,Dave Downey,Illinois,,,,,,,,,,,,,,,,,,no career
1963,31.0,31.0,DET,Dave Erickson,Marquette,,,,,,,,,,,,,,,,,,no career
1963,32.0,32.0,CIN,Ken Charlton,Colorado,,,,,,,,,,,,,,,,,,no career
1963,33.0,33.0,STL,Waite Bellamy,Florida A&M,,,,,,,,,,,,,,,,,,no career
1963,34.0,34.0,PHI,Ray Flynn,Providence,,,,,,,,,,,,,,,,,,no career
1963,35.0,35.0,LAL,Layton Johns,Auburn,,,,,,,,,,,,,,,,,,no career
1963,36.0,36.0,BOS,Connie McGuire,Southeastern Oklahoma State University,,,,,,,,,,,,,,,,,,no career
1963,37.0,37.0,NYK,Joe McDermott,Belmont Abbey College,,,,,,,,,,,,,,,,,,no career
1963,38.0,38.0,BAL,Ron Glaser,Marquette,,,,,,,,,,,,,,,,,,no career
1963,39.0,39.0,SFW,Don Turner,Southwestern College,,,,,,,,,,,,,,,,,,no career
1963,40.0,40.0,DET,Bill Small,Illinois,,,,,,,,,,,,,,,,,,no career
1963,41.0,41.0,CIN,Mack Herndon,Bradley,,,,,,,,,,,,,,,,,,no career
1963,42.0,42.0,STL,Tony Yates,Cincinnati,,,,,,,,,,,,,,,,,,no career
1963,43.0,43.0,PHI,Tony Cerkvenik,Arizona State,,,,,,,,,,,,,,,,,,no career
1963,45.0,45.0,BOS,Red Stroud,Mississippi State,,,,,,,,,,,,,,,,,,no career
1963,46.0,46.0,NYK,Jim Kerwin,Tulane,,,,,,,,,,,,,,,,,,no career
1963,47.0,47.0,BAL,Ken Siebel,Wisconsin,,,,,,,,,,,,,,,,,,no career
1963,48.0,48.0,SFW,Gene Shields,Santa Clara,,,,,,,,,,,,,,,,,,no career
1963,50.0,50.0,CIN,Jim McCormick,West Virginia,,,,,,,,,,,,,,,,,,no career
1963,51.0,51.0,STL,Al Santio,Maryland,,,,,,,,,,,,,,,,,,no career
1963,52.0,52.0,PHI,Vince Brewer,Iowa State,,,,,,,,,,,,,,,,,,no career
1963,53.0,53.0,LAL,Warren Sallade,Westminster College of Pennsylvania,,,,,,,,,,,,,,,,,,no career
1963,54.0,54.0,BOS,Vinnie Ernst,Providence,,,,,,,,,,,,,,,,,,no career
1963,55.0,55.0,NYK,Bob Woollard,Wake Forest,,,,,,,,,,,,,,,,,,no career
1963,56.0,56.0,BAL,Larry Brown,UNC,,,,,,,,,,,,,,,,,,no career
1963,57.0,57.0,SFW,Don Clemetson,Stanford,,,,,,,,,,,,,,,,,,no career
1963,58.0,58.0,DET,Ira Harge,New Mexico,,,,,,,,,,,,,,,,,,no career
1963,59.0,59.0,CIN,Hunter Beckman,Memphis,,,,,,,,,,,,,,,,,,no career
1963,61.0,61.0,PHI,Bill Brown,Howard Payne University,,,,,,,,,,,,,,,,,,no career
1963,62.0,62.0,LAL,Gordie Martin,USC,,,,,,,,,,,,,,,,,,no career
1963,63.0,63.0,BOS,Herb Magee,Philadelphia University,,,,,,,,,,,,,,,,,,no career
1963,65.0,65.0,BAL,Rich Froistad,Iowa State,,,,,,,,,,,,,,,,,,no career
1963,66.0,66.0,SFW,Harry Dinnel,Pepperdine,,,,,,,,,,,,,,,,,,no career
1963,67.0,67.0,DET,Gary Silc,Northern Michigan University,,,,,,,,,,,,,,,,,,no career
1963,68.0,68.0,STL,Harold Ray Strother,Texas A&M,,,,,,,,,,,,,,,,,,no career
1963,69.0,69.0,NYK,Ray Cronk,Lakeland College,,,,,,,,,,,,,,,,,,no career
1963,70.0,70.0,BAL,Ron Jackson,Wisconsin,,,,,,,,,,,,,,,,,,no career
1963,71.0,71.0,SFW,Chuck White,Idaho,,,,,,,,,,,,,,,,,,no career
1963,72.0,72.0,DET,Ernie Dunston,Seattle University,,,,,,,,,,,,,,,,,,no career
1963,73.0,73.0,STL,Frank Davis,Oklahoma Christian University,,,,,,,,,,,,,,,,,,no career
1963,74.0,74.0,NYK,Gerald Glur,Furman University,,,,,,,,,,,,,,,,,,no career
1963,75.0,75.0,BAL,M. C. Thompson,DePaul,,,,,,,,,,,,,,,,,,no career
1963,76.0,76.0,STL,Carl Ritter,SE Missouri State,,,,,,,,,,,,,,,,,,no career
1963,77.0,77.0,NYK,Orb Bowling,Tennessee,,,,,,,,,,,,,,,,,,no career
1963,78.0,78.0,STL,Marv Straw,Iowa State,,,,,,,,,,,,,,,,,,no career
1963,79.0,79.0,NYK,Bob Walters,Baldwin-Wallace College,,,,,,,,,,,,,,,,,,no career
1963,80.0,80.0,STL,Hugh Evans,North Carolina A&T,,,,,,,,,,,,,,,,,,no career
1963,81.0,81.0,NYK,Jerry Szachara,Cornell,,,,,,,,,,,,,,,,,,no career
1963,82.0,82.0,STL,Gary McFarland,Central Missouri State University,,,,,,,,,,,,,,,,,,no career
1963,83.0,83.0,NYK,Bill Raftery,La Salle,,,,,,,,,,,,,,,,,,no career
1963,84.0,84.0,NYK,Ron Pickett,Eastern Kentucky University,,,,,,,,,,,,,,,,,,no career
1964,13.0,13.0,PHI,Ira Harge,New Mexico,,,,,,,,,,,,,,,,,,no career
1964,17.0,17.0,CIN,Bill Chmielewski,Dayton,,,,,,,,,,,,,,,,,,no career
1964,19.0,19.0,NYK,Brian Generalovich,Pitt,,,,,,,,,,,,,,,,,,no career
1964,23.0,23.0,LAL,Tom Dose,Stanford,,,,,,,,,,,,,,,,,,no career
1964,24.0,24.0,STL,Art Becker,Arizona State,,,,,,,,,,,,,,,,,,no career
1964,30.0,30.0,BAL,Pete Spoden,University of Northern Iowa,,,,,,,,,,,,,,,,,,no career
1964,31.0,31.0,PHI,Frank Corace,La Salle,,,,,,,,,,,,,,,,,,no career
1964,33.0,33.0,STL,Willie Murrell,Kansas State,,,,,,,,,,,,,,,,,,no career
1964,34.0,34.0,SFW,Gene Elmore,SMU,,,,,,,,,,,,,,,,,,no career
1964,37.0,37.0,NYK,Tony Gennari,Canisius,,,,,,,,,,,,,,,,,,no career
1964,38.0,38.0,DET,Ray Wolford,Toledo,,,,,,,,,,,,,,,,,,no career
1964,39.0,39.0,BAL,Bennie Lenox,Texas A&M,,,,,,,,,,,,,,,,,,no career
1964,40.0,40.0,PHI,Lou Skurcenski,Westminster College of Pennsylvania,,,,,,,,,,,,,,,,,,no career
1964,41.0,41.0,LAL,John Savage,University of North Texas,,,,,,,,,,,,,,,,,,no career
1964,43.0,43.0,SFW,Roger Suttner,Kansas State,,,,,,,,,,,,,,,,,,no career
1964,44.0,44.0,CIN,George Kirk,Memphis,,,,,,,,,,,,,,,,,,no career
1964,45.0,45.0,BOS,Nick Werkman,Seton Hall,,,,,,,,,,,,,,,,,,no career
1964,46.0,46.0,NYK,Tom Lavelle,Western Carolina University,,,,,,,,,,,,,,,,,,no career
1964,47.0,47.0,DET,Larry Phillips,Rice University,,,,,,,,,,,,,,,,,,no career
1964,48.0,48.0,BAL,Bobby Edmonds,Tennessee State,,,,,,,,,,,,,,,,,,no career
1964,49.0,49.0,PHI,Ricky Kaminsky,Yale,,,,,,,,,,,,,,,,,,no career
1964,50.0,50.0,LAL,Troy Collier,Utah State University,,,,,,,,,,,,,,,,,,no career
1964,51.0,51.0,STL,Ernest Brock,Virginia State University,,,,,,,,,,,,,,,,,,no career
1964,52.0,52.0,SFW,Ray Carey,Missouri,,,,,,,,,,,,,,,,,,no career
1964,53.0,53.0,CIN,Al Thrasher,Wittenberg University,,,,,,,,,,,,,,,,,,no career
1964,54.0,54.0,BOS,Levern Tart,Bradley,,,,,,,,,,,,,,,,,,no career
1964,56.0,56.0,DET,Jerry Jackson,Ohio University,,,,,,,,,,,,,,,,,,no career
1964,57.0,57.0,BAL,Ron Miller,Loyola Chicago,,,,,,,,,,,,,,,,,,no career
1964,58.0,58.0,PHI,Gordon Hatton,Dayton,,,,,,,,,,,,,,,,,,no career
1964,59.0,59.0,LAL,Steve Anstett,University of Portland,,,,,,,,,,,,,,,,,,no career
1964,60.0,60.0,STL,Maurice McHartley,North Carolina A&T,,,,,,,,,,,,,,,,,,no career
1964,61.0,61.0,SFW,Dave Lee,San Francisco,,,,,,,,,,,,,,,,,,no career
1964,62.0,62.0,CIN,Vic Rouse,Loyola Chicago,,,,,,,,,,,,,,,,,,no career
1964,63.0,63.0,BOS,Rich Falk,Northwestern,,,,,,,,,,,,,,,,,,no career
1964,64.0,64.0,NYK,Jim Boutin,Lewis and Clark College,,,,,,,,,,,,,,,,,,no career
1964,65.0,65.0,DET,Ralph Telken,Rockhurst University,,,,,,,,,,,,,,,,,,no career
1964,66.0,66.0,BAL,Danny Schultz,Tennessee,,,,,,,,,,,,,,,,,,no career
1964,67.0,67.0,PHI,Bob Pelkington,Xavier,,,,,,,,,,,,,,,,,,no career
1964,68.0,68.0,LAL,Jay Buckley,Duke,,,,,,,,,,,,,,,,,,no career
1964,69.0,69.0,STL,Kendall Rhine,Rice University,,,,,,,,,,,,,,,,,,no career
1964,70.0,70.0,SFW,Bob Garibaldi,Santa Clara,,,,,,,,,,,,,,,,,,no career
1964,71.0,71.0,CIN,Joe Geiger,Xavier,,,,,,,,,,,,,,,,,,no career
1964,72.0,72.0,BOS,Jeff Blue,Butler,,,,,,,,,,,,,,,,,,no career
1964,73.0,73.0,NYK,Jack Brens,Wisconsin,,,,,,,,,,,,,,,,,,no career
1964,75.0,75.0,PHI,Jim Brennan,Clemson,,,,,,,,,,,,,,,,,,no career
1964,76.0,76.0,STL,Darel Carrier,Western Kentucky,,,,,,,,,,,,,,,,,,no career
1964,77.0,77.0,SFW,Camden Wall,California,,,,,,,,,,,,,,,,,,no career
1964,78.0,78.0,CIN,Scotty Pierce,West Texas A&M University,,,,,,,,,,,,,,,,,,no career
1964,79.0,79.0,BOS,Pete Kelley,West Virginia Tech,,,,,,,,,,,,,,,,,,no career
1964,80.0,80.0,NYK,Jim Christy,Georgetown,,,,,,,,,,,,,,,,,,no career
1964,81.0,81.0,BAL,Bill Kusleika,Tulsa,,,,,,,,,,,,,,,,,,no career
1964,82.0,82.0,PHI,Wally Briggs,North Carolina A&T,,,,,,,,,,,,,,,,,,no career
1964,83.0,83.0,STL,Frank Stephens,Virginia State University,,,,,,,,,,,,,,,,,,no career
1964,84.0,84.0,SFW,Jeff Cotwright,Chapman University,,,,,,,,,,,,,,,,,,no career
1964,85.0,85.0,CIN,Bob Neumann,Memphis,,,,,,,,,,,,,,,,,,no career
1964,86.0,86.0,BOS,Duane Corriveau,Clark University,,,,,,,,,,,,,,,,,,no career
1964,87.0,87.0,NYK,Dennis Lynch,Yale,,,,,,,,,,,,,,,,,,no career
1964,88.0,88.0,BAL,Fred Glover,Winston-Salem State,,,,,,,,,,,,,,,,,,no career
1964,89.0,89.0,PHI,Thomas Lowry,West Virginia,,,,,,,,,,,,,,,,,,no career
1964,90.0,90.0,STL,Gerald Govan,Saint Mary of the Plains College,,,,,,,,,,,,,,,,,,no career
1964,91.0,91.0,CIN,Jim Reynolds,Abilene Christian University,,,,,,,,,,,,,,,,,,no career
1964,92.0,92.0,BAL,Frank Kamiaski,Randolph-Macon College,,,,,,,,,,,,,,,,,,no career
1964,93.0,93.0,PHI,Julius Myers,Morris Brown College,,,,,,,,,,,,,,,,,,no career
1964,94.0,94.0,STL,Warren Sutton,Sir George Williams University,,,,,,,,,,,,,,,,,,no career
1964,95.0,95.0,CIN,Fred Jones,Youngstown State University,,,,,,,,,,,,,,,,,,no career
1964,96.0,96.0,BAL,Doug Moon,Utah,,,,,,,,,,,,,,,,,,no career
1964,97.0,97.0,STL,Cecil Tuttle,Georgetown College,,,,,,,,,,,,,,,,,,no career
1964,98.0,98.0,BAL,Pete Gent,Michigan State,,,,,,,,,,,,,,,,,,no career
1964,99.0,99.0,STL,Bill Blair,Virginia Military Institute,,,,,,,,,,,,,,,,,,no career
1964,100.0,100.0,BAL,Sandy Williams,Saint Francis University,,,,,,,,,,,,,,,,,,no career
1964,101.0,101.0,STL,Al Cech,Detroit Mercy,,,,,,,,,,,,,,,,,,no career
1965,15.0,15.0,BAL,Tal Brody,Illinois,,,,,,,,,,,,,,,,,,no career
1965,17.0,17.0,NYK,Hal Blevins,University of Arkansas at Pine Bluff,,,,,,,,,,,,,,,,,,no career
1965,24.0,24.0,BAL,Joe Newton,Auburn,,,,,,,,,,,,,,,,,,no career
1965,26.0,26.0,STL,Ken McIntyre,St. John's,,,,,,,,,,,,,,,,,,no career
1965,30.0,30.0,SFW,Warren Rustand,Arizona,,,,,,,,,,,,,,,,,,no career
1965,31.0,31.0,NYK,Larry Lembo,Manhattan University,,,,,,,,,,,,,,,,,,no career
1965,33.0,33.0,BAL,Skip Thoren,Illinois,,,,,,,,,,,,,,,,,,no career
1965,35.0,35.0,STL,Lynn Nance,Washington,,,,,,,,,,,,,,,,,,no career
1965,37.0,37.0,LAL,Brooks Henderson,Florida,,,,,,,,,,,,,,,,,,no career
1965,38.0,38.0,BOS,Richie Tarrant,Saint Michael's College,,,,,,,,,,,,,,,,,,no career
1965,39.0,39.0,SFW,Eddie Jackson,Oklahoma City University,,,,,,,,,,,,,,,,,,no career
1965,40.0,40.0,NYK,Steve Nisenson,Hofstra,,,,,,,,,,,,,,,,,,no career
1965,41.0,41.0,DET,Ted Manning,NC Central,,,,,,,,,,,,,,,,,,no career
1965,42.0,42.0,BAL,Charles Dinkins,Miami University,,,,,,,,,,,,,,,,,,no career
1965,43.0,43.0,PHI,Richie Moore,Villanova,,,,,,,,,,,,,,,,,,no career
1965,44.0,44.0,STL,Ted Werner,Washington State,,,,,,,,,,,,,,,,,,no career
1965,45.0,45.0,CIN,Warren Isaac,Iona College,,,,,,,,,,,,,,,,,,no career
1965,46.0,46.0,LAL,A.W. Davis,Tennessee,,,,,,,,,,,,,,,,,,no career
1965,47.0,47.0,BOS,Don Davidson,Davidson,,,,,,,,,,,,,,,,,,no career
1965,48.0,48.0,SFW,Jim Jarvis,Oregon State,,,,,,,,,,,,,,,,,,no career
1965,49.0,49.0,NYK,Warren Davis,North Carolina A&T,,,,,,,,,,,,,,,,,,no career
1965,50.0,50.0,DET,Barry Smith,High Point University,,,,,,,,,,,,,,,,,,no career
1965,51.0,51.0,BAL,Lyvonne LeFlore,Jackson State University,,,,,,,,,,,,,,,,,,no career
1965,52.0,52.0,PHI,Mitch Edwards,University of Texas Rio Grande Valley,,,,,,,,,,,,,,,,,,no career
1965,53.0,53.0,STL,John Rambo,Cal State Long Beach,,,,,,,,,,,,,,,,,,no career
1965,54.0,54.0,CIN,Leon Clements,Ouachita Baptist University,,,,,,,,,,,,,,,,,,no career
1965,55.0,55.0,LAL,Teo Cruz,Seattle University,,,,,,,,,,,,,,,,,,no career
1965,56.0,56.0,BOS,Haskell Tison,Duke,,,,,,,,,,,,,,,,,,no career
1965,57.0,57.0,SFW,Dan Wolthers,California,,,,,,,,,,,,,,,,,,no career
1965,58.0,58.0,NYK,Dale Neel,High Point University,,,,,,,,,,,,,,,,,,no career
1965,60.0,60.0,PHI,John Young,Midwestern State University,,,,,,,,,,,,,,,,,,no career
1965,61.0,61.0,STL,Terry Kunze,Minnesota,,,,,,,,,,,,,,,,,,no career
1965,62.0,62.0,CIN,Jeff Gehring,Miami University,,,,,,,,,,,,,,,,,,no career
1965,63.0,63.0,LAL,DeWayne Cruse,Idaho State University,,,,,,,,,,,,,,,,,,no career
1965,64.0,64.0,BOS,George Deehan,Lenoir-Rhyne College,,,,,,,,,,,,,,,,,,no career
1965,65.0,65.0,SFW,Willie Cotton,Central State University,,,,,,,,,,,,,,,,,,no career
1965,66.0,66.0,NYK,Frank Granat,Alliance College,,,,,,,,,,,,,,,,,,no career
1965,67.0,67.0,BAL,Jim Murphy,DePaul,,,,,,,,,,,,,,,,,,no career
1965,68.0,68.0,PHI,Bob Barnek,St. Bonaventure,,,,,,,,,,,,,,,,,,no career
1965,69.0,69.0,STL,Cincy Powell,University of Portland,,,,,,,,,,,,,,,,,,no career
1965,71.0,71.0,LAL,George Unseld,Kansas,,,,,,,,,,,,,,,,,,no career
1965,72.0,72.0,NYK,Jay Neary,UNC Wilmington,,,,,,,,,,,,,,,,,,no career
1965,73.0,73.0,BAL,John Wendelken,Holy Cross,,,,,,,,,,,,,,,,,,no career
1965,74.0,74.0,PHI,Gene West,Drake University,,,,,,,,,,,,,,,,,,no career
1965,75.0,75.0,STL,LeRoy Walker,Utah State University,,,,,,,,,,,,,,,,,,no career
1965,76.0,76.0,CIN,Ron Krick,Cincinnati,,,,,,,,,,,,,,,,,,no career
1965,77.0,77.0,LAL,Mal Pradd,Dillard University,,,,,,,,,,,,,,,,,,no career
1965,79.0,79.0,BAL,Bogie Redmon,Illinois,,,,,,,,,,,,,,,,,,no career
1965,80.0,80.0,PHI,Dean Church,Louisiana,,,,,,,,,,,,,,,,,,no career
1965,81.0,81.0,STL,Spencer Carlson,Baylor,,,,,,,,,,,,,,,,,,no career
1965,82.0,82.0,CIN,Richie Dec,Seton Hall,,,,,,,,,,,,,,,,,,no career
1965,83.0,83.0,LAL,Don Rae,Montana State,,,,,,,,,,,,,,,,,,no career
1965,84.0,84.0,NYK,Bill Meyer,Hiram College,,,,,,,,,,,,,,,,,,no career
1965,86.0,86.0,PHI,Curt Fromal,La Salle,,,,,,,,,,,,,,,,,,no career
1965,87.0,87.0,STL,Weldon Kytle,Cleveland State University,,,,,,,,,,,,,,,,,,no career
1965,88.0,88.0,CIN,Dick Maile,LSU,,,,,,,,,,,,,,,,,,no career
1965,89.0,89.0,LAL,Bob Andrews,Alabama,,,,,,,,,,,,,,,,,,no career
1965,90.0,90.0,NYK,Bob Trupin,Yale,,,,,,,,,,,,,,,,,,no career
1965,91.0,91.0,BAL,Walt Sahm,Notre Dame,,,,,,,,,,,,,,,,,,no career
1965,92.0,92.0,PHI,Dan Anderson,Augsburg College,,,,,,,,,,,,,,,,,,no career
1965,93.0,93.0,STL,Elton McGriff,Creighton,,,,,,,,,,,,,,,,,,no career
1965,94.0,94.0,CIN,Robert McCollough,Benedict College,,,,,,,,,,,,,,,,,,no career
1965,95.0,95.0,NYK,Dennis McGovern,Rhode Island,,,,,,,,,,,,,,,,,,no career
1965,96.0,96.0,BAL,Joe Ramsey,Southern Illinois,,,,,,,,,,,,,,,,,,no career
1965,97.0,97.0,PHI,Rick Park,Tulsa,,,,,,,,,,,,,,,,,,no career
1965,98.0,98.0,STL,Mel Northway,Minnesota,,,,,,,,,,,,,,,,,,no career
1965,99.0,99.0,CIN,Oliver Jones,Albany State University,,,,,,,,,,,,,,,,,,no career
1965,100.0,100.0,BAL,Jerry Rook,Arkansas State University,,,,,,,,,,,,,,,,,,no career
1965,101.0,101.0,PHI,Jack Margenthaler,Houston,,,,,,,,,,,,,,,,,,no career
1965,102.0,102.0,STL,Terry Page,Detroit Mercy,,,,,,,,,,,,,,,,,,no career
1965,103.0,103.0,CIN,Larry Franks,Texas,,,,,,,,,,,,,,,,,,no career
1965,104.0,104.0,BAL,Dave Hicks,,,,,,,,,,,,,,,,,,,no career
1965,105.0,105.0,PHI,James Pitts,Georgia,,,,,,,,,,,,,,,,,,no career
1965,106.0,106.0,STL,George Pomey,Michigan,,,,,,,,,,,,,,,,,,no career
1965,107.0,107.0,CIN,Ronald Scharf,Georgia Tech,,,,,,,,,,,,,,,,,,no career
1965,108.0,108.0,BAL,Bunk Adams,Ohio University,,,,,,,,,,,,,,,,,,no career
1965,109.0,109.0,PHI,Larry Rafferty,Fairfield,,,,,,,,,,,,,,,,,,no career
1965,110.0,110.0,STL,Bob Tolan,Eastern Kentucky University,,,,,,,,,,,,,,,,,,no career
1965,111.0,111.0,CIN,Willie Porter,Tennessee State,,,,,,,,,,,,,,,,,,no career
1965,112.0,112.0,BAL,Roger Taylor,Illinois,,,,,,,,,,,,,,,,,,no career
1966,16.0,16.0,CIN,Jerry Lee Wells,Oklahoma City University,,,,,,,,,,,,,,,,,,no career
1966,18.0,18.0,BOS,Leon Clark,Wyoming,,,,,,,,,,,,,,,,,,no career
1966,21.0,21.0,NYK,Stew Johnson,Murray State,,,,,,,,,,,,,,,,,,no career
1966,22.0,22.0,DET,Ollie Darden,Michigan,,,,,,,,,,,,,,,,,,no career
1966,23.0,23.0,SFW,Steve Chubin,Rhode Island,,,,,,,,,,,,,,,,,,no career
1966,25.0,25.0,BAL,Dave Wagnon,Idaho State University,,,,,,,,,,,,,,,,,,no career
1966,28.0,28.0,BOS,Gary Turner,TCU,,,,,,,,,,,,,,,,,,no career
1966,29.0,29.0,PHI,Donnie Freeman,Illinois,1.0,64.0,1480.0,689.0,180.0,171.0,0.434,,0.819,23.1,10.8,2.8,2.7,2.4,0.078,-1.5,0.2,gap exceeds threshold
1966,30.0,30.0,CHI,Ed Bodkin,Eastern Kentucky University,,,,,,,,,,,,,,,,,,no career
1966,31.0,31.0,NYK,Lee DeFore,Auburn,,,,,,,,,,,,,,,,,,no career
1966,32.0,32.0,DET,Jeff Congdon,BYU,,,,,,,,,,,,,,,,,,no career
1966,33.0,33.0,SFW,Steve Vacendak,Duke,,,,,,,,,,,,,,,,,,no career
1966,34.0,34.0,STL,Bob McIntyre,St. John's,,,,,,,,,,,,,,,,,,no career
1966,35.0,35.0,BAL,George Peeples,Iowa,,,,,,,,,,,,,,,,,,no career
1966,36.0,36.0,CIN,Charles Schmaus,Virginia Military Institute,,,,,,,,,,,,,,,,,,no career
1966,40.0,40.0,CHI,Jim Williams,Temple,,,,,,,,,,,,,,,,,,no career
1966,41.0,41.0,NYK,Ron Jackson,Clark Atlanta University,,,,,,,,,,,,,,,,,,no career
1966,42.0,42.0,DET,William Pickens,Georgia Southern University,,,,,,,,,,,,,,,,,,no career
1966,43.0,43.0,SFW,Tom Kerwin,Centenary (LA),,,,,,,,,,,,,,,,,,no career
1966,44.0,44.0,STL,Dick Nemelka,BYU,,,,,,,,,,,,,,,,,,no career
1966,45.0,45.0,BAL,John Beasley,Texas A&M,,,,,,,,,,,,,,,,,,no career
1966,47.0,47.0,CIN,Rich Parks,Saint Louis,,,,,,,,,,,,,,,,,,no career
1966,49.0,49.0,PHI,Tom Duff,Saint Joseph's,,,,,,,,,,,,,,,,,,no career
1966,50.0,50.0,CHI,Larry Humes,University of Evansville,,,,,,,,,,,,,,,,,,no career
1966,51.0,51.0,NYK,George Fisher,Utah,,,,,,,,,,,,,,,,,,no career
1966,52.0,52.0,DET,Carroll Hooser,SMU,,,,,,,,,,,,,,,,,,no career
1966,53.0,53.0,SFW,Jim Pitts,Northwestern,,,,,,,,,,,,,,,,,,no career
1966,54.0,54.0,STL,Lonnie Wright,Colorado State,,,,,,,,,,,,,,,,,,no career
1966,55.0,55.0,BAL,Jeff Neuman,Penn,,,,,,,,,,,,,,,,,,no career
1966,56.0,56.0,CIN,Steve Cunningham,Western Kentucky,,,,,,,,,,,,,,,,,,no career
1966,57.0,57.0,LAL,Keith Thomas,Vanderbilt,,,,,,,,,,,,,,,,,,no career
1966,58.0,58.0,BOS,Charlie Hunter,Oklahoma City University,,,,,,,,,,,,,,,,,,no career
1966,59.0,59.0,PHI,Red Robbins,Tennessee,,,,,,,,,,,,,,,,,,no career
1966,60.0,60.0,NYK,Mike Dabich,New Mexico State,,,,,,,,,,,,,,,,,,no career
1966,61.0,61.0,DET,Ted Manning,NC Central,,,,,,,,,,,,,,,,,,no career
1966,62.0,62.0,SFW,Lon Hughey,Fresno State,,,,,,,,,,,,,,,,,,no career
1966,63.0,63.0,STL,Jay Neary,UNC Wilmington,,,,,,,,,,,,,,,,,,no career
1966,64.0,64.0,BAL,Dave Mills,DePaul,,,,,,,,,,,,,,,,,,no career
1966,65.0,65.0,CIN,Gary Schull,Florida State,,,,,,,,,,,,,,,,,,no career
1966,66.0,66.0,LAL,Taft Jackson,College of Idaho,,,,,,,,,,,,,,,,,,no career
1966,67.0,67.0,BOS,Gary Ward,Maryland,,,,,,,,,,,,,,,,,,no career
1966,68.0,68.0,CHI,John Comeaux,Grambling State University,,,,,,,,,,,,,,,,,,no career
1966,70.0,70.0,DET,George McNeil,Southern Illinois,,,,,,,,,,,,,,,,,,no career
1966,71.0,71.0,SFW,Ken Washington,UCLA,,,,,,,,,,,,,,,,,,no career
1966,72.0,72.0,STL,Bryan Williams,Xavier,,,,,,,,,,,,,,,,,,no career
1966,74.0,74.0,CIN,Ron Krick,Cincinnati,,,,,,,,,,,,,,,,,,no career
1966,76.0,76.0,BOS,Russ Gumina,San Francisco,,,,,,,,,,,,,,,,,,no career
1966,77.0,77.0,CHI,Stan Curtis,Michigan State,,,,,,,,,,,,,,,,,,no career
1966,79.0,79.0,STL,Al Grant,Long Island University,,,,,,,,,,,,,,,,,,no career
1966,80.0,80.0,BAL,Chuck Gardner,Colorado,,,,,,,,,,,,,,,,,,no career
1966,81.0,81.0,CIN,Billy Smith,Loyola Chicago,,,,,,,,,,,,,,,,,,no career
1966,82.0,82.0,LAL,Julian Hammond,Tulsa,,,,,,,,,,,,,,,,,,no career
1966,83.0,83.0,PHI,Pat Caldwell,Rockhurst University,,,,,,,,,,,,,,,,,,no career
1966,84.0,84.0,CHI,Gene Summers,Northern Michigan University,,,,,,,,,,,,,,,,,,no career
1966,85.0,85.0,NYK,Richie Moore,Hiram Scott College,,,,,,,,,,,,,,,,,,no career
1966,86.0,86.0,STL,Don Yates,Minnesota,,,,,,,,,,,,,,,,,,no career
1966,87.0,87.0,BAL,Guy Manning,Prairie View A&M University,,,,,,,,,,,,,,,,,,no career
1966,89.0,89.0,LAL,Mike Rooney,Oklahoma,,,,,,,,,,,,,,,,,,no career
1966,90.0,90.0,PHI,Bob Bedell,Stanford,,,,,,,,,,,,,,,,,,no career
1966,91.0,91.0,CHI,Don Swanson,DePaul,,,,,,,,,,,,,,,,,,no career
1966,92.0,92.0,NYK,Rich Dyer,NYU,,,,,,,,,,,,,,,,,,no career
1966,93.0,93.0,STL,Curt Gammell,Pacific Lutheran University,,,,,,,,,,,,,,,,,,no career
1966,95.0,95.0,CIN,R.B. Lynam,Oklahoma Baptist University,,,,,,,,,,,,,,,,,,no career
1966,96.0,96.0,LAL,George Grams,Purdue,,,,,,,,,,,,,,,,,,no career
1966,97.0,97.0,CHI,Carver Clinton,Penn State,,,,,,,,,,,,,,,,,,no career
1966,99.0,99.0,STL,Lonnie Lynn,Wilberforce University,,,,,,,,,,,,,,,,,,no career
1966,100.0,100.0,BAL,Grant Simmons,Nebraska,,,,,,,,,,,,,,,,,,no career
1966,101.0,101.0,NYK,Bob Bennett,UNC,,,,,,,,,,,,,,,,,,no career
1966,102.0,102.0,STL,Nick Aloi,Bowling Green,,,,,,,,,,,,,,,,,,no career
1966,103.0,103.0,BAL,Al Lopes,Kansas,,,,,,,,,,,,,,,,,,no career
1966,104.0,104.0,STL,Ollie Carter,San Francisco,,,,,,,,,,,,,,,,,,no career
1966,105.0,105.0,BAL,Jim Harter,University of Texas Rio Grande Valley,,,,,,,,,,,,,,,,,,no career
1966,107.0,107.0,BAL,Howard Bayne,Tennessee,,,,,,,,,,,,,,,,,,no career
1966,108.0,108.0,STL,Eddie Jackson,Bradley,,,,,,,,,,,,,,,,,,no career
1966,109.0,109.0,BAL,Ken Barnes,Wisconsin,,,,,,,,,,,,,,,,,,no career
1966,110.0,110.0,BAL,Chris Pervall,Iowa,,,,,,,,,,,,,,,,,,no career
1966,111.0,111.0,BAL,Jerry Trice,Weber State,,,,,,,,,,,,,,,,,,no career
1966,112.0,112.0,BAL,Gene Visscher,Weber State,,,,,,,,,,,,,,,,,,no career
1967,9.0,9.0,CIN,Mel Daniels,New Mexico,1.0,11.0,126.0,39.0,34.0,6.0,0.371,,0.565,11.5,3.5,3.1,0.5,0.0,-0.002,-4.3,-0.1,gap exceeds threshold
1967,14.0,14.0,DET,Steve Sullivan,Georgetown,,,,,,,,,,,,,,,,,,no career
1967,15.0,15.0,CHI,Byron Beck,Denver,1.0,53.0,480.0,250.0,96.0,33.0,0.435,,0.818,9.1,4.7,1.8,0.6,0.8,0.078,-3.1,-0.1,gap exceeds threshold
1967,16.0,16.0,LAL,Randy Mahaffey,Clemson,,,,,,,,,,,,,,,,,,no career
1967,18.0,18.0,SDR,Bob Netolicky,Drake University,,,,,,,,,,,,,,,,,,no career
1967,20.0,20.0,BAL,Malkin Strong,Seattle University,,,,,,,,,,,,,,,,,,no career
1967,21.0,21.0,DET,Darrell Hardy,Baylor,,,,,,,,,,,,,,,,,,no career
1967,22.0,22.0,CHI,John Dickson,Arkansas State University,,,,,,,,,,,,,,,,,,no career
1967,23.0,23.0,LAL,Dwight Smith,Western Kentucky,,,,,,,,,,,,,,,,,,no career
1967,28.0,28.0,CIN,Sam Smith,Kentucky Wesleyan College,,,,,,,,,,,,,,,,,,no career
1967,29.0,29.0,SDR,Richie Moore,Hiram Scott College,,,,,,,,,,,,,,,,,,no career
1967,30.0,30.0,SEA,Sam Singleton,Nebraska-Omaha,,,,,,,,,,,,,,,,,,no career
1967,32.0,32.0,BAL,Al Salvadori,South Carolina,,,,,,,,,,,,,,,,,,no career
1967,33.0,33.0,DET,Ron Franz,Kansas,,,,,,,,,,,,,,,,,,no career
1967,36.0,36.0,NYK,Keith Swagerty,University of the Pacific,,,,,,,,,,,,,,,,,,no career
1967,37.0,37.0,STL,Wes Bialosuknia,UConn,,,,,,,,,,,,,,,,,,no career
1967,38.0,38.0,CIN,Louie Dampier,Kentucky,3.0,232.0,4431.0,1553.0,261.0,643.0,0.488,,0.748,19.1,6.7,1.1,2.8,6.7,0.073,-1.0,1.1,gap exceeds threshold
1967,40.0,40.0,BOS,Nevil Shed,Texas-El Paso,,,,,,,,,,,,,,,,,,no career
1967,41.0,41.0,SDR,Ron Kozlicki,Northwestern,,,,,,,,,,,,,,,,,,no career
1967,42.0,42.0,SDR,Craig Dill,Michigan,,,,,,,,,,,,,,,,,,no career
1967,43.0,43.0,SEA,Larry Bunce,Utah State University,,,,,,,,,,,,,,,,,,no career
1967,44.0,44.0,BAL,Dexter Westbrook,Providence,,,,,,,,,,,,,,,,,,no career
1967,46.0,46.0,CHI,Dick Pruet,Jacksonville University,,,,,,,,,,,,,,,,,,no career
1967,47.0,47.0,LAL,Joe Allen,Bradley,,,,,,,,,,,,,,,,,,no career
1967,48.0,48.0,NYK,Barry Leibowitz,Long Island University,,,,,,,,,,,,,,,,,,no career
1967,49.0,49.0,STL,Mike Wittman,Miami (FL),,,,,,,,,,,,,,,,,,no career
1967,50.0,50.0,CIN,Trooper Washington,Cheyney (PA),,,,,,,,,,,,,,,,,,no career
1967,52.0,52.0,BOS,Mike Redd,Kentucky Wesleyan College,,,,,,,,,,,,,,,,,,no career
1967,55.0,55.0,SDR,Herb McPherson,Murray State,,,,,,,,,,,,,,,,,,no career
1967,56.0,56.0,BAL,Bob Riedy,Duke,,,,,,,,,,,,,,,,,,no career
1967,57.0,57.0,DET,Vaughn Harper,Syracuse,,,,,,,,,,,,,,,,,,no career
1967,58.0,58.0,CHI,Mal Pradd,Dillard University,,,,,,,,,,,,,,,,,,no career
1967,59.0,59.0,LAL,Gary Keller,Florida,,,,,,,,,,,,,,,,,,no career
1967,60.0,60.0,NYK,Bob Benfield,West Virginia,,,,,,,,,,,,,,,,,,no career
1967,61.0,61.0,STL,John Morrison,Canisius,,,,,,,,,,,,,,,,,,no career
1967,62.0,62.0,CIN,Frank Stronczek,American International College,,,,,,,,,,,,,,,,,,no career
1967,64.0,64.0,BOS,Ed Hummer,Princeton,,,,,,,,,,,,,,,,,,no career
1967,65.0,65.0,PHI,Tim Powers,Creighton,,,,,,,,,,,,,,,,,,no career
1967,66.0,66.0,SDR,Robert Cole,Saint Louis,,,,,,,,,,,,,,,,,,no career
1967,67.0,67.0,SEA,Gordon Harris,Washington,,,,,,,,,,,,,,,,,,no career
1967,68.0,68.0,BAL,Ron Perry,Virginia Tech,,,,,,,,,,,,,,,,,,no career
1967,69.0,69.0,DET,Bobby Lloyd,Rutgers University,,,,,,,,,,,,,,,,,,no career
1967,70.0,70.0,CHI,Bob Wolf,Marquette,,,,,,,,,,,,,,,,,,no career
1967,71.0,71.0,LAL,Jamie Thompson,Wichita State,,,,,,,,,,,,,,,,,,no career
1967,72.0,72.0,NYK,Butch Wade,Indiana State University,,,,,,,,,,,,,,,,,,no career
1967,73.0,73.0,STL,Carl Fuller,Bethune-Cookman College,,,,,,,,,,,,,,,,,,no career
1967,74.0,74.0,CIN,Charlie Beasley,SMU,,,,,,,,,,,,,,,,,,no career
1967,75.0,75.0,SFW,Sonny Bustion,Colorado State,,,,,,,,,,,,,,,,,,no career
1967,76.0,76.0,BOS,Edgar Lacey,UCLA,,,,,,,,,,,,,,,,,,no career
1967,77.0,77.0,PHI,Frank Card,South Carolina State,,,,,,,,,,,,,,,,,,no career
1967,78.0,78.0,SEA,Dick Kolberg,UC Santa Barbara,,,,,,,,,,,,,,,,,,no career
1967,79.0,79.0,SDR,Elburt Miller,UNLV,,,,,,,,,,,,,,,,,,no career
1967,82.0,82.0,CHI,Leon Simon,College of Santa Fe,,,,,,,,,,,,,,,,,,no career
1967,83.0,83.0,LAL,Don Carlos,Otterbein College,,,,,,,,,,,,,,,,,,no career
1967,84.0,84.0,NYK,Gil Radday,St. Francis College,,,,,,,,,,,,,,,,,,no career
1967,85.0,85.0,STL,Arvesta Kelly,Lincoln University of Missouri,,,,,,,,,,,,,,,,,,no career
1967,86.0,86.0,CIN,Frank Hollendoner,Georgetown,,,,,,,,,,,,,,,,,,no career
1967,87.0,87.0,SFW,Bob Krulish,University of the Pacific,,,,,,,,,,,,,,,,,,no career
1967,88.0,88.0,BOS,Andy Anderson,Canisius,,,,,,,,,,,,,,,,,,no career
1967,89.0,89.0,PHI,Jim Connelly,Virginia,,,,,,,,,,,,,,,,,,no career
1967,90.0,90.0,SDR,Al Grundy,Saint Joseph's,,,,,,,,,,,,,,,,,,no career
1967,91.0,91.0,SEA,Willie Wolters,Boston College,,,,,,,,,,,,,,,,,,no career
1967,92.0,92.0,BAL,Robert Allen,University of Arkansas at Pine Bluff,,,,,,,,,,,,,,,,,,no career
1967,93.0,93.0,CHI,Ernie Laurent,University of Albuquerque,,,,,,,,,,,,,,,,,,no career
1967,94.0,94.0,LAL,Jay McMillen,Maryland,,,,,,,,,,,,,,,,,,no career
1967,95.0,95.0,NYK,Roy Smith,Kansas State,,,,,,,,,,,,,,,,,,no career
1967,97.0,97.0,CIN,Ron Sepic,Ohio State,,,,,,,,,,,,,,,,,,no career
1967,98.0,98.0,SFW,Richard Dean,Syracuse,,,,,,,,,,,,,,,,,,no career
1967,99.0,99.0,BOS,Henry Brown,University of Massachusetts Lowell,,,,,,,,,,,,,,,,,,no career
1967,101.0,101.0,SEA,Rod McDonald,Whitworth,,,,,,,,,,,,,,,,,,no career
1967,102.0,102.0,SDR,Ron Coleman,Missouri,,,,,,,,,,,,,,,,,,no career
1967,103.0,103.0,BAL,Bill Gillespie,Montana State,,,,,,,,,,,,,,,,,,no career
1967,104.0,104.0,CHI,Jim Boshart,Wake Forest,,,,,,,,,,,,,,,,,,no career
1967,105.0,105.0,LAL,Don Kruse,Houston,,,,,,,,,,,,,,,,,,no career
1967,106.0,106.0,NYK,Bruce Kaplan,NYU,,,,,,,,,,,,,,,,,,no career
1967,107.0,107.0,STL,Dick Falkenbush,Saint Michael's College,,,,,,,,,,,,,,,,,,no career
1967,108.0,108.0,CIN,Willie Davis,University of North Texas,,,,,,,,,,,,,,,,,,no career
1967,109.0,109.0,SFW,Joe Galbo,San Francisco State University,,,,,,,,,,,,,,,,,,no career
1967,111.0,111.0,PHI,Butch Erwin,Niagara University,,,,,,,,,,,,,,,,,,no career
1967,112.0,112.0,SDR,Don Duncan,Murray State,,,,,,,,,,,,,,,,,,no career
1967,113.0,113.0,SEA,Gary Lechman,Gonzaga,,,,,,,,,,,,,,,,,,no career
1967,114.0,114.0,BAL,Bubba Smith,Michigan State,,,,,,,,,,,,,,,,,,no career
1967,115.0,115.0,CHI,Phil Andros,University of New Haven,,,,,,,,,,,,,,,,,,no career
1967,116.0,116.0,LAL,Nick Pino,Kansas State,,,,,,,,,,,,,,,,,,no career
1967,117.0,117.0,NYK,Mark Mirken,UNC,,,,,,,,,,,,,,,,,,no career
1967,118.0,118.0,CIN,Ken Calloway,Cincinnati,,,,,,,,,,,,,,,,,,no career
1967,119.0,119.0,SFW,Bill Morgan,New Mexico,,,,,,,,,,,,,,,,,,no career
1967,120.0,120.0,BOS,Joe Harrington,Maryland,,,,,,,,,,,,,,,,,,no career
1967,121.0,121.0,PHI,Ted Campbell,North Carolina A&T,,,,,,,,,,,,,,,,,,no career
1967,122.0,122.0,SEA,Randy Matson,Texas A&M,,,,,,,,,,,,,,,,,,no career
1967,123.0,123.0,SDR,Al Razutis,Alliant International University,,,,,,,,,,,,,,,,,,no career
1967,124.0,124.0,BAL,Tony Eatmon,University of Texas Rio Grande Valley,,,,,,,,,,,,,,,,,,no career
1967,125.0,125.0,DET,George Dalzell,Colgate,,,,,,,,,,,,,,,,,,no career
1967,126.0,126.0,CHI,Ron Widby,Tennessee,,,,,,,,,,,,,,,,,,no career
1967,127.0,127.0,LAL,Ben Monroe,New Mexico,,,,,,,,,,,,,,,,,,no career
1967,129.0,129.0,CIN,Frank Gaidjunas,Villanova,,,,,,,,,,,,,,,,,,no career
1967,130.0,130.0,SFW,David Fox,University of the Pacific,,,,,,,,,,,,,,,,,,no career
1967,131.0,131.0,PHI,Hubie Marshall,La Salle,,,,,,,,,,,,,,,,,,no career
1967,132.0,132.0,SDR,Martin Nava,New Mexico Highlands University,,,,,,,,,,,,,,,,,,no career
1967,133.0,133.0,SEA,Rubin Russell,University of North Texas,,,,,,,,,,,,,,,,,,no career
1967,134.0,134.0,BAL,Lyn Burkholder,South Carolina,,,,,,,,,,,,,,,,,,no career
1967,135.0,135.0,DET,Matt Aitch,Michigan State,,,,,,,,,,,,,,,,,,no career
1967,136.0,136.0,CHI,Tom Storm,Montana State,,,,,,,,,,,,,,,,,,no career
1967,137.0,137.0,LAL,Gerry,Iowa,,,,,,,,,,,,,,,,,,no career
1967,138.0,138.0,CIN,John Moates,Richmond,,,,,,,,,,,,,,,,,,no career
1967,139.0,139.0,PHI,George Mack,North Carolina A&T,,,,,,,,,,,,,,,,,,no career
1967,140.0,140.0,SEA,John Schroeder,Ohio University,,,,,,,,,,,,,,,,,,no career
1967,141.0,141.0,SDR,Bob Chlupsa,Manhattan University,,,,,,,,,,,,,,,,,,no career
1967,142.0,142.0,BAL,Paul Mickey,Penn State,,,,,,,,,,,,,,,,,,no career
1967,143.0,143.0,CHI,Don Whitehead,Erskine College,,,,,,,,,,,,,,,,,,no career
1967,144.0,144.0,CIN,Jerry Pettway,Northwood University,,,,,,,,,,,,,,,,,,no career
1967,145.0,145.0,PHI,Wayne Brabender,University of Minnesota Morris,,,,,,,,,,,,,,,,,,no career
1967,146.0,146.0,SDR,John Tolbert,South Carolina State,,,,,,,,,,,,,,,,,,no career
1967,147.0,147.0,SEA,Jim Sutherland,Clemson,,,,,,,,,,,,,,,,,,no career
1967,148.0,148.0,BAL,Rich Peek,Louisiana Tech,,,,,,,,,,,,,,,,,,no career
1967,149.0,149.0,CHI,Jim Garza,Detroit Institute of Technology,,,,,,,,,,,,,,,,,,no career
1967,150.0,150.0,CIN,Earl Beechum,Midwestern State University,,,,,,,,,,,,,,,,,,no career
1967,151.0,151.0,PHI,Sherman Dillard,Tulsa,,,,,,,,,,,,,,,,,,no career
1967,152.0,152.0,SEA,Willie Campbell,Nebraska,,,,,,,,,,,,,,,,,,no career
1967,153.0,153.0,BAL,Gary Williams,Oklahoma,,,,,,,,,,,,,,,,,,no career
1967,154.0,154.0,CHI,Jimmy Dawson,Illinois,,,,,,,,,,,,,,,,,,no career
1967,155.0,155.0,CIN,John Vermilyea,Morningside College,,,,,,,,,,,,,,,,,,no career
1967,156.0,156.0,PHI,Wayne Chapman,Western Kentucky,,,,,,,,,,,,,,,,,,no career
1967,158.0,158.0,CIN,Darryl Meachem,Edinboro University of Pennsylvania,,,,,,,,,,,,,,,,,,no career
1967,160.0,160.0,BAL,Jerry Southwood,Vanderbilt,,,,,,,,,,,,,,,,,,no career
1967,161.0,161.0,BAL,George Spencer,Washington,,,,,,,,,,,,,,,,,,no career
1968,19.0,19.0,CHI,Ron Dunlap,Illinois,,,,,,,,,,,,,,,,,,no career
1968,22.0,22.0,MIL,Gene Moore,Saint Louis,,,,,,,,,,,,,,,,,,no career
1968,24.0,24.0,SEA,Jeff Ockel,Utah,,,,,,,,,,,,,,,,,,no career
1968,25.0,25.0,DET,Don Dee,Saint Mary of the Plains College,,,,,,,,,,,,,,,,,,no career
1968,26.0,26.0,BAL,Ron Nelson,New Mexico,,,,,,,,,,,,,,,,,,no career
1968,29.0,29.0,SFW,Don Sidle,Oklahoma,,,,,,,,,,,,,,,,,,no career
1968,33.0,33.0,BAL,Jack Thompson,South Carolina,,,,,,,,,,,,,,,,,,no career
1968,34.0,34.0,SEA,Ed Johnson,Tennessee State,,,,,,,,,,,,,,,,,,no career
1968,36.0,36.0,PHO,Art Beatty,American University,,,,,,,,,,,,,,,,,,no career
1968,38.0,38.0,SEA,Henry Logan,Western Carolina University,,,,,,,,,,,,,,,,,,no career
1968,40.0,40.0,BAL,Dallas Thornton,Kentucky Wesleyan College,,,,,,,,,,,,,,,,,,no career
1968,41.0,41.0,CIN,Dan Sparks,Weber State,,,,,,,,,,,,,,,,,,no career
1968,43.0,43.0,SFW,Edgar Lacey,UCLA,,,,,,,,,,,,,,,,,,no career
1968,44.0,44.0,NYK,Warren Jabali,Wichita State,,,,,,,,,,,,,,,,,,no career
1968,47.0,47.0,ATL,Bob Warren,Vanderbilt,,,,,,,,,,,,,,,,,,no career
1968,48.0,48.0,SDR,Darryl Jones,Benedictine College,,,,,,,,,,,,,,,,,,no career
1968,51.0,51.0,SDR,Glen Combs,Virginia Tech,,,,,,,,,,,,,,,,,,no career
1968,53.0,53.0,CHI,Jim Tillman,Loyola Chicago,,,,,,,,,,,,,,,,,,no career
1968,54.0,54.0,BAL,Theodore Chaplin,Voorhees College,,,,,,,,,,,,,,,,,,no career
1968,55.0,55.0,CIN,Jim Kissane,Boston College,,,,,,,,,,,,,,,,,,no career
1968,56.0,56.0,DET,Carl Fuller,Bethune-Cookman College,,,,,,,,,,,,,,,,,,no career
1968,58.0,58.0,NYK,Butch Booker,Cheyney (PA),,,,,,,,,,,,,,,,,,no career
1968,59.0,59.0,LAL,Lou Shephard,Missouri State,,,,,,,,,,,,,,,,,,no career
1968,60.0,60.0,BOS,Thad Jaracz,Kentucky,,,,,,,,,,,,,,,,,,no career
1968,61.0,61.0,ATL,Rusty Parker,Miami (FL),,,,,,,,,,,,,,,,,,no career
1968,62.0,62.0,PHI,Larry Miller,UNC,,,,,,,,,,,,,,,,,,no career
1968,63.0,63.0,MIL,Joe Franklin,Wisconsin,,,,,,,,,,,,,,,,,,no career
1968,64.0,64.0,PHO,Harry Hollines,Denver,,,,,,,,,,,,,,,,,,no career
1968,65.0,65.0,SDR,Eldridge Webb,Tulsa,,,,,,,,,,,,,,,,,,no career
1968,66.0,66.0,SEA,Ron Guziak,Duquesne,,,,,,,,,,,,,,,,,,no career
1968,67.0,67.0,CHI,Kenn Barnett,University of Delaware,,,,,,,,,,,,,,,,,,no career
1968,68.0,68.0,BAL,Joe Heiser,Princeton,,,,,,,,,,,,,,,,,,no career
1968,69.0,69.0,CIN,Calvin Martin,Texas Southern,,,,,,,,,,,,,,,,,,no career
1968,72.0,72.0,NYK,Brian Brunkhorst,Marquette,,,,,,,,,,,,,,,,,,no career
1968,73.0,73.0,LAL,Nick Pino,Kansas State,,,,,,,,,,,,,,,,,,no career
1968,74.0,74.0,BOS,Jerry Newsom,Indiana State University,,,,,,,,,,,,,,,,,,no career
1968,75.0,75.0,ATL,Phil Wagner,Georgia Tech,,,,,,,,,,,,,,,,,,no career
1968,78.0,78.0,MIL,Fred Smith,Hawaii,,,,,,,,,,,,,,,,,,no career
1968,80.0,80.0,SEA,Jim McKean,Washington State,,,,,,,,,,,,,,,,,,no career
1968,81.0,81.0,CHI,Willie Davis,University of North Texas,,,,,,,,,,,,,,,,,,no career
1968,82.0,82.0,BAL,Jasper Wilson,Southern University and A&M College,,,,,,,,,,,,,,,,,,no career
1968,83.0,83.0,CIN,Rich Dumas,Northeastern State University,,,,,,,,,,,,,,,,,,no career
1968,84.0,84.0,DET,Larry Newbold,Long Island University,,,,,,,,,,,,,,,,,,no career
1968,85.0,85.0,SFW,Dave Reaser,West Virginia,,,,,,,,,,,,,,,,,,no career
1968,86.0,86.0,NYK,Bob Waldal,Dickinson State University,,,,,,,,,,,,,,,,,,no career
1968,87.0,87.0,LAL,Dennis Hrcka,Hillsdale College,,,,,,,,,,,,,,,,,,no career
1968,88.0,88.0,BOS,Mike Lewis,Duke,,,,,,,,,,,,,,,,,,no career
1968,89.0,89.0,ATL,Oscar Smith,Elizabeth City State University,,,,,,,,,,,,,,,,,,no career
1968,90.0,90.0,PHI,Bill Jones,Fairfield,,,,,,,,,,,,,,,,,,no career
1968,91.0,91.0,MIL,Tom Kondla,Minnesota,,,,,,,,,,,,,,,,,,no career
1968,92.0,92.0,PHO,Charley Parks,Idaho State University,,,,,,,,,,,,,,,,,,no career
1968,93.0,93.0,SDR,Aaron Sellers,Jackson State University,,,,,,,,,,,,,,,,,,no career
1968,94.0,94.0,SEA,Willie Rogers,Oklahoma,,,,,,,,,,,,,,,,,,no career
1968,95.0,95.0,CHI,Lloyd Higgins,Point Loma Nazarene,,,,,,,,,,,,,,,,,,no career
1968,97.0,97.0,CIN,Dave Williams,Mississippi State,,,,,,,,,,,,,,,,,,no career
1968,98.0,98.0,DET,Harry Laurie,Saint Peter's College,,,,,,,,,,,,,,,,,,no career
1968,99.0,99.0,SFW,Walt Piatkowski,Bowling Green,,,,,,,,,,,,,,,,,,no career
1968,100.0,100.0,NYK,Bobby Hooper,Dayton,,,,,,,,,,,,,,,,,,no career
1968,101.0,101.0,LAL,John Smith,University of Southern Colorado,,,,,,,,,,,,,,,,,,no career
1968,102.0,102.0,BOS,Julius Keye,Alcorn State,,,,,,,,,,,,,,,,,,no career
1968,103.0,103.0,ATL,Marty Baietti,Manhattan University,,,,,,,,,,,,,,,,,,no career
1968,104.0,104.0,PHI,Melvin Jones,Albany State University,,,,,,,,,,,,,,,,,,no career
1968,105.0,105.0,PHO,Brian Clare,Denver,,,,,,,,,,,,,,,,,,no career
1968,106.0,106.0,MIL,Elburt Miller,UNLV,,,,,,,,,,,,,,,,,,no career
1968,107.0,107.0,SDR,John Schetzsle,Ashland University,,,,,,,,,,,,,,,,,,no career
1968,108.0,108.0,SEA,Jimmy Smith,Utah State University,,,,,,,,,,,,,,,,,,no career
1968,109.0,109.0,CHI,Corky Bell,Loyola Chicago,,,,,,,,,,,,,,,,,,no career
1968,110.0,110.0,BAL,Wayne Chapman,Western Kentucky,,,,,,,,,,,,,,,,,,no career
1968,111.0,111.0,CIN,Butch Joyner,Indiana,,,,,,,,,,,,,,,,,,no career
1968,112.0,112.0,DET,Vaughn Harper,Syracuse,,,,,,,,,,,,,,,,,,no career
1968,113.0,113.0,SFW,Art Wilmore,San Francisco,,,,,,,,,,,,,,,,,,no career
1968,114.0,114.0,NYK,Rodger Bohnenstiehl,Kansas,,,,,,,,,,,,,,,,,,no career
1968,115.0,115.0,LAL,George Stone,Marshall,,,,,,,,,,,,,,,,,,no career
1968,116.0,116.0,BOS,Bill Butler,St. Bonaventure,,,,,,,,,,,,,,,,,,no career
1968,117.0,117.0,ATL,Mack Daughtry,Albany State University,,,,,,,,,,,,,,,,,,no career
1968,118.0,118.0,PHI,Clarence Brookins,Temple,,,,,,,,,,,,,,,,,,no career
1968,119.0,119.0,MIL,Cliff Berger,Kentucky,,,,,,,,,,,,,,,,,,no career
1968,120.0,120.0,PHO,Merv Jackson,Utah,,,,,,,,,,,,,,,,,,no career
1968,121.0,121.0,SDR,Mike Butler,Memphis,,,,,,,,,,,,,,,,,,no career
1968,123.0,123.0,CHI,Mike Weaver,Northwestern,,,,,,,,,,,,,,,,,,no career
1968,124.0,124.0,BAL,Steve Adelman,Boston College,,,,,,,,,,,,,,,,,,no career
1968,125.0,125.0,CIN,Bo Wyenandt,Vanderbilt,,,,,,,,,,,,,,,,,,no career
1968,126.0,126.0,DET,Tom Baack,Nebraska,,,,,,,,,,,,,,,,,,no career
1968,127.0,127.0,SFW,Bob Heaney,Santa Clara,,,,,,,,,,,,,,,,,,no career
1968,128.0,128.0,NYK,Sylvester Adams,North Carolina A&T,,,,,,,,,,,,,,,,,,no career
1968,129.0,129.0,LAL,Charles Alford,East Carolina University,,,,,,,,,,,,,,,,,,no career
1968,130.0,130.0,BOS,Ivan Leshinsky,Long Island University,,,,,,,,,,,,,,,,,,no career
1968,132.0,132.0,PHI,Greg Cisson,Rider University,,,,,,,,,,,,,,,,,,no career
1968,133.0,133.0,PHO,Lee Davis,NC Central,,,,,,,,,,,,,,,,,,no career
1968,134.0,134.0,MIL,Eugene Jones,Missouri,,,,,,,,,,,,,,,,,,no career
1968,135.0,135.0,SDR,Leonidas Epps,Clark Atlanta University,,,,,,,,,,,,,,,,,,no career
1968,137.0,137.0,CHI,Jim McGonigle,Iowa State,,,,,,,,,,,,,,,,,,no career
1968,138.0,138.0,BAL,Al Dixon,Bowling Green,,,,,,,,,,,,,,,,,,no career
1968,139.0,139.0,CIN,James Robinson,Rochester Institute of Technology,,,,,,,,,,,,,,,,,,no career
1968,140.0,140.0,SFW,Jerry Chandler,UNLV,,,,,,,,,,,,,,,,,,no career
1968,141.0,141.0,NYK,Bob Redd,Marshall,,,,,,,,,,,,,,,,,,no career
1968,142.0,142.0,LAL,Harry Singletary,Eckerd College,,,,,,,,,,,,,,,,,,no career
1968,143.0,143.0,BOS,Tom Niemeier,University of Evansville,,,,,,,,,,,,,,,,,,no career
1968,144.0,144.0,ATL,Henry Watkins,Tennessee State,,,,,,,,,,,,,,,,,,no career
1968,145.0,145.0,PHI,Bill Soens,Miami (FL),,,,,,,,,,,,,,,,,,no career
1968,146.0,146.0,MIL,Brad Luchini,Marquette,,,,,,,,,,,,,,,,,,no career
1968,148.0,148.0,SDR,Roy Manning,Lane College,,,,,,,,,,,,,,,,,,no career
1968,149.0,149.0,SEA,Walt Simon,Utah,,,,,,,,,,,,,,,,,,no career
1968,150.0,150.0,CHI,John Lallensack,University of Wisconsin-Oshkosh,,,,,,,,,,,,,,,,,,no career
1968,151.0,151.0,BAL,Willie Cager,Texas-El Paso,,,,,,,,,,,,,,,,,,no career
1968,152.0,152.0,CIN,Glynn Saulters,Louisiana-Monroe,,,,,,,,,,,,,,,,,,no career
1968,153.0,153.0,SFW,Bob Wolfe,California,,,,,,,,,,,,,,,,,,no career
1968,154.0,154.0,NYK,Pat Moriarty,Guilford College,,,,,,,,,,,,,,,,,,no career
1968,155.0,155.0,LAL,Reggie Lacefield,Western Michigan,,,,,,,,,,,,,,,,,,no career
1968,156.0,156.0,BOS,Bill Langheld,Fordham,,,,,,,,,,,,,,,,,,no career
1968,157.0,157.0,ATL,Phil Harris,Texas-El Paso,,,,,,,,,,,,,,,,,,no career
1968,158.0,158.0,PHI,Ted Campbell,North Carolina A&T,,,,,,,,,,,,,,,,,,no career
1968,159.0,159.0,MIL,Dave Miller,Florida,,,,,,,,,,,,,,,,,,no career
1968,160.0,160.0,PHO,Bill Davis,Arizona,,,,,,,,,,,,,,,,,,no career
1968,161.0,161.0,SDR,Marshall Evans,Lincoln University of Missouri,,,,,,,,,,,,,,,,,,no career
1968,164.0,164.0,BAL,Rudy Bogad,St. John's,,,,,,,,,,,,,,,,,,no career
1968,165.0,165.0,CIN,Billy Tindall,UMass,,,,,,,,,,,,,,,,,,no career
1968,166.0,166.0,NYK,Ken Morehead,Hillsdale College,,,,,,,,,,,,,,,,,,no career
1968,167.0,167.0,LAL,Harvey Munford,Montana State,,,,,,,,,,,,,,,,,,no career
1968,168.0,168.0,BOS,Art Stephenson,Rhode Island,,,,,,,,,,,,,,,,,,no career
1968,169.0,169.0,ATL,Frank Standard,South Carolina,,,,,,,,,,,,,,,,,,no career
1968,170.0,170.0,PHI,Earl Seyfert,Kansas State,,,,,,,,,,,,,,,,,,no career
1968,171.0,171.0,PHO,Pat Hobart,California University of Pennslyvania,,,,,,,,,,,,,,,,,,no career
1968,173.0,173.0,SEA,Mike Warren,UCLA,,,,,,,,,,,,,,,,,,no career
1968,174.0,174.0,CHI,Dave Carr,Washington,,,,,,,,,,,,,,,,,,no career
1968,175.0,175.0,BAL,Ernest Sims,East Tennessee State University,,,,,,,,,,,,,,,,,,no career
1968,176.0,176.0,CIN,Charles Core,Southeastern Louisiana University,,,,,,,,,,,,,,,,,,no career
1968,177.0,177.0,NYK,John Haarlow,Princeton,,,,,,,,,,,,,,,,,,no career
1968,178.0,178.0,LAL,John Godfrey,Abilene Christian University,,,,,,,,,,,,,,,,,,no career
1968,179.0,179.0,BOS,Keith Hochstein,Holy Cross,,,,,,,,,,,,,,,,,,no career
1968,180.0,180.0,ATL,George Hicker,Syracuse,,,,,,,,,,,,,,,,,,no career
1968,181.0,181.0,PHI,Tom Youngdale,Davidson,,,,,,,,,,,,,,,,,,no career
1968,182.0,182.0,SDR,Bill Gaines,,,,,,,,,,,,,,,,,,,no career
1968,183.0,183.0,CHI,Mickey McCarty,TCU,,,,,,,,,,,,,,,,,,no career
1968,184.0,184.0,BAL,Joe Allen,Bradley,,,,,,,,,,,,,,,,,,no career
1968,185.0,185.0,CIN,Mike Drespling,Westminster College of Pennsylvania,,,,,,,,,,,,,,,,,,no career
1968,186.0,186.0,NYK,Ed Fellers,Guilford College,,,,,,,,,,,,,,,,,,no career
1968,188.0,188.0,ATL,Bennie Foster,Point Loma Nazarene,,,,,,,,,,,,,,,,,,no career
1968,189.0,189.0,PHI,George Mack,North Carolina A&T,,,,,,,,,,,,,,,,,,no career
1968,190.0,190.0,SDR,Chuck Caldwell,Missouri-St. Louis,,,,,,,,,,,,,,,,,,no career
1968,191.0,191.0,CHI,Fred Holden,Louisville,,,,,,,,,,,,,,,,,,no career
1968,192.0,192.0,BAL,Dennis Black,San Francisco,,,,,,,,,,,,,,,,,,no career
1968,193.0,193.0,CIN,Dick Harris,Manchester University,,,,,,,,,,,,,,,,,,no career
1968,194.0,194.0,NYK,Bob Ferguson,Tennessee Wesleyan College,,,,,,,,,,,,,,,,,,no career
1968,195.0,195.0,LAL,Mike Eberle,Wyoming,,,,,,,,,,,,,,,,,,no career
1968,196.0,196.0,ATL,Terry Allerton,Baldwin-Wallace College,,,,,,,,,,,,,,,,,,no career
1968,197.0,197.0,PHI,Joe Crews,Villanova,,,,,,,,,,,,,,,,,,no career
1968,198.0,198.0,SDR,Tom Billars,Dakota Wesleyan University,,,,,,,,,,,,,,,,,,no career
1968,199.0,199.0,CHI,Dave Benedict,Central Washington University,,,,,,,,,,,,,,,,,,no career
1968,200.0,200.0,BAL,Gregg Morris,Cornell,,,,,,,,,,,,,,,,,,no career
1968,201.0,201.0,CIN,John Howard,Cincinnati,,,,,,,,,,,,,,,,,,no career
1968,203.0,203.0,PHI,Nate Ware,Tennessee State,,,,,,,,,,,,,,,,,,no career
1968,204.0,204.0,SDR,Harold Grant,Pepperdine,,,,,,,,,,,,,,,,,,no career
1968,205.0,205.0,CHI,Bob Zoretich,DePaul,,,,,,,,,,,,,,,,,,no career
1968,206.0,206.0,BAL,Art Kenney,Fairfield,,,,,,,,,,,,,,,,,,no career
1968,207.0,207.0,CIN,Larry Humes,University of Evansville,,,,,,,,,,,,,,,,,,no career
1968,208.0,208.0,SDR,Bill Corley,UConn,,,,,,,,,,,,,,,,,,no career
1968,209.0,209.0,CHI,Rich Mason,Indiana State University,,,,,,,,,,,,,,,,,,no career
1968,210.0,210.0,BAL,Jim LaCour,Seattle University,,,,,,,,,,,,,,,,,,no career
1968,211.0,211.0,CIN,Ray Jeffords,Georgia,,,,,,,,,,,,,,,,,,no career
1968,212.0,212.0,CHI,Rich Kirkland,Norfolk State,,,,,,,,,,,,,,,,,,no career
1968,213.0,213.0,BAL,Ron Woodruff,Midwestern State University,,,,,,,,,,,,,,,,,,no career
1968,214.0,214.0,CHI,Ronald Horton,University of Delaware,,,,,,,,,,,,,,,,,,no career
1969,16.0,16.0,CHI,Simmie Hill,West Texas A&M University,,,,,,,,,,,,,,,,,,no career
1969,18.0,18.0,SEA,Ron Taylor,USC,,,,,,,,,,,,,,,,,,no career
1969,20.0,20.0,CHI,Ken Spain,Houston,,,,,,,,,,,,,,,,,,no career
1969,22.0,22.0,SFW,Ed Siudut,Holy Cross,,,,,,,,,,,,,,,,,,no career
1969,24.0,24.0,PHO,Gene Williams,Kansas State,,,,,,,,,,,,,,,,,,no career
1969,26.0,26.0,NYK,Bill Bunting,UNC,,,,,,,,,,,,,,,,,,no career
1969,28.0,28.0,PHI,Willie Taylor,LeMoyne College,,,,,,,,,,,,,,,,,,no career
1969,29.0,29.0,BAL,Willie Scott,Alabama State University,,,,,,,,,,,,,,,,,,no career
1969,30.0,30.0,PHO,Floyd Kerr,Colorado State,,,,,,,,,,,,,,,,,,no career
1969,31.0,31.0,MIL,Skeeter Swift,East Tennessee State University,,,,,,,,,,,,,,,,,,no career
1969,35.0,35.0,SDR,Charles Bonaparte,Norfolk State,,,,,,,,,,,,,,,,,,no career
1969,36.0,36.0,SFW,Tom Hagan,Vanderbilt,,,,,,,,,,,,,,,,,,no career
1969,38.0,38.0,BOS,Julius Keye,Alcorn State,,,,,,,,,,,,,,,,,,no career
1969,39.0,39.0,PHO,Lloyd Kerr,Colorado State,,,,,,,,,,,,,,,,,,no career
1969,42.0,42.0,PHI,Mike Grosso,Louisville,,,,,,,,,,,,,,,,,,no career
1969,46.0,46.0,SEA,Butch Booker,Cheyney (PA),,,,,,,,,,,,,,,,,,no career
1969,47.0,47.0,DET,Ted Wierman,Washington State,,,,,,,,,,,,,,,,,,no career
1969,48.0,48.0,CHI,Dave Nash,Kansas,,,,,,,,,,,,,,,,,,no career
1969,49.0,49.0,SDR,Johnnie Allen,Bethune-Cookman College,,,,,,,,,,,,,,,,,,no career
1969,50.0,50.0,SFW,Lee Lafayette,Michigan State,,,,,,,,,,,,,,,,,,no career
1969,51.0,51.0,CIN,Ron Sanford,New Mexico,,,,,,,,,,,,,,,,,,no career
1969,53.0,53.0,ATL,Billy Hann,Tennessee,,,,,,,,,,,,,,,,,,no career
1969,54.0,54.0,NYK,Elnardo Webster,Saint Peter's College,,,,,,,,,,,,,,,,,,no career
1969,55.0,55.0,ATL,Don Griffin,Stanford,,,,,,,,,,,,,,,,,,no career
1969,57.0,57.0,BAL,Gene Ford,Western Michigan,,,,,,,,,,,,,,,,,,no career
1969,59.0,59.0,MIL,Ken Heitz,UCLA,,,,,,,,,,,,,,,,,,no career
1969,60.0,60.0,SEA,Jerry King,Louisville,,,,,,,,,,,,,,,,,,no career
1969,62.0,62.0,CHI,Chris Ellis,Virginia Tech,,,,,,,,,,,,,,,,,,no career
1969,63.0,63.0,SDR,Charlie Hentz,University of Arkansas at Pine Bluff,,,,,,,,,,,,,,,,,,no career
1969,67.0,67.0,ATL,Mike Mitchell,West Texas A&M University,,,,,,,,,,,,,,,,,,no career
1969,68.0,68.0,NYK,Gene Littles,High Point University,,,,,,,,,,,,,,,,,,no career
1969,70.0,70.0,PHI,Joe Cromer,Temple,,,,,,,,,,,,,,,,,,no career
1969,71.0,71.0,BAL,Willie Jackson,Morehead State University,,,,,,,,,,,,,,,,,,no career
1969,72.0,72.0,PHO,Dan Sadlier,Dayton,,,,,,,,,,,,,,,,,,no career
1969,74.0,74.0,SEA,Ben McGilmer,Iowa,,,,,,,,,,,,,,,,,,no career
1969,75.0,75.0,DET,Larry Jeffries,Trinity University,,,,,,,,,,,,,,,,,,no career
1969,76.0,76.0,CHI,George Tinsley,Kentucky Wesleyan College,,,,,,,,,,,,,,,,,,no career
1969,77.0,77.0,SDR,Bob Tallent,George Washington,,,,,,,,,,,,,,,,,,no career
1969,78.0,78.0,SFW,Dan Obrovac,Dayton,,,,,,,,,,,,,,,,,,no career
1969,79.0,79.0,CIN,Mel Coleman,University of Wisconsin-Stout,,,,,,,,,,,,,,,,,,no career
1969,80.0,80.0,BOS,Dolph Pulliam,Drake University,,,,,,,,,,,,,,,,,,no career
1969,81.0,81.0,ATL,Guy Mackner,South Dakota State,,,,,,,,,,,,,,,,,,no career
1969,82.0,82.0,NYK,Dwight Durante,Catawba College,,,,,,,,,,,,,,,,,,no career
1969,83.0,83.0,LAL,Dick Grubar,UNC,,,,,,,,,,,,,,,,,,no career
1969,84.0,84.0,PHI,John Jones,Villanova,,,,,,,,,,,,,,,,,,no career
1969,85.0,85.0,BAL,Paul Loveday,California,,,,,,,,,,,,,,,,,,no career
1969,86.0,86.0,PHO,Bill Sweek,UCLA,,,,,,,,,,,,,,,,,,no career
1969,87.0,87.0,MIL,Bill Keller,Purdue,,,,,,,,,,,,,,,,,,no career
1969,88.0,88.0,SEA,Greg Wittman,Western Carolina University,,,,,,,,,,,,,,,,,,no career
1969,89.0,89.0,DET,Steve Vandenberg,Duke,,,,,,,,,,,,,,,,,,no career
1969,90.0,90.0,CHI,Frank Judge,Huston-Tillotson University,,,,,,,,,,,,,,,,,,no career
1969,91.0,91.0,SDR,Lynn Shackelford,UCLA,,,,,,,,,,,,,,,,,,no career
1969,92.0,92.0,SFW,Pat Foley,University of the Pacific,,,,,,,,,,,,,,,,,,no career
1969,93.0,93.0,CIN,L.C. Bowen,Bradley,,,,,,,,,,,,,,,,,,no career
1969,94.0,94.0,BOS,Jim Johnson,Wisconsin,,,,,,,,,,,,,,,,,,no career
1969,95.0,95.0,ATL,Bob Bundy,Vanderbilt,,,,,,,,,,,,,,,,,,no career
1969,96.0,96.0,NYK,Chris Thomforde,Princeton,,,,,,,,,,,,,,,,,,no career
1969,97.0,97.0,LAL,Kari Liimo,BYU,,,,,,,,,,,,,,,,,,no career
1969,98.0,98.0,PHI,Dave Hamilton,West Virginia State University,,,,,,,,,,,,,,,,,,no career
1969,99.0,99.0,BAL,Jeff Claypool,Grove City College,,,,,,,,,,,,,,,,,,no career
1969,100.0,100.0,PHO,Bob Edwards,Arizona State,,,,,,,,,,,,,,,,,,no career
1969,101.0,101.0,MIL,John Schell,Wisconsin,,,,,,,,,,,,,,,,,,no career
1969,102.0,102.0,SEA,Theartis Wallace,Central Washington University,,,,,,,,,,,,,,,,,,no career
1969,104.0,104.0,CHI,Roger Moller,Westmar University,,,,,,,,,,,,,,,,,,no career
1969,105.0,105.0,SDR,Bill DeHeer,Indiana,,,,,,,,,,,,,,,,,,no career
1969,106.0,106.0,SFW,Steve Rippe,UC Santa Barbara,,,,,,,,,,,,,,,,,,no career
1969,107.0,107.0,CIN,Merton Bancroft,Missouri State,,,,,,,,,,,,,,,,,,no career
1969,108.0,108.0,BOS,Bob Whitmore,Notre Dame,,,,,,,,,,,,,,,,,,no career
1969,110.0,110.0,NYK,Jim Healey,Rockhurst University,,,,,,,,,,,,,,,,,,no career
1969,111.0,111.0,LAL,Joe Smith,Oklahoma State,,,,,,,,,,,,,,,,,,no career
1969,112.0,112.0,PHI,Jim Bowles,Trinity University,,,,,,,,,,,,,,,,,,no career
1969,113.0,113.0,BAL,Barry White,Hofstra,,,,,,,,,,,,,,,,,,no career
1969,114.0,114.0,PHO,Steve Jennings,USC,,,,,,,,,,,,,,,,,,no career
1969,115.0,115.0,MIL,Jim Satalin,St. Bonaventure,,,,,,,,,,,,,,,,,,no career
1969,116.0,116.0,SEA,Vince Fritz,Oregon State,,,,,,,,,,,,,,,,,,no career
1969,118.0,118.0,CHI,Sterling Burke,Northwestern,,,,,,,,,,,,,,,,,,no career
1969,119.0,119.0,SDR,Larry Cheatham,Tulsa,,,,,,,,,,,,,,,,,,no career
1969,120.0,120.0,SFW,Greg Reed,Sacramento State,,,,,,,,,,,,,,,,,,no career
1969,121.0,121.0,CIN,James Hurley,Transylvania University,,,,,,,,,,,,,,,,,,no career
1969,122.0,122.0,BOS,Gordon Smith,Cincinnati,,,,,,,,,,,,,,,,,,no career
1969,123.0,123.0,ATL,Pete Gayeska,UMass,,,,,,,,,,,,,,,,,,no career
1969,124.0,124.0,NYK,Roger Walaszek,Columbia University,,,,,,,,,,,,,,,,,,no career
1969,125.0,125.0,LAL,Jim Smith,Northern Illinois,,,,,,,,,,,,,,,,,,no career
1969,126.0,126.0,PHI,Larry Lewis,Saint Francis University,,,,,,,,,,,,,,,,,,no career
1969,127.0,127.0,BAL,Gary Major,Duquesne,,,,,,,,,,,,,,,,,,no career
1969,128.0,128.0,PHO,Rick Abrahamson,Oregon,,,,,,,,,,,,,,,,,,no career
1969,129.0,129.0,MIL,Willie Brown,Middle Tennessee,,,,,,,,,,,,,,,,,,no career
1969,130.0,130.0,SEA,Al Cueto,Tulsa,,,,,,,,,,,,,,,,,,no career
1969,131.0,131.0,DET,Bill English,Winston-Salem State,,,,,,,,,,,,,,,,,,no career
1969,132.0,132.0,CHI,Al Smith,Bradley,,,,,,,,,,,,,,,,,,no career
1969,133.0,133.0,SDR,Lee Sims,Ashland University,,,,,,,,,,,,,,,,,,no career
1969,134.0,134.0,SFW,Girard Chatman,San Francisco State University,,,,,,,,,,,,,,,,,,no career
1969,135.0,135.0,CIN,Bill Bowes,Elon University,,,,,,,,,,,,,,,,,,no career
1969,136.0,136.0,BOS,Jim Picka,High Point University,,,,,,,,,,,,,,,,,,no career
1969,137.0,137.0,ATL,Dick Stewart,Rutgers University,,,,,,,,,,,,,,,,,,no career
1969,138.0,138.0,NYK,Frank McLaughlin,Fordham,,,,,,,,,,,,,,,,,,no career
1969,139.0,139.0,LAL,Phil Argento,Kentucky,,,,,,,,,,,,,,,,,,no career
1969,140.0,140.0,PHI,Bill Justus,Tennessee,,,,,,,,,,,,,,,,,,no career
1969,141.0,141.0,BAL,Frank Bartleson,Tennessee Technological University,,,,,,,,,,,,,,,,,,no career
1969,142.0,142.0,PHO,Fred Lind,Duke,,,,,,,,,,,,,,,,,,no career
1969,143.0,143.0,MIL,Bob Presley,California,,,,,,,,,,,,,,,,,,no career
1969,144.0,144.0,SEA,Jim Connolly,Bowling Green,,,,,,,,,,,,,,,,,,no career
1969,145.0,145.0,DET,Rusty Clark,UNC,,,,,,,,,,,,,,,,,,no career
1969,146.0,146.0,CHI,Larry Bergh,Weber State,,,,,,,,,,,,,,,,,,no career
1969,148.0,148.0,SFW,Rich Holmberg,Saint Mary's,,,,,,,,,,,,,,,,,,no career
1969,149.0,149.0,CIN,Jim Supple,Georgetown,,,,,,,,,,,,,,,,,,no career
1969,150.0,150.0,BOS,Larry Finstrom,Kenyon College,,,,,,,,,,,,,,,,,,no career
1969,151.0,151.0,ATL,Loran Bracci,Cal State Northridge,,,,,,,,,,,,,,,,,,no career
1969,152.0,152.0,NYK,Marvin Lewis,LIU Southampton,,,,,,,,,,,,,,,,,,no career
1969,153.0,153.0,LAL,Ron Peret,Texas A&M,,,,,,,,,,,,,,,,,,no career
1969,154.0,154.0,PHI,Bruce Sloan,Kansas,,,,,,,,,,,,,,,,,,no career
1969,155.0,155.0,BAL,Jerry McKee,Ohio University,,,,,,,,,,,,,,,,,,no career
1969,156.0,156.0,PHO,Bob Miller,Toledo,,,,,,,,,,,,,,,,,,no career
1969,157.0,157.0,MIL,Jack Lutz,Carthage College,,,,,,,,,,,,,,,,,,no career
1969,158.0,158.0,SEA,John Smith,University of Puget Sound,,,,,,,,,,,,,,,,,,no career
1969,159.0,159.0,CHI,Harry Hall,Wyoming,,,,,,,,,,,,,,,,,,no career
1969,160.0,160.0,SDR,Raul Duarte,South Dakota State,,,,,,,,,,,,,,,,,,no career
1969,161.0,161.0,SFW,Joe Callaghan,San Francisco State University,,,,,,,,,,,,,,,,,,no career
1969,163.0,163.0,BOS,Rod Forbes,Boston State University,,,,,,,,,,,,,,,,,,no career
1969,164.0,164.0,ATL,Dave Jones,University of La Verne,,,,,,,,,,,,,,,,,,no career
1969,165.0,165.0,NYK,Bill O'Rourke,St. John Fisher College,,,,,,,,,,,,,,,,,,no career
1969,166.0,166.0,LAL,Jack Gillespie,Montana State,,,,,,,,,,,,,,,,,,no career
1969,168.0,168.0,BAL,Rob Washington,Tulsa,,,,,,,,,,,,,,,,,,no career
1969,169.0,169.0,PHO,Andy White,Texas-El Paso,,,,,,,,,,,,,,,,,,no career
1969,170.0,170.0,MIL,Leo Osgood,Northeastern University,,,,,,,,,,,,,,,,,,no career
1969,171.0,171.0,SEA,Bob Burrows,Seattle Pacific University,,,,,,,,,,,,,,,,,,no career
1969,172.0,172.0,CHI,Rich Kirkland,Norfolk State,,,,,,,,,,,,,,,,,,no career
1969,173.0,173.0,SDR,Joe McBride,Augusta State University,,,,,,,,,,,,,,,,,,no career
1969,174.0,174.0,CIN,Ted Johnson,Baldwin-Wallace College,,,,,,,,,,,,,,,,,,no career
1969,175.0,175.0,BOS,Billy Evans,Boston College,,,,,,,,,,,,,,,,,,no career
1969,176.0,176.0,ATL,Dick Barton,University of California Riverside,,,,,,,,,,,,,,,,,,no career
1969,177.0,177.0,NYK,James Wyatt,Northwestern State University,,,,,,,,,,,,,,,,,,no career
1969,178.0,178.0,LAL,Mallory Chestnut,Tuskegee University,,,,,,,,,,,,,,,,,,no career
1969,179.0,179.0,BAL,Bill Thompson,Shepherd College,,,,,,,,,,,,,,,,,,no career
1969,180.0,180.0,PHO,Marv Schmitt,Western New Mexico University,,,,,,,,,,,,,,,,,,no career
1969,181.0,181.0,MIL,Waymon Stewart,Lakeland College,,,,,,,,,,,,,,,,,,no career
1969,182.0,182.0,SEA,Jerry Conley,Morehead State University,,,,,,,,,,,,,,,,,,no career
1969,183.0,183.0,CHI,Bill Voight,SMU,,,,,,,,,,,,,,,,,,no career
1969,184.0,184.0,SDR,Mike Heckman,University of California Irvine,,,,,,,,,,,,,,,,,,no career
1969,185.0,185.0,ATL,Mike Dahl,Oglethorpe University,,,,,,,,,,,,,,,,,,no career
1969,186.0,186.0,NYK,Rich Travis,Oklahoma City University,,,,,,,,,,,,,,,,,,no career
1969,188.0,188.0,BAL,Perry Johnson,Robert Morris University (PA),,,,,,,,,,,,,,,,,,no career
1969,189.0,189.0,PHO,Bob Beamon,Texas-El Paso,,,,,,,,,,,,,,,,,,no career
1969,190.0,190.0,MIL,Stan Wlodarczyk,La Salle,,,,,,,,,,,,,,,,,,no career
1969,191.0,191.0,SEA,Ernie Powell,USC,,,,,,,,,,,,,,,,,,no career
1969,192.0,192.0,SDR,Jerry Nickens,Tougaloo College,,,,,,,,,,,,,,,,,,no career
1969,193.0,193.0,ATL,Norm Carmichael,Virginia,,,,,,,,,,,,,,,,,,no career
1969,194.0,194.0,BAL,Jodie Harrison,Illinois,,,,,,,,,,,,,,,,,,no career
1969,195.0,195.0,PHO,Wayne Huckel,Davidson,,,,,,,,,,,,,,,,,,no career
1969,196.0,196.0,MIL,Bill Voight,SMU,,,,,,,,,,,,,,,,,,no career
1969,197.0,197.0,SEA,Danny Cornett,Morehead State University,,,,,,,,,,,,,,,,,,no career
1969,198.0,198.0,SDR,Dick Groves,San Jose State,,,,,,,,,,,,,,,,,,no career
1969,199.0,199.0,ATL,Buddy Cornelius,Jacksonville State University,,,,,,,,,,,,,,,,,,no career
1969,200.0,200.0,BAL,Phil Harris,Texas A&M,,,,,,,,,,,,,,,,,,no career
1969,201.0,201.0,PHO,Howie Dickenman,Central Connecticut State University,,,,,,,,,,,,,,,,,,no career
1969,202.0,202.0,MIL,Lynn Phillips,SMU,,,,,,,,,,,,,,,,,,no career
1969,203.0,203.0,SEA,Steve Honeycutt,Kansas State,,,,,,,,,,,,,,,,,,no career
1969,204.0,204.0,SDR,Steve Howell,Ohio State,,,,,,,,,,,,,,,,,,no career
1969,205.0,205.0,ATL,John Tolmie,United States Naval Academy,,,,,,,,,,,,,,,,,,no career
1969,206.0,206.0,BAL,Tom Haggerty,Brandeis University,,,,,,,,,,,,,,,,,,no career
1969,207.0,207.0,PHO,Al Nuness,Minnesota,,,,,,,,,,,,,,,,,,no career
1969,208.0,208.0,MIL,Ken Hall,Westminster College of Pennsylvania,,,,,,,,,,,,,,,,,,no career
1969,209.0,209.0,SDR,Joe Pridgen,NC Central,,,,,,,,,,,,,,,,,,no career
1969,210.0,210.0,ATL,Cliff Parsons,Air Force,,,,,,,,,,,,,,,,,,no career
1969,211.0,211.0,BAL,Chip Case,Virginia,,,,,,,,,,,,,,,,,,no career
1969,212.0,212.0,PHO,Solomon Davis,Kentucky State University,,,,,,,,,,,,,,,,,,no career
1969,213.0,213.0,SDR,Blaine Royer,Illinois State,,,,,,,,,,,,,,,,,,no career
1969,216.0,216.0,PHO,Jim Plump,Northern Arizona University,,,,,,,,,,,,,,,,,,no career
1969,217.0,217.0,ATL,Carl Rodwell,University of California Riverside,,,,,,,,,,,,,,,,,,no career
1969,218.0,218.0,BAL,Stan McKain,Southern University and A&M College,,,,,,,,,,,,,,,,,,no career
1970,9.0,9.0,BAL,George Johnson,Stephen F. Austin,3.0,69.0,744.0,190.0,220.0,22.0,0.442,,0.431,10.8,2.8,3.2,0.3,0.6,0.036,-3.9,-0.1,ambiguous candidates
1970,22.0,22.0,CIN,Doug Cook,Davidson,,,,,,,,,,,,,,,,,,no career
1970,29.0,29.0,PHO,Joe DePre,St. John's,,,,,,,,,,,,,,,,,,no career
1970,31.0,31.0,ATL,Dan Hester,LSU,,,,,,,,,,,,,,,,,,no career
1970,32.0,32.0,DET,Ken Warzynski,DePaul,,,,,,,,,,,,,,,,,,no career
1970,34.0,34.0,NYK,Howie Wright,Austin Peay State University,,,,,,,,,,,,,,,,,,no career
1970,36.0,36.0,SFW,Earle Higgins,Eastern Michigan,,,,,,,,,,,,,,,,,,no career
1970,37.0,37.0,DET,Bob St. Pierre,Hanover College,,,,,,,,,,,,,,,,,,no career
1970,41.0,41.0,CLE,Surry Oliver,Stephen F. Austin,,,,,,,,,,,,,,,,,,no career
1970,42.0,42.0,POR,Bill Cain,Iowa State,,,,,,,,,,,,,,,,,,no career
1970,43.0,43.0,BUF,Chip Case,Virginia,,,,,,,,,,,,,,,,,,no career
1970,44.0,44.0,PHO,Greg McDivitt,Ohio University,,,,,,,,,,,,,,,,,,no career
1970,45.0,45.0,CHI,Lou Herndon,Jackson State University,,,,,,,,,,,,,,,,,,no career
1970,47.0,47.0,DET,Jim Hayes,Boston University,,,,,,,,,,,,,,,,,,no career
1970,48.0,48.0,PHO,Vann Williford,NC State,,,,,,,,,,,,,,,,,,no career
1970,49.0,49.0,BAL,Seabern Hill,Arizona State,,,,,,,,,,,,,,,,,,no career
1970,51.0,51.0,NYK,Al Williams,Drake University,,,,,,,,,,,,,,,,,,no career
1970,52.0,52.0,SDR,Jody Finney,Ohio State,,,,,,,,,,,,,,,,,,no career
1970,55.0,55.0,BOS,Jon McKinney,Norfolk State,,,,,,,,,,,,,,,,,,no career
1970,56.0,56.0,CIN,Wade Fuller,Loyola Chicago,,,,,,,,,,,,,,,,,,no career
1970,57.0,57.0,CHI,John Davis,Alabama State University,,,,,,,,,,,,,,,,,,no career
1970,58.0,58.0,BUF,Erwin Polnick,Stephen F. Austin,,,,,,,,,,,,,,,,,,no career
1970,59.0,59.0,POR,Jim Penix,Bowling Green,,,,,,,,,,,,,,,,,,no career
1970,60.0,60.0,CLE,Glenn Vidnovic,Iowa,,,,,,,,,,,,,,,,,,no career
1970,61.0,61.0,PHO,Bob Lienhard,Georgia,,,,,,,,,,,,,,,,,,no career
1970,62.0,62.0,CHI,Jimmy Wilson,Cheyney (PA),,,,,,,,,,,,,,,,,,no career
1970,63.0,63.0,PHI,Dan Crenshaw,Alabama State University,,,,,,,,,,,,,,,,,,no career
1970,65.0,65.0,ATL,Fred Davis,Howard Payne University,,,,,,,,,,,,,,,,,,no career
1970,66.0,66.0,BAL,Billy Jones,Louisiana College,,,,,,,,,,,,,,,,,,no career
1970,67.0,67.0,MIL,Virgle Fredrick,Drury University,,,,,,,,,,,,,,,,,,no career
1970,68.0,68.0,NYK,John Marren,Manhattan University,,,,,,,,,,,,,,,,,,no career
1970,69.0,69.0,SDR,James Gilbert,Adams State College,,,,,,,,,,,,,,,,,,no career
1970,71.0,71.0,DET,Bill Jankans,Cal State Long Beach,,,,,,,,,,,,,,,,,,no career
1970,72.0,72.0,BOS,Tom Carter,Paul Quinn College,,,,,,,,,,,,,,,,,,no career
1970,73.0,73.0,CIN,Uluss Thompson,Wiley College,,,,,,,,,,,,,,,,,,no career
1970,74.0,74.0,SEA,Boyd Lynch,Eastern Kentucky University,,,,,,,,,,,,,,,,,,no career
1970,75.0,75.0,CLE,Wayne Sokolowski,Ashland University,,,,,,,,,,,,,,,,,,no career
1970,77.0,77.0,BUF,Robert Moore,Central State University,,,,,,,,,,,,,,,,,,no career
1970,78.0,78.0,PHO,John Canine,Ohio University,,,,,,,,,,,,,,,,,,no career
1970,79.0,79.0,CHI,George Johnson,Dillard University,13.0,904.0,18102.0,4369.0,5887.0,929.0,0.451,,0.694,20.0,4.8,6.5,1.0,33.0,0.087,0.1,9.4,ambiguous candidates
1970,80.0,80.0,PHI,Perry Wallace,Vanderbilt,,,,,,,,,,,,,,,,,,no career
1970,81.0,81.0,LAL,John Fultz,Rhode Island,,,,,,,,,,,,,,,,,,no career
1970,84.0,84.0,MIL,Mike Grosso,Louisville,,,,,,,,,,,,,,,,,,no career
1970,85.0,85.0,NYK,Jim Oxley,United States Military Academy,,,,,,,,,,,,,,,,,,no career
1970,86.0,86.0,SDR,Mike Kretzer,East Tennessee State University,,,,,,,,,,,,,,,,,,no career
1970,88.0,88.0,DET,Sevira Brown,DePaul,,,,,,,,,,,,,,,,,,no career
1970,89.0,89.0,BOS,Rod McIntyre,Jacksonville University,,,,,,,,,,,,,,,,,,no career
1970,90.0,90.0,CIN,Charles Bishop,Louisiana Tech,,,,,,,,,,,,,,,,,,no career
1970,91.0,91.0,SEA,Sam Robinson,Cal State Long Beach,,,,,,,,,,,,,,,,,,no career
1970,92.0,92.0,BUF,Doug Hess,Toledo,,,,,,,,,,,,,,,,,,no career
1970,93.0,93.0,POR,George Janky,Dayton,,,,,,,,,,,,,,,,,,no career
1970,96.0,96.0,CHI,Lonnie Kluttz,North Carolina A&T,,,,,,,,,,,,,,,,,,no career
1970,97.0,97.0,PHI,Jerry Venable,Kansas State,,,,,,,,,,,,,,,,,,no career
1970,98.0,98.0,LAL,Jerry Kroll,Davidson,,,,,,,,,,,,,,,,,,no career
1970,99.0,99.0,ATL,Dave Parker,Windham College,,,,,,,,,,,,,,,,,,no career
1970,100.0,100.0,BAL,Marvin Polnick,Stephen F. Austin,,,,,,,,,,,,,,,,,,no career
1970,101.0,101.0,MIL,Willie Watson,Oklahoma City University,,,,,,,,,,,,,,,,,,no career
1970,102.0,102.0,NYK,Jim Signorile,NYU,,,,,,,,,,,,,,,,,,no career
1970,104.0,104.0,SFW,Joe Bergman,Creighton,,,,,,,,,,,,,,,,,,no career
1970,105.0,105.0,DET,Marv Copeland,Shaw College (MI),,,,,,,,,,,,,,,,,,no career
1970,107.0,107.0,CIN,Mike Bernard,Kentucky State University,,,,,,,,,,,,,,,,,,no career
1970,108.0,108.0,SEA,James Morgan,Maryland,,,,,,,,,,,,,,,,,,no career
1970,109.0,109.0,CLE,Narvis Anderson,Stephen F. Austin,,,,,,,,,,,,,,,,,,no career
1970,111.0,111.0,BUF,Cliff Shegogg,Colorado State,,,,,,,,,,,,,,,,,,no career
1970,112.0,112.0,PHO,Heyward Dotson,Columbia University,,,,,,,,,,,,,,,,,,no career
1970,113.0,113.0,CHI,Lou West,Seattle University,,,,,,,,,,,,,,,,,,no career
1970,114.0,114.0,PHI,Carlton Poole,Philadelphia University,,,,,,,,,,,,,,,,,,no career
1970,115.0,115.0,LAL,Willie Woods,Eastern Kentucky University,,,,,,,,,,,,,,,,,,no career
1970,116.0,116.0,ATL,John Shinall,Jackson State University,,,,,,,,,,,,,,,,,,no career
1970,117.0,117.0,BAL,Charlie Wallace,Oklahoma City University,,,,,,,,,,,,,,,,,,no career
1970,118.0,118.0,MIL,John Rinka,Kenyon College,,,,,,,,,,,,,,,,,,no career
1970,119.0,119.0,NYK,Ray Hodge,Wagner College,,,,,,,,,,,,,,,,,,no career
1970,121.0,121.0,SFW,Jeff Sewell,Marquette,,,,,,,,,,,,,,,,,,no career
1970,123.0,123.0,BOS,Bobby Croft,Tennessee,,,,,,,,,,,,,,,,,,no career
1970,124.0,124.0,CIN,Joe McBride,Augusta State University,,,,,,,,,,,,,,,,,,no career
1970,125.0,125.0,SEA,George Irvine,Washington,,,,,,,,,,,,,,,,,,no career
1970,126.0,126.0,BUF,Larry Woods,West Virginia,,,,,,,,,,,,,,,,,,no career
1970,127.0,127.0,POR,Doug Boyd,TCU,,,,,,,,,,,,,,,,,,no career
1970,128.0,128.0,CLE,Walter Robertson,Loyola Chicago,,,,,,,,,,,,,,,,,,no career
1970,130.0,130.0,CHI,Mike Casey,Kentucky,,,,,,,,,,,,,,,,,,no career
1970,131.0,131.0,PHI,Fran O'Hanlon,Villanova,,,,,,,,,,,,,,,,,,no career
1970,132.0,132.0,LAL,Rick Mount,Purdue,,,,,,,,,,,,,,,,,,no career
1970,134.0,134.0,BAL,Tom Dykstra,Wheaton College,,,,,,,,,,,,,,,,,,no career
1970,135.0,135.0,MIL,Jim Sarno,Northwestern,,,,,,,,,,,,,,,,,,no career
1970,137.0,137.0,SDR,Jim Gottschall,Dayton,,,,,,,,,,,,,,,,,,no career
1970,138.0,138.0,SFW,Lou Small,UNLV,,,,,,,,,,,,,,,,,,no career
1970,139.0,139.0,DET,Alex Winn,Dartmouth College,,,,,,,,,,,,,,,,,,no career
1970,140.0,140.0,BOS,Tom Little,Seattle University,,,,,,,,,,,,,,,,,,no career
1970,141.0,141.0,CIN,Bob Mabry,University of Rio Grande,,,,,,,,,,,,,,,,,,no career
1970,142.0,142.0,SEA,Claude Virden,Murray State,,,,,,,,,,,,,,,,,,no career
1970,143.0,143.0,CLE,Tom Lagodich,Kent State University,,,,,,,,,,,,,,,,,,no career
1970,144.0,144.0,POR,Billy Gaskins,Oregon,,,,,,,,,,,,,,,,,,no career
1970,145.0,145.0,BUF,Larry Duckworth,Henderson State University,,,,,,,,,,,,,,,,,,no career
1970,146.0,146.0,PHO,Carl Ashley,Wyoming,,,,,,,,,,,,,,,,,,no career
1970,147.0,147.0,CHI,Glen Johnson,Jackson State University,,,,,,,,,,,,,,,,,,no career
1970,148.0,148.0,PHI,Mike Hauer,Saint Joseph's,,,,,,,,,,,,,,,,,,no career
1970,149.0,149.0,LAL,Bobby Sands,Pepperdine,,,,,,,,,,,,,,,,,,no career
1970,150.0,150.0,ATL,Larry Jackson,Sul Ross State University,,,,,,,,,,,,,,,,,,no career
1970,151.0,151.0,BAL,Will Hetzel,Maryland,,,,,,,,,,,,,,,,,,no career
1970,152.0,152.0,MIL,Joe Hamilton,University of North Texas,,,,,,,,,,,,,,,,,,no career
1970,153.0,153.0,NYK,Walker Banks,Western Kentucky,,,,,,,,,,,,,,,,,,no career
1970,154.0,154.0,SDR,Toke Coleman,Eastern Kentucky University,,,,,,,,,,,,,,,,,,no career
1970,156.0,156.0,DET,Bruce Chapman,UNLV,,,,,,,,,,,,,,,,,,no career
1970,157.0,157.0,BOS,Mike Maloy,Davidson,,,,,,,,,,,,,,,,,,no career
1970,158.0,158.0,CIN,Carl Johnson,Gustavus Adolphus,,,,,,,,,,,,,,,,,,no career
1970,159.0,159.0,SEA,Chuck Lloyd,Yankton College,,,,,,,,,,,,,,,,,,no career
1970,160.0,160.0,BUF,Joe Taylor,Dillard University,,,,,,,,,,,,,,,,,,no career
1970,161.0,161.0,POR,Israel Oliver,Elizabeth City State University,,,,,,,,,,,,,,,,,,no career
1970,162.0,162.0,CLE,Ken Johnson,Indiana,,,,,,,,,,,,,,,,,,no career
1970,163.0,163.0,PHO,Gerhard Schreur,Arizona State,,,,,,,,,,,,,,,,,,no career
1970,164.0,164.0,CHI,Dale Blaut,West Texas A&M University,,,,,,,,,,,,,,,,,,no career
1970,165.0,165.0,PHI,Gordon Stiles,American University,,,,,,,,,,,,,,,,,,no career
1970,166.0,166.0,LAL,Kindell Stephens,Fisk University,,,,,,,,,,,,,,,,,,no career
1970,167.0,167.0,ATL,Manuel Raga,,,,,,,,,,,,,,,,,,,no career
1970,168.0,168.0,BAL,Ron Becker,New Mexico,,,,,,,,,,,,,,,,,,no career
1970,169.0,169.0,MIL,Bob Seemer,Georgia Tech,,,,,,,,,,,,,,,,,,no career
1970,170.0,170.0,NYK,Don Curnutt,Miami (FL),,,,,,,,,,,,,,,,,,no career
1970,171.0,171.0,SDR,Ron Belton,Bellarmine University,,,,,,,,,,,,,,,,,,no career
1970,172.0,172.0,DET,Rick Anheuser,NC State,,,,,,,,,,,,,,,,,,no career
1970,173.0,173.0,CIN,Ted Hillary,Saint Joseph's College,,,,,,,,,,,,,,,,,,no career
1970,174.0,174.0,SEA,Andy Owens,Florida,,,,,,,,,,,,,,,,,,no career
1970,175.0,175.0,CLE,Dave Schneider,Wayne State College,,,,,,,,,,,,,,,,,,no career
1970,176.0,176.0,POR,Dan McLemore,Bowling Green,,,,,,,,,,,,,,,,,,no career
1970,177.0,177.0,BUF,Dick Walker,Wake Forest,,,,,,,,,,,,,,,,,,no career
1970,178.0,178.0,PHO,Jim Walls,Clark Atlanta University,,,,,,,,,,,,,,,,,,no career
1970,179.0,179.0,CHI,Doug Howard,BYU,,,,,,,,,,,,,,,,,,no career
1970,180.0,180.0,PHI,David Whitley,Tufts University,,,,,,,,,,,,,,,,,,no career
1970,181.0,181.0,LAL,Bob Dukiet,Boston College,,,,,,,,,,,,,,,,,,no career
1970,182.0,182.0,ATL,Dino Meneghin,,,,,,,,,,,,,,,,,,,no career
1970,183.0,183.0,BAL,Mel Bell,Houston,,,,,,,,,,,,,,,,,,no career
1970,184.0,184.0,SDR,Jim Brooks,Nebraska,,,,,,,,,,,,,,,,,,no career
1970,185.0,185.0,DET,Don Ogletree,Cincinnati,,,,,,,,,,,,,,,,,,no career
1970,186.0,186.0,CIN,Reggie Roach,Virginia State University,,,,,,,,,,,,,,,,,,no career
1970,187.0,187.0,SEA,Joe Brunson,Furman University,,,,,,,,,,,,,,,,,,no career
1970,188.0,188.0,POR,Paul Adams,Central Washington University,,,,,,,,,,,,,,,,,,no career
1970,189.0,189.0,CLE,Ollie Taylor,Houston,,,,,,,,,,,,,,,,,,no career
1970,190.0,190.0,PHO,Ric Cobb,Marquette,,,,,,,,,,,,,,,,,,no career
1970,191.0,191.0,CHI,Booker Brown,Middle Tennessee,,,,,,,,,,,,,,,,,,no career
1970,192.0,192.0,LAL,Dewey Varner,Tuskegee University,,,,,,,,,,,,,,,,,,no career
1970,193.0,193.0,BAL,Ben McGilmer,Iowa,,,,,,,,,,,,,,,,,,no career
1970,194.0,194.0,SDR,Harry Lozon,Old Dominion,,,,,,,,,,,,,,,,,,no career
1970,195.0,195.0,DET,Ernest Hardy,Harvard University,,,,,,,,,,,,,,,,,,no career
1970,196.0,196.0,CIN,Larry Gray,Huston-Tillotson University,,,,,,,,,,,,,,,,,,no career
1970,197.0,197.0,SEA,Allen McManus,Winston-Salem State,,,,,,,,,,,,,,,,,,no career
1970,198.0,198.0,CLE,Kevin Wilson,Ashland University,,,,,,,,,,,,,,,,,,no career
1970,199.0,199.0,POR,Alex Boyd,Nevada,,,,,,,,,,,,,,,,,,no career
1970,200.0,200.0,PHO,Fred Carpenter,Hawaii,,,,,,,,,,,,,,,,,,no career
1970,201.0,201.0,CHI,Charles Bloodworth,Northwestern State University,,,,,,,,,,,,,,,,,,no career
1970,202.0,202.0,LAL,Gary Elliot,Washington State,,,,,,,,,,,,,,,,,,no career
1970,203.0,203.0,BAL,Don Debardelaben,Northern Arizona University,,,,,,,,,,,,,,,,,,no career
1970,204.0,204.0,SDR,Clyde Oatis,Aurora University,,,,,,,,,,,,,,,,,,no career
1970,206.0,206.0,CIN,Andy Jennings,Alderson-Broaddus College,,,,,,,,,,,,,,,,,,no career
1970,207.0,207.0,SEA,Dan Beeson,Linfield College,,,,,,,,,,,,,,,,,,no career
1970,208.0,208.0,POR,Frank Lothridge,University of Texas Rio Grande Valley,,,,,,,,,,,,,,,,,,no career
1970,209.0,209.0,CLE,Don Tomilson,Missouri,,,,,,,,,,,,,,,,,,no career
1970,210.0,210.0,PHO,Chad Calabria,Iowa,,,,,,,,,,,,,,,,,,no career
1970,211.0,211.0,CHI,Paul Funkhouser,McKendree College,,,,,,,,,,,,,,,,,,no career
1970,212.0,212.0,LAL,Ron Sanford,New Mexico,,,,,,,,,,,,,,,,,,no career
1970,213.0,213.0,BAL,Mike Williams,Northern Arizona University,,,,,,,,,,,,,,,,,,no career
1970,214.0,214.0,SDR,Jay Bond,Washington,,,,,,,,,,,,,,,,,,no career
1970,215.0,215.0,DET,Denis Clark,Springfield College,,,,,,,,,,,,,,,,,,no career
1970,216.0,216.0,CIN,Mike Neer,Washington & Lee University,,,,,,,,,,,,,,,,,,no career
1970,217.0,217.0,CLE,Steve Wannamaker,Drake University,,,,,,,,,,,,,,,,,,no career
1970,218.0,218.0,POR,Wayne Canaday,Miami (FL),,,,,,,,,,,,,,,,,,no career
1970,219.0,219.0,PHO,Walt Williams,Miami University,,,,,,,,,,,,,,,,,,no career
1970,220.0,220.0,CHI,Paul Otay,Boise State,,,,,,,,,,,,,,,,,,no career
1970,221.0,221.0,LAL,Will Teague,Youngstown State University,,,,,,,,,,,,,,,,,,no career
1970,222.0,222.0,BAL,Ted Rose,Northern Michigan University,,,,,,,,,,,,,,,,,,no career
1970,223.0,223.0,SDR,Dean Elofson,Wayne State College,,,,,,,,,,,,,,,,,,no career
1970,225.0,225.0,CIN,Paul Favorite,Georgetown,,,,,,,,,,,,,,,,,,no career
1970,226.0,226.0,POR,Doug Williams,St. Mary's University,,,,,,,,,,,,,,,,,,no career
1970,227.0,227.0,CLE,Steve Wilson,Hanover College,,,,,,,,,,,,,,,,,,no career
1970,228.0,228.0,LAL,Pete Walthour,Fort Valley State University,,,,,,,,,,,,,,,,,,no career
1970,229.0,229.0,BAL,Don Rather,Northern Arizona University,,,,,,,,,,,,,,,,,,no career
1970,230.0,230.0,SDR,Dennis Dickens,Azusa Pacific University,,,,,,,,,,,,,,,,,,no career
1970,231.0,231.0,CLE,Rich Peterson,Concordia College,,,,,,,,,,,,,,,,,,no career
1970,232.0,232.0,LAL,Bob Thati,Occidental College,,,,,,,,,,,,,,,,,,no career
1970,233.0,233.0,BAL,Vince Fritz,Oregon State,,,,,,,,,,,,,,,,,,no career
1970,234.0,234.0,SDR,Jeff Cunningham,University of California Irvine,,,,,,,,,,,,,,,,,,no career
1970,235.0,235.0,POR,Bruce Butchko,Southern Illinois,,,,,,,,,,,,,,,,,,no career
1970,236.0,236.0,CLE,Emmanuel Cannon,Grambling State University,,,,,,,,,,,,,,,,,,no career
1970,237.0,237.0,SDR,Rick Erickson,Washington State,,,,,,,,,,,,,,,,,,no career
1970,238.0,238.0,CLE,Allen Waller,Saint Mary of the Plains College,,,,,,,,,,,,,,,,,,no career
1970,239.0,239.0,POR,Mark Gabriel,Hanover College,,,,,,,,,,,,,,,,,,no career
1971,12.0,12.0,PHI,Dana Lewis,Tulsa,,,,,,,,,,,,,,,,,,no career
1971,17.0,17.0,MIL,Collis Jones,Notre Dame,,,,,,,,,,,,,,,,,,no career
1971,20.0,20.0,CHI,Willie Sojourner,Weber State,,,,,,,,,,,,,,,,,,no career
1971,26.0,26.0,BUF,Amos Thomas,Southwestern Oklahoma State University,,,,,,,,,,,,,,,,,,no career
1971,27.0,27.0,POR,Rick Fisher,Colorado State,,,,,,,,,,,,,,,,,,no career
1971,28.0,28.0,BOS,Jim Rose,Western Kentucky,,,,,,,,,,,,,,,,,,no career
1971,31.0,31.0,CIN,Joe Bergman,Creighton,,,,,,,,,,,,,,,,,,no career
1971,33.0,33.0,PHI,Marvin Stewart,Nebraska,,,,,,,,,,,,,,,,,,no career
1971,34.0,34.0,NYK,Gregg Northington,Alabama State University,,,,,,,,,,,,,,,,,,no career
1971,35.0,35.0,CLE,Willie Long,New Mexico,,,,,,,,,,,,,,,,,,no career
1971,36.0,36.0,CLE,Gerald Lockett,University of Arkansas at Pine Bluff,,,,,,,,,,,,,,,,,,no career
1971,38.0,38.0,CIN,Rich Yunkus,Georgia Tech,,,,,,,,,,,,,,,,,,no career
1971,51.0,51.0,MIL,Gary Brell,Marquette,,,,,,,,,,,,,,,,,,no career
1971,52.0,52.0,CLE,Cliff Harris,Hardin-Simmons University,,,,,,,,,,,,,,,,,,no career
1971,53.0,53.0,BUF,Jimmy O'Brien,Boston College,,,,,,,,,,,,,,,,,,no career
1971,54.0,54.0,POR,Bobby Fields,La Salle,,,,,,,,,,,,,,,,,,no career
1971,56.0,56.0,ATL,Jim Welch,Houston,,,,,,,,,,,,,,,,,,no career
1971,57.0,57.0,SEA,Pembrook Burrows,Jacksonville University,,,,,,,,,,,,,,,,,,no career
1971,59.0,59.0,GSW,Greg Gary,St. Bonaventure,,,,,,,,,,,,,,,,,,no career
1971,60.0,60.0,BAL,Willie Allen,Miami (FL),,,,,,,,,,,,,,,,,,no career
1971,62.0,62.0,DET,Jarrett Durham,Duquesne,,,,,,,,,,,,,,,,,,no career
1971,63.0,63.0,PHI,Erwin Johnson,Augusta State University,,,,,,,,,,,,,,,,,,no career
1971,65.0,65.0,PHO,Walt Szczerbiak,George Washington,,,,,,,,,,,,,,,,,,no career
1971,66.0,66.0,CHI,Jim Irving,Saint Louis,,,,,,,,,,,,,,,,,,no career
1971,67.0,67.0,NYK,Steve Niles,Texas A&M,,,,,,,,,,,,,,,,,,no career
1971,68.0,68.0,MIL,Henry Smith,Missouri,,,,,,,,,,,,,,,,,,no career
1971,69.0,69.0,CLE,Brian Mahoney,Manhattan University,,,,,,,,,,,,,,,,,,no career
1971,70.0,70.0,BUF,Garry Nelson,Duquesne,,,,,,,,,,,,,,,,,,no career
1971,71.0,71.0,POR,Hector Blondet,Murray State,,,,,,,,,,,,,,,,,,no career
1971,72.0,72.0,CIN,Jimmie Guymon,Eastern New Mexico University,,,,,,,,,,,,,,,,,,no career
1971,73.0,73.0,CIN,Tyrone Marioneaux,Loyola New Orleans,,,,,,,,,,,,,,,,,,no career
1971,74.0,74.0,SEA,Jeff Smith,New Mexico State,,,,,,,,,,,,,,,,,,no career
1971,75.0,75.0,HOU,Rudy Benjamin,Michigan State,,,,,,,,,,,,,,,,,,no career
1971,77.0,77.0,BAL,Don Johnson,Tennessee,,,,,,,,,,,,,,,,,,no career
1971,78.0,78.0,HOU,Greg Nelson,Jacksonville University,,,,,,,,,,,,,,,,,,no career
1971,79.0,79.0,DET,Vincent White,Savannah State University,,,,,,,,,,,,,,,,,,no career
1971,80.0,80.0,PHI,Richard Hood,Phillips University,,,,,,,,,,,,,,,,,,no career
1971,81.0,81.0,LAL,Lee Dedmon,UNC,,,,,,,,,,,,,,,,,,no career
1971,82.0,82.0,PHO,Ken Gardner,Utah,,,,,,,,,,,,,,,,,,no career
1971,83.0,83.0,CHI,Larry Weatherford,Purdue,,,,,,,,,,,,,,,,,,no career
1971,84.0,84.0,PHO,Bob Kissane,Holy Cross,,,,,,,,,,,,,,,,,,no career
1971,86.0,86.0,CLE,Mike Childress,Colorado State,,,,,,,,,,,,,,,,,,no career
1971,87.0,87.0,BUF,Glen Summors,Gannon University,,,,,,,,,,,,,,,,,,no career
1971,88.0,88.0,POR,Jim Day,Morehead State University,,,,,,,,,,,,,,,,,,no career
1971,90.0,90.0,ATL,Willie Humes,Idaho,,,,,,,,,,,,,,,,,,no career
1971,91.0,91.0,SEA,Mike Necaise,William Carey College,,,,,,,,,,,,,,,,,,no career
1971,92.0,92.0,HOU,Gary Reist,Rice University,,,,,,,,,,,,,,,,,,no career
1971,94.0,94.0,BAL,John Novey,Mount St. Mary's University,,,,,,,,,,,,,,,,,,no career
1971,95.0,95.0,BOS,Thorpe Weber,Vanderbilt,,,,,,,,,,,,,,,,,,no career
1971,96.0,96.0,DET,Jim Larranaga,Providence,,,,,,,,,,,,,,,,,,no career
1971,98.0,98.0,LAL,Bill Brickhouse,Montana State,,,,,,,,,,,,,,,,,,no career
1971,99.0,99.0,PHO,William Graham,Kentucky State University,,,,,,,,,,,,,,,,,,no career
1971,100.0,100.0,CHI,Jim England,Tennessee,,,,,,,,,,,,,,,,,,no career
1971,101.0,101.0,NYK,Bill Mainor,Fordham,,,,,,,,,,,,,,,,,,no career
1971,102.0,102.0,MIL,Ed Kemp,Adams State College,,,,,,,,,,,,,,,,,,no career
1971,103.0,103.0,CLE,Tom Bush,Drake University,,,,,,,,,,,,,,,,,,no career
1971,105.0,105.0,POR,Gene Knolle,Texas Tech,,,,,,,,,,,,,,,,,,no career
1971,106.0,106.0,CIN,Ollie Shannon,Minnesota,,,,,,,,,,,,,,,,,,no career
1971,107.0,107.0,ATL,Mike Jordan,Savannah State University,,,,,,,,,,,,,,,,,,no career
1971,108.0,108.0,SEA,John Duncan,Kentucky Wesleyan College,,,,,,,,,,,,,,,,,,no career
1971,109.0,109.0,HOU,Eric Hill,Minnesota,,,,,,,,,,,,,,,,,,no career
1971,110.0,110.0,GSW,Ken May,Dayton,,,,,,,,,,,,,,,,,,no career
1971,111.0,111.0,BAL,Dennis Hogg,Washington State,,,,,,,,,,,,,,,,,,no career
1971,112.0,112.0,BOS,Ahmad Aliyy,Florida State,,,,,,,,,,,,,,,,,,no career
1971,113.0,113.0,DET,Steve Kelly,BYU,,,,,,,,,,,,,,,,,,no career
1971,114.0,114.0,PHI,Curtis Ford,Northeastern State University,,,,,,,,,,,,,,,,,,no career
1971,115.0,115.0,LAL,Gene Gathers,Bradley,,,,,,,,,,,,,,,,,,no career
1971,116.0,116.0,PHO,Ralph Brateris,Trenton State University,,,,,,,,,,,,,,,,,,no career
1971,118.0,118.0,NYK,Danny Davis,Henderson State University,,,,,,,,,,,,,,,,,,no career
1971,119.0,119.0,MIL,Gene Phillips,SMU,,,,,,,,,,,,,,,,,,no career
1971,121.0,121.0,BUF,Craig Love,Ohio University,,,,,,,,,,,,,,,,,,no career
1971,122.0,122.0,POR,John Sutter,Tulane,,,,,,,,,,,,,,,,,,no career
1971,123.0,123.0,CIN,Frank Fitzgerald,Boston College,,,,,,,,,,,,,,,,,,no career
1971,124.0,124.0,ATL,Jim Smith,Kentucky Wesleyan College,,,,,,,,,,,,,,,,,,no career
1971,126.0,126.0,HOU,Rick Katherman,Duke,,,,,,,,,,,,,,,,,,no career
1971,127.0,127.0,GSW,Jim Haderlein,Loyola Marymount,,,,,,,,,,,,,,,,,,no career
1971,128.0,128.0,BAL,Russell Golden,Jackson State University,,,,,,,,,,,,,,,,,,no career
1971,129.0,129.0,BOS,John Ribock,South Carolina,,,,,,,,,,,,,,,,,,no career
1971,130.0,130.0,DET,Wayne Jones,Niagara University,,,,,,,,,,,,,,,,,,no career
1971,132.0,132.0,LAL,Luke Adams,Lamar,,,,,,,,,,,,,,,,,,no career
1971,133.0,133.0,PHO,Vernell Ellzy,Florida State,,,,,,,,,,,,,,,,,,no career
1971,134.0,134.0,CHI,Clarence Sherrod,Wisconsin,,,,,,,,,,,,,,,,,,no career
1971,135.0,135.0,NYK,Leroy Eldridge,Cheyney (PA),,,,,,,,,,,,,,,,,,no career
1971,136.0,136.0,MIL,Felix Thurston,Trinity University,,,,,,,,,,,,,,,,,,no career
1971,137.0,137.0,CLE,Rich Walker,Bowling Green,,,,,,,,,,,,,,,,,,no career
1971,138.0,138.0,BUF,Gary Stewart,Canisius,,,,,,,,,,,,,,,,,,no career
1971,140.0,140.0,ATL,Ernie Fleming,Jacksonville University,,,,,,,,,,,,,,,,,,no career
1971,141.0,141.0,SEA,Larry Holliday,Oregon,,,,,,,,,,,,,,,,,,no career
1971,142.0,142.0,HOU,Willie Cherry,Denver,,,,,,,,,,,,,,,,,,no career
1971,143.0,143.0,GSW,Clarence Smith,Villanova,,,,,,,,,,,,,,,,,,no career
1971,144.0,144.0,BAL,Ron Johnson,Murray State,,,,,,,,,,,,,,,,,,no career
1971,145.0,145.0,BOS,Ray Greene,California University of Pennslyvania,,,,,,,,,,,,,,,,,,no career
1971,146.0,146.0,DET,Paul Botts,Central Michigan University,,,,,,,,,,,,,,,,,,no career
1971,147.0,147.0,PHI,Tom Lee,Arizona,,,,,,,,,,,,,,,,,,no career
1971,148.0,148.0,LAL,Bob Cheeks,Whittier College,,,,,,,,,,,,,,,,,,no career
1971,149.0,149.0,PHO,Mike Johnson,Kansas State,,,,,,,,,,,,,,,,,,no career
1971,151.0,151.0,NYK,Mike O'Brien,Saint Leo University,,,,,,,,,,,,,,,,,,no career
1971,152.0,152.0,MIL,Rick Howat,Illinois,,,,,,,,,,,,,,,,,,no career
1971,153.0,153.0,CLE,Jim Meredith,Washington State,,,,,,,,,,,,,,,,,,no career
1971,154.0,154.0,BUF,Don Ward,Colgate,,,,,,,,,,,,,,,,,,no career
1971,155.0,155.0,POR,Greg Starrick,Southern Illinois,,,,,,,,,,,,,,,,,,no career
1971,156.0,156.0,ATL,Ron Rippetoe,Lipscomb,,,,,,,,,,,,,,,,,,no career
1971,157.0,157.0,SEA,Ed Huston,University of Puget Sound,,,,,,,,,,,,,,,,,,no career
1971,158.0,158.0,HOU,Calvin Oliver,University of Texas Rio Grande Valley,,,,,,,,,,,,,,,,,,no career
1971,159.0,159.0,GSW,Bill Drozdiak,Oregon,,,,,,,,,,,,,,,,,,no career
1971,160.0,160.0,BAL,Eddie Myers,Arizona,,,,,,,,,,,,,,,,,,no career
1971,161.0,161.0,BOS,Dale Dover,Harvard University,,,,,,,,,,,,,,,,,,no career
1971,162.0,162.0,DET,Steve Butcher,Pikeville College,,,,,,,,,,,,,,,,,,no career
1971,163.0,163.0,PHI,Jim Dinwiddie,Kentucky,,,,,,,,,,,,,,,,,,no career
1971,164.0,164.0,LAL,Cliff Mosley,Quinnipiac University,,,,,,,,,,,,,,,,,,no career
1971,165.0,165.0,PHO,Tom Newell,Hawaii,,,,,,,,,,,,,,,,,,no career
1971,166.0,166.0,CHI,David Withers,University of Delaware,,,,,,,,,,,,,,,,,,no career
1971,167.0,167.0,NYK,Andy Toth,Cheyney (PA),,,,,,,,,,,,,,,,,,no career
1971,168.0,168.0,MIL,Dan Fife,Michigan,,,,,,,,,,,,,,,,,,no career
1971,169.0,169.0,CLE,Mike Casey,Kentucky,,,,,,,,,,,,,,,,,,no career
1971,170.0,170.0,BUF,Bill Warner,Arizona,,,,,,,,,,,,,,,,,,no career
1971,171.0,171.0,POR,Howard Burford,Gonzaga,,,,,,,,,,,,,,,,,,no career
1971,172.0,172.0,ATL,Levi Wyatt,Alcorn State,,,,,,,,,,,,,,,,,,no career
1971,173.0,173.0,SEA,Jerome Perry,Western Kentucky,,,,,,,,,,,,,,,,,,no career
1971,174.0,174.0,HOU,Doug Rex,UC Santa Barbara,,,,,,,,,,,,,,,,,,no career
1971,175.0,175.0,BAL,Chuck Olkowski,University of Baltimore,,,,,,,,,,,,,,,,,,no career
1971,176.0,176.0,BOS,Reggie Brooks,Southern New Hampshire University,,,,,,,,,,,,,,,,,,no career
1971,177.0,177.0,DET,Larry Saunders,Duke,,,,,,,,,,,,,,,,,,no career
1971,178.0,178.0,PHI,Dana Pagett,USC,,,,,,,,,,,,,,,,,,no career
1971,179.0,179.0,PHO,Paul Litz,Western Carolina University,,,,,,,,,,,,,,,,,,no career
1971,180.0,180.0,CHI,Al Smith,Bradley,,,,,,,,,,,,,,,,,,no career
1971,181.0,181.0,NYK,Ken Davis,Georgetown College,,,,,,,,,,,,,,,,,,no career
1971,182.0,182.0,MIL,Blaine Henry,Marshall,,,,,,,,,,,,,,,,,,no career
1971,183.0,183.0,CLE,Doug Hess,Toledo,,,,,,,,,,,,,,,,,,no career
1971,184.0,184.0,BUF,Butch Webster,LSU,,,,,,,,,,,,,,,,,,no career
1971,185.0,185.0,POR,Don Sechler,Delaware Valley College,,,,,,,,,,,,,,,,,,no career
1971,186.0,186.0,ATL,Roger Moore,Columbus State University,,,,,,,,,,,,,,,,,,no career
1971,187.0,187.0,HOU,Chris Schrobilgen,USC,,,,,,,,,,,,,,,,,,no career
1971,188.0,188.0,BAL,Bob Connor,Loyola (MD),,,,,,,,,,,,,,,,,,no career
1971,189.0,189.0,BOS,John Dalton,Suffolk University,,,,,,,,,,,,,,,,,,no career
1971,190.0,190.0,DET,Bob Horn,Drake University,,,,,,,,,,,,,,,,,,no career
1971,191.0,191.0,PHI,Ken Kowall,Ohio University,,,,,,,,,,,,,,,,,,no career
1971,192.0,192.0,PHO,Floyd Mason,Alcorn State,,,,,,,,,,,,,,,,,,no career
1971,193.0,193.0,CHI,Ken Riley,Middle Tennessee,,,,,,,,,,,,,,,,,,no career
1971,194.0,194.0,NYK,Carl Greenfield,Eastern Kentucky University,,,,,,,,,,,,,,,,,,no career
1971,195.0,195.0,MIL,Gene Mumford,University of Scranton,,,,,,,,,,,,,,,,,,no career
1971,197.0,197.0,BUF,Pete Smith,Valdosta State University,,,,,,,,,,,,,,,,,,no career
1971,198.0,198.0,ATL,Ed Jenkins,Shaw College (MI),,,,,,,,,,,,,,,,,,no career
1971,199.0,199.0,HOU,Lee McCullough,Indiana,,,,,,,,,,,,,,,,,,no career
1971,200.0,200.0,BAL,Tom Crosswhite,Dayton,,,,,,,,,,,,,,,,,,no career
1971,201.0,201.0,BOS,Leroy Chalk,Nebraska,,,,,,,,,,,,,,,,,,no career
1971,202.0,202.0,DET,Willie Roberson,Wyoming,,,,,,,,,,,,,,,,,,no career
1971,203.0,203.0,PHI,Hank Commodore,Northwestern Oklahoma State University,,,,,,,,,,,,,,,,,,no career
1971,204.0,204.0,PHO,Ron Dorsey,Tennessee State,,,,,,,,,,,,,,,,,,no career
1971,205.0,205.0,CHI,Ed Goode,DePaul,,,,,,,,,,,,,,,,,,no career
1971,206.0,206.0,NYK,Larry Duckworth,Henderson State University,,,,,,,,,,,,,,,,,,no career
1971,207.0,207.0,MIL,Pierre Russell,Kansas,,,,,,,,,,,,,,,,,,no career
1971,208.0,208.0,CLE,Bubbles Harris,Indiana,,,,,,,,,,,,,,,,,,no career
1971,209.0,209.0,BUF,Ray Lavender,Drury University,,,,,,,,,,,,,,,,,,no career
1971,210.0,210.0,HOU,Gene Roberson,Canisius,,,,,,,,,,,,,,,,,,no career
1971,211.0,211.0,BAL,Rudolph Peele,Norfolk State,,,,,,,,,,,,,,,,,,no career
1971,212.0,212.0,DET,Art Davis,Johnson C. Smith University,,,,,,,,,,,,,,,,,,no career
1971,213.0,213.0,PHO,Ken Booker,UCLA,,,,,,,,,,,,,,,,,,no career
1971,214.0,214.0,CHI,Richard Dixon,Loyola Marymount,,,,,,,,,,,,,,,,,,no career
1971,215.0,215.0,NYK,Jack O'Connor,University of Great Falls,,,,,,,,,,,,,,,,,,no career
1971,216.0,216.0,MIL,George Jackson,Dayton,,,,,,,,,,,,,,,,,,no career
1971,217.0,217.0,CLE,Larry Baker,Wittenberg University,,,,,,,,,,,,,,,,,,no career
1971,218.0,218.0,BUF,William Chatmon,Baylor,,,,,,,,,,,,,,,,,,no career
1971,219.0,219.0,HOU,Bill Quigg,Gonzaga,,,,,,,,,,,,,,,,,,no career
1971,220.0,220.0,BAL,Morrell James,Norfolk State,,,,,,,,,,,,,,,,,,no career
1971,221.0,221.0,DET,James Fleming,Alcorn State,,,,,,,,,,,,,,,,,,no career
1971,222.0,222.0,PHO,Curtis Carter,Bishop College,,,,,,,,,,,,,,,,,,no career
1971,223.0,223.0,CHI,Lisco Thomas,Furman University,,,,,,,,,,,,,,,,,,no career
1971,224.0,224.0,MIL,Loyd King,Virginia Tech,,,,,,,,,,,,,,,,,,no career
1971,225.0,225.0,CLE,Tyree Vance,University of Wisconsin-LaCrosse,,,,,,,,,,,,,,,,,,no career
1971,226.0,226.0,BUF,James Douglas,Memphis,,,,,,,,,,,,,,,,,,no career
1971,227.0,227.0,HOU,Leonard Jackson,Oregon,,,,,,,,,,,,,,,,,,no career
1971,228.0,228.0,DET,Fred Smiley,Davenport University,,,,,,,,,,,,,,,,,,no career
1971,229.0,229.0,CHI,Bob Bissant,Loyola New Orleans,,,,,,,,,,,,,,,,,,no career
1971,230.0,230.0,BUF,Nelson Isley,LSU,,,,,,,,,,,,,,,,,,no career
1971,231.0,231.0,HOU,Steve Sims,Pepperdine,,,,,,,,,,,,,,,,,,no career
1971,232.0,232.0,DET,Leroy Jenkins,Davenport University,,,,,,,,,,,,,,,,,,no career
1971,233.0,233.0,BUF,Joey Meyer,DePaul,,,,,,,,,,,,,,,,,,no career
1971,234.0,234.0,HOU,Carlos Quintanar,,,,,,,,,,,,,,,,,,,no career
1971,235.0,235.0,DET,Ike Bundy,Detroit Institute of Technology,,,,,,,,,,,,,,,,,,no career
1971,236.0,236.0,HOU,Gary Schneider,San Diego State,,,,,,,,,,,,,,,,,,no career
1971,237.0,237.0,DET,Ed Jenkins,Shaw,,,,,,,,,,,,,,,,,,no career
1972,27.0,27.0,BOS,Dennis Wuycik,UNC,,,,,,,,,,,,,,,,,,no career
1972,32.0,32.0,BUF,Bob Morse,Penn,,,,,,,,,,,,,,,,,,no career
1972,36.0,36.0,PHI,Charlie Tharpe,Belhaven College,,,,,,,,,,,,,,,,,,no career
1972,41.0,41.0,NYK,Ansley Truitt,California,,,,,,,,,,,,,,,,,,no career
1972,44.0,44.0,BOS,Wayne Grabiec,Michigan,,,,,,,,,,,,,,,,,,no career
1972,45.0,45.0,CHI,Chuck Jura,Nebraska,,,,,,,,,,,,,,,,,,no career
1972,46.0,46.0,MIL,George Adams,Gardner-Webb University,,,,,,,,,,,,,,,,,,no career
1972,47.0,47.0,LAL,Gregg Northington,Alabama State University,,,,,,,,,,,,,,,,,,no career
1972,48.0,48.0,POR,Gary Stewart,Canisius,,,,,,,,,,,,,,,,,,no career
1972,49.0,49.0,BUF,George Bryant,Eastern Kentucky University,,,,,,,,,,,,,,,,,,no career
1972,50.0,50.0,CLE,Hank Siemiontkowski,Villanova,,,,,,,,,,,,,,,,,,no career
1972,51.0,51.0,DET,Ernie Fleming,Jacksonville University,,,,,,,,,,,,,,,,,,no career
1972,52.0,52.0,PHI,Marshall Wingate,Niagara University,,,,,,,,,,,,,,,,,,no career
1972,54.0,54.0,HOU,Wil Robinson,West Virginia,,,,,,,,,,,,,,,,,,no career
1972,55.0,55.0,ATL,Reggie Bird,Princeton,,,,,,,,,,,,,,,,,,no career
1972,56.0,56.0,BAL,Al Sanders,LSU,,,,,,,,,,,,,,,,,,no career
1972,57.0,57.0,SEA,Joe Mackey,USC,,,,,,,,,,,,,,,,,,no career
1972,59.0,59.0,PHO,Matt Gantt,St. Bonaventure,,,,,,,,,,,,,,,,,,no career
1972,61.0,61.0,BOS,Nate Stephens,Cal State Long Beach,,,,,,,,,,,,,,,,,,no career
1972,62.0,62.0,CHI,Ted Martiniuk,Saint Peter's College,,,,,,,,,,,,,,,,,,no career
1972,63.0,63.0,MIL,Art White,Georgetown,,,,,,,,,,,,,,,,,,no career
1972,64.0,64.0,POR,Mike Reid,University of California Riverside,,,,,,,,,,,,,,,,,,no career
1972,65.0,65.0,BUF,Arnie Berman,Brown University,,,,,,,,,,,,,,,,,,no career
1972,66.0,66.0,CLE,Sam Cash,University of California Riverside,,,,,,,,,,,,,,,,,,no career
1972,67.0,67.0,DET,Ernest Pettis,Western Michigan,,,,,,,,,,,,,,,,,,no career
1972,68.0,68.0,KCO,David Bustion,Denver,,,,,,,,,,,,,,,,,,no career
1972,69.0,69.0,PHI,Joe Bynes,University of Arkansas at Pine Bluff,,,,,,,,,,,,,,,,,,no career
1972,71.0,71.0,ATL,Bob Lackey,Marquette,,,,,,,,,,,,,,,,,,no career
1972,72.0,72.0,BAL,Walter Jones,Long Island University,,,,,,,,,,,,,,,,,,no career
1972,73.0,73.0,SEA,Gary Ladd,Seattle University,,,,,,,,,,,,,,,,,,no career
1972,74.0,74.0,NYK,Bob Ford,Purdue,,,,,,,,,,,,,,,,,,no career
1972,75.0,75.0,PHO,Wardell Dyson,Shaw,,,,,,,,,,,,,,,,,,no career
1972,77.0,77.0,BOS,Bryan Adrian,Davidson,,,,,,,,,,,,,,,,,,no career
1972,79.0,79.0,MIL,Ron Harris,Wichita State,,,,,,,,,,,,,,,,,,no career
1972,80.0,80.0,LAL,Glen Summors,Gannon University,,,,,,,,,,,,,,,,,,no career
1972,81.0,81.0,POR,Joe Gaines,Belmont,,,,,,,,,,,,,,,,,,no career
1972,82.0,82.0,BUF,Ed Czernota,Sacred Heart University,,,,,,,,,,,,,,,,,,no career
1972,83.0,83.0,CLE,Tom Parker,Kentucky,,,,,,,,,,,,,,,,,,no career
1972,84.0,84.0,DET,Terry Benton,Wichita State,,,,,,,,,,,,,,,,,,no career
1972,85.0,85.0,PHI,John Glover,Wiley College,,,,,,,,,,,,,,,,,,no career
1972,86.0,86.0,KCO,Jerry Crocker,Guilford College,,,,,,,,,,,,,,,,,,no career
1972,87.0,87.0,HOU,Mike Collins,Seattle University,,,,,,,,,,,,,,,,,,no career
1972,88.0,88.0,ATL,Randy Knoll,Marshall,,,,,,,,,,,,,,,,,,no career
1972,89.0,89.0,BAL,Dwaine Dillard,Eastern Michigan,,,,,,,,,,,,,,,,,,no career
1972,90.0,90.0,SEA,Ron Thomas,Louisville,,,,,,,,,,,,,,,,,,no career
1972,91.0,91.0,NYK,Greg Cluess,St. John's,,,,,,,,,,,,,,,,,,no career
1972,92.0,92.0,PHO,Charles Edge,LeMoyne-Owen College,,,,,,,,,,,,,,,,,,no career
1972,93.0,93.0,GSW,Henry Bacon,Louisville,,,,,,,,,,,,,,,,,,no career
1972,94.0,94.0,BOS,Don Holcomb,Memphis,,,,,,,,,,,,,,,,,,no career
1972,95.0,95.0,CHI,Mike Stewart,Santa Clara,,,,,,,,,,,,,,,,,,no career
1972,96.0,96.0,BOS,Wally Rice,Widener University,,,,,,,,,,,,,,,,,,no career
1972,97.0,97.0,LAL,Sam Simmons,Bradley,,,,,,,,,,,,,,,,,,no career
1972,98.0,98.0,POR,Bob Lynn,Cal State Long Beach,,,,,,,,,,,,,,,,,,no career
1972,99.0,99.0,BUF,Greg Kohls,Syracuse,,,,,,,,,,,,,,,,,,no career
1972,100.0,100.0,CLE,Steve Davidson,West Texas A&M University,,,,,,,,,,,,,,,,,,no career
1972,101.0,101.0,DET,Bruce Anderson,Arizona,,,,,,,,,,,,,,,,,,no career
1972,102.0,102.0,KCO,Mike Sneed,Fayetteville State University,,,,,,,,,,,,,,,,,,no career
1972,103.0,103.0,PHI,Curtis Pritchett,Saint Augustine's College,,,,,,,,,,,,,,,,,,no career
1972,104.0,104.0,HOU,Mike Jackson,California State University Los Angeles,,,,,,,,,,,,,,,,,,no career
1972,105.0,105.0,ATL,Billy Pleas,Detroit Mercy,,,,,,,,,,,,,,,,,,no career
1972,106.0,106.0,BAL,Marvin Brown,Jackson State University,,,,,,,,,,,,,,,,,,no career
1972,107.0,107.0,SEA,Jerry Dunn,Western Kentucky,,,,,,,,,,,,,,,,,,no career
1972,108.0,108.0,NYK,Tracy Tripucka,Lafayette College,,,,,,,,,,,,,,,,,,no career
1972,110.0,110.0,GSW,Bill Franklin,Purdue,,,,,,,,,,,,,,,,,,no career
1972,111.0,111.0,BOS,Steve Previs,UNC,,,,,,,,,,,,,,,,,,no career
1972,112.0,112.0,CHI,Jerry Pender,Fresno State,,,,,,,,,,,,,,,,,,no career
1972,114.0,114.0,POR,Ruben Vance,Kent State University,,,,,,,,,,,,,,,,,,no career
1972,115.0,115.0,BUF,Andy Denny,University of South Alabama,,,,,,,,,,,,,,,,,,no career
1972,116.0,116.0,CLE,Roger Evans,Kent State University,,,,,,,,,,,,,,,,,,no career
1972,118.0,118.0,PHI,Jim Kopp,Rockhurst University,,,,,,,,,,,,,,,,,,no career
1972,119.0,119.0,KCO,Jerry Clack,Oklahoma State,,,,,,,,,,,,,,,,,,no career
1972,120.0,120.0,HOU,Henry Harris,Auburn,,,,,,,,,,,,,,,,,,no career
1972,121.0,121.0,ATL,Oscar Evans,Butler,,,,,,,,,,,,,,,,,,no career
1972,122.0,122.0,BAL,Jim Floyd,Shaw,,,,,,,,,,,,,,,,,,no career
1972,123.0,123.0,SEA,Willie Stoudamire,Portland State,,,,,,,,,,,,,,,,,,no career
1972,124.0,124.0,NYK,Tom Corde,Ohio University,,,,,,,,,,,,,,,,,,no career
1972,125.0,125.0,PHO,Russell Golden,Jackson State University,,,,,,,,,,,,,,,,,,no career
1972,126.0,126.0,GSW,John Burks,San Francisco,,,,,,,,,,,,,,,,,,no career
1972,127.0,127.0,BOS,Sam McCamey,Oral Roberts,,,,,,,,,,,,,,,,,,no career
1972,128.0,128.0,CHI,Cavin Andersen,Valley City State University,,,,,,,,,,,,,,,,,,no career
1972,129.0,129.0,MIL,Charles Kirkland,Cheyney (PA),,,,,,,,,,,,,,,,,,no career
1972,130.0,130.0,POR,Scott McCandlish,Virginia,,,,,,,,,,,,,,,,,,no career
1972,131.0,131.0,BUF,John Collins,State University of New York at Brockport,,,,,,,,,,,,,,,,,,no career
1972,132.0,132.0,CLE,Greg Starrick,Southern Illinois,,,,,,,,,,,,,,,,,,no career
1972,133.0,133.0,DET,Jesse Mangham,Ferris State University,,,,,,,,,,,,,,,,,,no career
1972,134.0,134.0,KCO,Steve McMahon,Merrimack College,,,,,,,,,,,,,,,,,,no career
1972,135.0,135.0,PHI,Rod Murray,UCLA,,,,,,,,,,,,,,,,,,no career
1972,136.0,136.0,ATL,Larry Strozier,Morehouse College,,,,,,,,,,,,,,,,,,no career
1972,137.0,137.0,BAL,Ruppert Breedlove,Oglethorpe University,,,,,,,,,,,,,,,,,,no career
1972,138.0,138.0,SEA,Dwight Holiday,Hawaii,,,,,,,,,,,,,,,,,,no career
1972,139.0,139.0,NYK,Tom Sullivan,Fordham,,,,,,,,,,,,,,,,,,no career
1972,140.0,140.0,PHO,Bill Kennedy,Arizona,,,,,,,,,,,,,,,,,,no career
1972,141.0,141.0,GSW,Bill Duwe,California,,,,,,,,,,,,,,,,,,no career
1972,142.0,142.0,CHI,Ralph Houston,West Texas A&M University,,,,,,,,,,,,,,,,,,no career
1972,143.0,143.0,MIL,Jim Regenold,Ball State University,,,,,,,,,,,,,,,,,,no career
1972,144.0,144.0,POR,Kresimir Cosic,BYU,,,,,,,,,,,,,,,,,,no career
1972,145.0,145.0,CLE,Kent Martens,Abilene Christian University,,,,,,,,,,,,,,,,,,no career
1972,146.0,146.0,DET,Kent Hollenbeck,Kentucky,,,,,,,,,,,,,,,,,,no career
1972,147.0,147.0,PHI,Gary Watson,Wisconsin,,,,,,,,,,,,,,,,,,no career
1972,148.0,148.0,KCO,David Hall,Kansas State,,,,,,,,,,,,,,,,,,no career
1972,149.0,149.0,ATL,Jim Clesson,Tulsa,,,,,,,,,,,,,,,,,,no career
1972,150.0,150.0,BAL,Wilbert Loftin,Louisiana,,,,,,,,,,,,,,,,,,no career
1972,151.0,151.0,SEA,Dan Steward,Washington State,,,,,,,,,,,,,,,,,,no career
1972,152.0,152.0,NYK,Richie Garner,Manhattan University,,,,,,,,,,,,,,,,,,no career
1972,153.0,153.0,PHO,Al Vilcheck,Louisville,,,,,,,,,,,,,,,,,,no career
1972,154.0,154.0,BOS,Marty Hunt,Kenyon College,,,,,,,,,,,,,,,,,,no career
1972,155.0,155.0,CHI,Chuck Taylor,West Liberty State College,,,,,,,,,,,,,,,,,,no career
1972,156.0,156.0,MIL,Jolly Spight,Santa Clara,,,,,,,,,,,,,,,,,,no career
1972,157.0,157.0,POR,Jimmy Wilkins,San Diego State,,,,,,,,,,,,,,,,,,no career
1972,158.0,158.0,BUF,Jim Prokell,Edinboro University of Pennsylvania,,,,,,,,,,,,,,,,,,no career
1972,159.0,159.0,KCO,Floyd Mathew,Northern Arizona University,,,,,,,,,,,,,,,,,,no career
1972,160.0,160.0,ATL,Charles Allen,Texas Southern,,,,,,,,,,,,,,,,,,no career
1972,161.0,161.0,BAL,Arvin Watkins,Jackson State University,,,,,,,,,,,,,,,,,,no career
1972,162.0,162.0,SEA,Steve Turner,Vanderbilt,,,,,,,,,,,,,,,,,,no career
1972,163.0,163.0,NYK,Chic Downing,Benedictine College,,,,,,,,,,,,,,,,,,no career
1972,164.0,164.0,PHO,John Belcher,Arkansas State University,,,,,,,,,,,,,,,,,,no career
1972,166.0,166.0,CHI,Jackie Young,Rocky Mountain College,,,,,,,,,,,,,,,,,,no career
1972,167.0,167.0,BUF,Frank DeWitt,Virginia,,,,,,,,,,,,,,,,,,no career
1972,168.0,168.0,KCO,Len Baltimore,George Washington,,,,,,,,,,,,,,,,,,no career
1972,169.0,169.0,ATL,James Green,Paine College,,,,,,,,,,,,,,,,,,no career
1972,170.0,170.0,BAL,Lloyd Adams,Rhode Island,,,,,,,,,,,,,,,,,,no career
1972,171.0,171.0,SEA,Greg Daust,Missouri-St. Louis,,,,,,,,,,,,,,,,,,no career
1972,172.0,172.0,PHO,Mark Soderberg,Utah,,,,,,,,,,,,,,,,,,no career
1972,173.0,173.0,BOS,Phil Stephens,South Carolina State,,,,,,,,,,,,,,,,,,no career
1972,174.0,174.0,CHI,Al Cotler,Penn,,,,,,,,,,,,,,,,,,no career
1972,175.0,175.0,POR,Larry Morris,Tulsa,,,,,,,,,,,,,,,,,,no career
1972,176.0,176.0,BUF,Kim Huband,UNC,,,,,,,,,,,,,,,,,,no career
1972,177.0,177.0,KCO,Kent Scott,Pitt,,,,,,,,,,,,,,,,,,no career
1972,178.0,178.0,BAL,Mike Krawczyk,Loyola (MD),,,,,,,,,,,,,,,,,,no career
1972,179.0,179.0,PHO,Kelly Utley,Shaw,,,,,,,,,,,,,,,,,,no career
1972,181.0,181.0,POR,Paul Kelley,Shaw,,,,,,,,,,,,,,,,,,no career
1972,182.0,182.0,BUF,Craig Corson,UNC,,,,,,,,,,,,,,,,,,no career
1972,184.0,184.0,BAL,Aubrey Nash,Kansas,,,,,,,,,,,,,,,,,,no career
1972,185.0,185.0,SEA,Cleveland Hill,Nicholls State,,,,,,,,,,,,,,,,,,no career
1972,186.0,186.0,PHO,Ray Golson,West Texas A&M University,,,,,,,,,,,,,,,,,,no career
1972,187.0,187.0,CHI,Andrew Pettes,Oklahoma,,,,,,,,,,,,,,,,,,no career
1972,188.0,188.0,POR,Rich Habegger,Wake Forest,,,,,,,,,,,,,,,,,,no career
1972,189.0,189.0,BUF,Paul Hoffman,St. Bonaventure,,,,,,,,,,,,,,,,,,no career
1972,190.0,190.0,KCO,Mike Jeffries,Oklahoma State,,,,,,,,,,,,,,,,,,no career
1972,191.0,191.0,BAL,Gary Handleman,Johns Hopkins University,,,,,,,,,,,,,,,,,,no career
1972,192.0,192.0,CHI,Greg Lowery,Texas Tech,,,,,,,,,,,,,,,,,,no career
1972,193.0,193.0,POR,Mose Adolph,California State University Los Angeles,,,,,,,,,,,,,,,,,,no career
1972,194.0,194.0,BUF,Norman Bounds,State University of New York at Brockport,,,,,,,,,,,,,,,,,,no career
1972,195.0,195.0,KCO,Mike Peterson,Nebraska,,,,,,,,,,,,,,,,,,no career
1972,196.0,196.0,CHI,Charles Hall,Montana-Western,,,,,,,,,,,,,,,,,,no career
1972,197.0,197.0,CHI,John Thornton,South Carolina State,,,,,,,,,,,,,,,,,,no career
1972,198.0,198.0,CHI,Ron Manning,Manhattan University,,,,,,,,,,,,,,,,,,no career
1973,11.0,11.0,GSW,Kevin Joyce,South Carolina,,,,,,,,,,,,,,,,,,no career
1973,15.0,15.0,POR,Barry Parkhill,Virginia,,,,,,,,,,,,,,,,,,no career
1973,18.0,18.0,PHI,Raymond Lewis,California State University Los Angeles,,,,,,,,,,,,,,,,,,no career
1973,23.0,23.0,LAL,Billy Schaeffer,St. John's,,,,,,,,,,,,,,,,,,no career
1973,26.0,26.0,CLE,Allan Hornyak,Ohio State,,,,,,,,,,,,,,,,,,no career
1973,28.0,28.0,NYK,Pat McFarland,Saint Joseph's,,,,,,,,,,,,,,,,,,no career
1973,30.0,30.0,CHI,Wendell Hudson,Alabama,,,,,,,,,,,,,,,,,,no career
1973,34.0,34.0,LAL,John Perry,University of Texas Rio Grande Valley,,,,,,,,,,,,,,,,,,no career
1973,37.0,37.0,CLE,Jim O'Brien,Maryland,,,,,,,,,,,,,,,,,,no career
1973,39.0,39.0,CHI,Martin Terry,Arkansas,,,,,,,,,,,,,,,,,,no career
1973,40.0,40.0,CLE,Ozie Edwards,Oklahoma City University,,,,,,,,,,,,,,,,,,no career
1973,41.0,41.0,CLE,James Lister,Sam Houston State University,,,,,,,,,,,,,,,,,,no career
1973,43.0,43.0,PHO,Steve Mitchell,Kansas State,,,,,,,,,,,,,,,,,,no career
1973,46.0,46.0,GSW,Jim Retseck,Auburn,,,,,,,,,,,,,,,,,,no career
1973,47.0,47.0,CHI,Steve Newsome,Houston,,,,,,,,,,,,,,,,,,no career
1973,52.0,52.0,BOS,Martinez Denmon,Iowa State,,,,,,,,,,,,,,,,,,no career
1973,53.0,53.0,PHI,Darryl Minniefield,New Mexico,,,,,,,,,,,,,,,,,,no career
1973,54.0,54.0,BUF,Doug Little,Oregon,,,,,,,,,,,,,,,,,,no career
1973,56.0,56.0,SEA,June Harris,North Carolina A&T,,,,,,,,,,,,,,,,,,no career
1973,58.0,58.0,HOU,Lee Colburn,South Dakota State,,,,,,,,,,,,,,,,,,no career
1973,59.0,59.0,MIL,Clyde Turner,Minnesota,,,,,,,,,,,,,,,,,,no career
1973,60.0,60.0,PHO,Ronnie Robinson,Memphis,,,,,,,,,,,,,,,,,,no career
1973,61.0,61.0,DET,Ken Brady,Michigan,,,,,,,,,,,,,,,,,,no career
1973,62.0,62.0,ATL,James Brown,Harvard University,,,,,,,,,,,,,,,,,,no career
1973,63.0,63.0,GSW,Ron King,Florida State,,,,,,,,,,,,,,,,,,no career
1973,65.0,65.0,CAP,Aron Stewart,Richmond,,,,,,,,,,,,,,,,,,no career
1973,67.0,67.0,MIL,Harry Rogers,Saint Louis,,,,,,,,,,,,,,,,,,no career
1973,68.0,68.0,LAL,Larry Finch,Memphis,,,,,,,,,,,,,,,,,,no career
1973,69.0,69.0,BOS,Richie Fuqua,Oral Roberts,,,,,,,,,,,,,,,,,,no career
1973,70.0,70.0,PHI,Reggie Royals,Florida State,,,,,,,,,,,,,,,,,,no career
1973,71.0,71.0,POR,Fran Costello,Providence,,,,,,,,,,,,,,,,,,no career
1973,72.0,72.0,BUF,Randy Knoll,Marshall,,,,,,,,,,,,,,,,,,no career
1973,73.0,73.0,SEA,Chuck Iverson,South Dakota,,,,,,,,,,,,,,,,,,no career
1973,75.0,75.0,HOU,Gary Rhoades,Colorado State,,,,,,,,,,,,,,,,,,no career
1973,77.0,77.0,PHO,Clinton Harris,Iowa State,,,,,,,,,,,,,,,,,,no career
1973,78.0,78.0,DET,Henry Wilmore,Michigan,,,,,,,,,,,,,,,,,,no career
1973,79.0,79.0,ATL,Dave Winfield,Minnesota,,,,,,,,,,,,,,,,,,no career
1973,80.0,80.0,GSW,Nate Stephens,Cal State Long Beach,,,,,,,,,,,,,,,,,,no career
1973,81.0,81.0,CHI,Roy Simpson,Furman University,,,,,,,,,,,,,,,,,,no career
1973,82.0,82.0,CAP,Danny Traylor,South Carolina,,,,,,,,,,,,,,,,,,no career
1973,84.0,84.0,LAL,Kresimir Cosic,BYU,,,,,,,,,,,,,,,,,,no career
1973,85.0,85.0,MIL,Larry Jackson,Northern Illinois,,,,,,,,,,,,,,,,,,no career
1973,86.0,86.0,BOS,Byron Jones,San Francisco,,,,,,,,,,,,,,,,,,no career
1973,87.0,87.0,PHI,Sterling Wright,Lincoln University (PA),,,,,,,,,,,,,,,,,,no career
1973,89.0,89.0,POR,Neal Jurgensen,Oregon State,,,,,,,,,,,,,,,,,,no career
1973,90.0,90.0,SEA,Bill McCoy,University of Northern Iowa,,,,,,,,,,,,,,,,,,no career
1973,91.0,91.0,CLE,Willie Calvert,Abilene Christian University,,,,,,,,,,,,,,,,,,no career
1973,92.0,92.0,HOU,Tom Peck,University of Wisconsin-Eau Claire,,,,,,,,,,,,,,,,,,no career
1973,93.0,93.0,KCO,Mike Quick,San Francisco,,,,,,,,,,,,,,,,,,no career
1973,94.0,94.0,PHO,Gene Doyle,Holy Cross,,,,,,,,,,,,,,,,,,no career
1973,97.0,97.0,GSW,Bob Lauriski,Utah State University,,,,,,,,,,,,,,,,,,no career
1973,99.0,99.0,CAP,Mike Allocco,Stonehill College,,,,,,,,,,,,,,,,,,no career
1973,100.0,100.0,NYK,Lawrence Lilly,Alabama State University,,,,,,,,,,,,,,,,,,no career
1973,101.0,101.0,MIL,James Floyd,Shaw,,,,,,,,,,,,,,,,,,no career
1973,102.0,102.0,LAL,David Brent,Jacksonville University,,,,,,,,,,,,,,,,,,no career
1973,103.0,103.0,BOS,Joe Cafferky,NC State,,,,,,,,,,,,,,,,,,no career
1973,104.0,104.0,PHI,James Greene,Kentucky Wesleyan College,,,,,,,,,,,,,,,,,,no career
1973,105.0,105.0,POR,Larry Hollyfield,UCLA,,,,,,,,,,,,,,,,,,no career
1973,107.0,107.0,SEA,Jim Andrews,Kentucky,,,,,,,,,,,,,,,,,,no career
1973,108.0,108.0,CLE,Larry Farmer,UCLA,,,,,,,,,,,,,,,,,,no career
1973,109.0,109.0,HOU,Fred DeVaughn,Westmont College,,,,,,,,,,,,,,,,,,no career
1973,110.0,110.0,KCO,Mike Jeffries,Missouri,,,,,,,,,,,,,,,,,,no career
1973,111.0,111.0,PHO,Jerry Bisbano,Louisiana,,,,,,,,,,,,,,,,,,no career
1973,112.0,112.0,DET,Fred Smiley,Northwood University,,,,,,,,,,,,,,,,,,no career
1973,113.0,113.0,ATL,Pete Harris,Stephen F. Austin,,,,,,,,,,,,,,,,,,no career
1973,114.0,114.0,GSW,Steve Smith,Loyola Marymount,,,,,,,,,,,,,,,,,,no career
1973,115.0,115.0,CHI,Billy Harris,Northern Illinois,,,,,,,,,,,,,,,,,,no career
1973,116.0,116.0,CAP,Ronnie Hogue,Georgia,,,,,,,,,,,,,,,,,,no career
1973,117.0,117.0,NYK,Mike Moore,Manhattan University,,,,,,,,,,,,,,,,,,no career
1973,119.0,119.0,MIL,Eddie Childress,Austin Peay State University,,,,,,,,,,,,,,,,,,no career
1973,120.0,120.0,BOS,Mike Stewart,Santa Clara,,,,,,,,,,,,,,,,,,no career
1973,121.0,121.0,PHI,Dave Langston,Drake University,,,,,,,,,,,,,,,,,,no career
1973,122.0,122.0,BUF,Carl Jackson,St. Bonaventure,,,,,,,,,,,,,,,,,,no career
1973,123.0,123.0,POR,Lindell Reason,Eastern Michigan,,,,,,,,,,,,,,,,,,no career
1973,124.0,124.0,SEA,Wardell Jeffries,Oklahoma Baptist University,,,,,,,,,,,,,,,,,,no career
1973,125.0,125.0,CLE,John Ritter,Indiana,,,,,,,,,,,,,,,,,,no career
1973,126.0,126.0,HOU,John Thomas,Missouri Southern State,,,,,,,,,,,,,,,,,,no career
1973,127.0,127.0,KCO,Mike Williams,Kentucky Wesleyan College,,,,,,,,,,,,,,,,,,no career
1973,130.0,130.0,ATL,Tim Dominey,Valdosta State University,,,,,,,,,,,,,,,,,,no career
1973,131.0,131.0,GSW,Jeff Dawson,Illinois,,,,,,,,,,,,,,,,,,no career
1973,132.0,132.0,CHI,B.G. Brosterhous,Texas,,,,,,,,,,,,,,,,,,no career
1973,133.0,133.0,CAP,Mark Jellison,Northeastern University,,,,,,,,,,,,,,,,,,no career
1973,134.0,134.0,NYK,Steve Rowell,Rhode Island,,,,,,,,,,,,,,,,,,no career
1973,135.0,135.0,MIL,Walt McGary,Chattanooga,,,,,,,,,,,,,,,,,,no career
1973,136.0,136.0,LAL,Roy McPipe,Montana State University Billings,,,,,,,,,,,,,,,,,,no career
1973,137.0,137.0,BOS,Robert White,Sam Houston State University,,,,,,,,,,,,,,,,,,no career
1973,139.0,139.0,POR,Mike Contreras,Arizona State,,,,,,,,,,,,,,,,,,no career
1973,140.0,140.0,BUF,Bob Fullarton,Xavier,,,,,,,,,,,,,,,,,,no career
1973,141.0,141.0,SEA,Greg Williams,Seattle University,,,,,,,,,,,,,,,,,,no career
1973,142.0,142.0,CLE,Les Taylor,Murray State,,,,,,,,,,,,,,,,,,no career
1973,143.0,143.0,KCO,James Brown,Dartmouth College,,,,,,,,,,,,,,,,,,no career
1973,144.0,144.0,PHO,Sandy Smith,Winston-Salem State,,,,,,,,,,,,,,,,,,no career
1973,145.0,145.0,DET,Bill Kilgore,Michigan State,,,,,,,,,,,,,,,,,,no career
1973,146.0,146.0,GSW,Everett Fopma,Idaho State University,,,,,,,,,,,,,,,,,,no career
1973,147.0,147.0,CHI,Ruben Montanez,Duquesne,,,,,,,,,,,,,,,,,,no career
1973,148.0,148.0,CAP,Mike Boylan,Assumption College,,,,,,,,,,,,,,,,,,no career
1973,149.0,149.0,NYK,Joe Wise,Bridgewater State College,,,,,,,,,,,,,,,,,,no career
1973,150.0,150.0,MIL,Bob Vacca,Quinnipiac University,,,,,,,,,,,,,,,,,,no career
1973,151.0,151.0,BOS,Corky Taylor,Minnesota,,,,,,,,,,,,,,,,,,no career
1973,152.0,152.0,PHI,Abe Steward,Jacksonville University,,,,,,,,,,,,,,,,,,no career
1973,153.0,153.0,BUF,Nick Conner,Illinois,,,,,,,,,,,,,,,,,,no career
1973,154.0,154.0,POR,Sam Whitehead,Oregon State,,,,,,,,,,,,,,,,,,no career
1973,155.0,155.0,SEA,Bob Bodell,Maryland,,,,,,,,,,,,,,,,,,no career
1973,156.0,156.0,CLE,Dean Martin,Baldwin-Wallace College,,,,,,,,,,,,,,,,,,no career
1973,157.0,157.0,KCO,Ernie Kusnyer,Kansas State,,,,,,,,,,,,,,,,,,no career
1973,158.0,158.0,PHO,Claude White,Elmhurst College,,,,,,,,,,,,,,,,,,no career
1973,159.0,159.0,DET,Bob Solomon,Wayne State University,,,,,,,,,,,,,,,,,,no career
1973,160.0,160.0,GSW,Fred Lavaroni,Santa Clara,,,,,,,,,,,,,,,,,,no career
1973,161.0,161.0,CHI,Russ Hunt,Furman University,,,,,,,,,,,,,,,,,,no career
1973,162.0,162.0,CAP,Dicky Kelly,Bay College,,,,,,,,,,,,,,,,,,no career
1973,163.0,163.0,NYK,Ed Fields,LIU Post,,,,,,,,,,,,,,,,,,no career
1973,164.0,164.0,MIL,Ron Battle,Sam Houston State University,,,,,,,,,,,,,,,,,,no career
1973,165.0,165.0,BOS,Steve Turner,Vanderbilt,,,,,,,,,,,,,,,,,,no career
1973,167.0,167.0,POR,Eddie Payne,Wake Forest,,,,,,,,,,,,,,,,,,no career
1973,168.0,168.0,BUF,Mike Lee,Syracuse,,,,,,,,,,,,,,,,,,no career
1973,169.0,169.0,CLE,Floyd Lewis,Harvard University,,,,,,,,,,,,,,,,,,no career
1973,170.0,170.0,PHO,Lynn Greer,Virginia State University,,,,,,,,,,,,,,,,,,no career
1973,171.0,171.0,DET,Len Paul,University of Akron,,,,,,,,,,,,,,,,,,no career
1973,172.0,172.0,CAP,Dale Adams,St. Mary's College of Maryland,,,,,,,,,,,,,,,,,,no career
1973,173.0,173.0,NYK,Charles Edge,LeMoyne-Owen College,,,,,,,,,,,,,,,,,,no career
1973,174.0,174.0,BOS,Ed Hastings,Villanova,,,,,,,,,,,,,,,,,,no career
1973,175.0,175.0,PHI,Connie Warren,Xavier,,,,,,,,,,,,,,,,,,no career
1973,176.0,176.0,BUF,Aaron Covington,Canisius,,,,,,,,,,,,,,,,,,no career
1973,177.0,177.0,POR,Rick Holdt,NC State,,,,,,,,,,,,,,,,,,no career
1973,178.0,178.0,CLE,Chris McMurray,San Diego State,,,,,,,,,,,,,,,,,,no career
1973,179.0,179.0,PHO,Laymon Williamson,Samford University,,,,,,,,,,,,,,,,,,no career
1973,180.0,180.0,DET,Clarence Carlisle,Ferris State University,,,,,,,,,,,,,,,,,,no career
1973,181.0,181.0,CAP,Mike Battle,George Washington,,,,,,,,,,,,,,,,,,no career
1973,182.0,182.0,BOS,Bruce Winkler,Santa Clara,,,,,,,,,,,,,,,,,,no career
1973,183.0,183.0,PHI,Jim Crawford,La Salle,,,,,,,,,,,,,,,,,,no career
1973,184.0,184.0,BUF,Bob Vartanian,Buffalo,,,,,,,,,,,,,,,,,,no career
1973,185.0,185.0,CLE,John Penebacker,Hawaii,,,,,,,,,,,,,,,,,,no career
1973,186.0,186.0,PHO,Kalevi Sarkalahti,BYU,,,,,,,,,,,,,,,,,,no career
1973,187.0,187.0,CAP,Chet Davis,Morgan State University,,,,,,,,,,,,,,,,,,no career
1973,188.0,188.0,BOS,Scott Koelzer,Montana State,,,,,,,,,,,,,,,,,,no career
1973,189.0,189.0,PHI,Ernie Johnson,Michigan,,,,,,,,,,,,,,,,,,no career
1973,190.0,190.0,BUF,Ron Gilliam,State University of New York at Brockport,,,,,,,,,,,,,,,,,,no career
1973,191.0,191.0,CLE,Charles Mitchell,Eastern Kentucky University,,,,,,,,,,,,,,,,,,no career
1973,192.0,192.0,CAP,Howard White,Maryland,,,,,,,,,,,,,,,,,,no career
1973,193.0,193.0,BOS,Rick Williams,Iowa,,,,,,,,,,,,,,,,,,no career
1973,194.0,194.0,PHI,Lionel Harris,Cincinnati,,,,,,,,,,,,,,,,,,no career
1973,195.0,195.0,BUF,John Fraley,Georgia,,,,,,,,,,,,,,,,,,no career
1973,196.0,196.0,CLE,Reese Stovall,University of Texas Rio Grande Valley,,,,,,,,,,,,,,,,,,no career
1973,197.0,197.0,CAP,Shorty Simmons,St. Mary's College of Maryland,,,,,,,,,,,,,,,,,,no career
1973,198.0,198.0,BOS,James Gilchrist,Florida Southern College,,,,,,,,,,,,,,,,,,no career
1973,199.0,199.0,PHI,Larry Robinson,Tennessee,,,,,,,,,,,,,,,,,,no career
1973,200.0,200.0,BUF,John Green,Oregon,,,,,,,,,,,,,,,,,,no career
1973,201.0,201.0,CLE,Tom O'Connor,Iowa,,,,,,,,,,,,,,,,,,no career
1973,202.0,202.0,BOS,Sam Barber,Bethune-Cookman College,,,,,,,,,,,,,,,,,,no career
1973,203.0,203.0,PHI,Tony Prince,St. John's,,,,,,,,,,,,,,,,,,no career
1973,205.0,205.0,CLE,Phil Elderkin,,,,,,,,,,,,,,,,,,,no career
1973,206.0,206.0,BOS,Lamont King,Cal State Long Beach,,,,,,,,,,,,,,,,,,no career
1973,207.0,207.0,BUF,Donn Johnston,UNC,,,,,,,,,,,,,,,,,,no career
1973,208.0,208.0,BOS,Peter Gavett,University of Maine,,,,,,,,,,,,,,,,,,no career
1973,209.0,209.0,BUF,Ron Thorsen,University of British Columbia,,,,,,,,,,,,,,,,,,no career
1973,210.0,210.0,BOS,Tom Austin,UMass,,,,,,,,,,,,,,,,,,no career
1973,211.0,211.0,BUF,Phil Tollestrup,BYU,,,,,,,,,,,,,,,,,,no career
1974,36.0,36.0,POR,Rubin Collins,University of Maryland Eastern Shore,,,,,,,,,,,,,,,,,,no career
1974,41.0,41.0,HOU,Robert Wilson,Iowa State,,,,,,,,,,,,,,,,,,no career
1974,46.0,46.0,NOJ,Bruce King,University of Texas Rio Grande Valley,,,,,,,,,,,,,,,,,,no career
1974,48.0,48.0,LAL,Jim Bradley,Northern Illinois,,,,,,,,,,,,,,,,,,no career
1974,50.0,50.0,NYK,Rudy Jackson,Hutchinson Community College,,,,,,,,,,,,,,,,,,no career
1974,51.0,51.0,DET,Roland Grant,New Mexico State,,,,,,,,,,,,,,,,,,no career
1974,53.0,53.0,BOS,Roscoe Pondexter,Cal State Long Beach,,,,,,,,,,,,,,,,,,no career
1974,54.0,54.0,MIL,Greg McDougald,Oral Roberts,,,,,,,,,,,,,,,,,,no career
1974,55.0,55.0,PHI,Butch Taylor,Jacksonville University,,,,,,,,,,,,,,,,,,no career
1974,57.0,57.0,CLE,Jimmy Foster,UConn,,,,,,,,,,,,,,,,,,no career
1974,58.0,58.0,PHO,Randy Allen,Indiana University of Pennsylvania,,,,,,,,,,,,,,,,,,no career
1974,59.0,59.0,HOU,Larry Robinson,Texas,,,,,,,,,,,,,,,,,,no career
1974,60.0,60.0,KCO,Lloyd Batts,Cincinnati,,,,,,,,,,,,,,,,,,no career
1974,61.0,61.0,ATL,Ed Palubinskas,LSU,,,,,,,,,,,,,,,,,,no career
1974,62.0,62.0,SEA,William Gordon,University of Maryland Eastern Shore,,,,,,,,,,,,,,,,,,no career
1974,64.0,64.0,NOJ,Ray Price,Washington,,,,,,,,,,,,,,,,,,no career
1974,65.0,65.0,GSW,Willie Biles,Tulsa,,,,,,,,,,,,,,,,,,no career
1974,67.0,67.0,LAL,Ron deVries,Illinois State,,,,,,,,,,,,,,,,,,no career
1974,68.0,68.0,NYK,Roy Ebron,Louisiana,,,,,,,,,,,,,,,,,,no career
1974,69.0,69.0,DET,Mickey Martin,Pitt,,,,,,,,,,,,,,,,,,no career
1974,70.0,70.0,CHI,Jim Forbes,Texas-El Paso,,,,,,,,,,,,,,,,,,no career
1974,71.0,71.0,BOS,Lerman Battle,Fairmont State University,,,,,,,,,,,,,,,,,,no career
1974,72.0,72.0,MIL,Lionel Billingy,Duquesne,,,,,,,,,,,,,,,,,,no career
1974,73.0,73.0,PHI,Gary Crowthers,Hardin-Simmons University,,,,,,,,,,,,,,,,,,no career
1974,74.0,74.0,POR,Bernard Hardin,New Mexico,,,,,,,,,,,,,,,,,,no career
1974,75.0,75.0,CLE,Gary Novak,Notre Dame,,,,,,,,,,,,,,,,,,no career
1974,76.0,76.0,PHO,Ralph Bobik,Creighton,,,,,,,,,,,,,,,,,,no career
1974,78.0,78.0,KCO,Terry Compton,Vanderbilt,,,,,,,,,,,,,,,,,,no career
1974,79.0,79.0,ATL,Tyrone Medley,Utah,,,,,,,,,,,,,,,,,,no career
1974,81.0,81.0,BUF,Tony Byers,Wake Forest,,,,,,,,,,,,,,,,,,no career
1974,83.0,83.0,GSW,Steve Erickson,Oregon State,,,,,,,,,,,,,,,,,,no career
1974,84.0,84.0,LAL,Seymour Reed,Bradley,,,,,,,,,,,,,,,,,,no career
1974,85.0,85.0,WSB,Gary Anderson,Washington,,,,,,,,,,,,,,,,,,no career
1974,87.0,87.0,DET,Joe Newman,Temple,,,,,,,,,,,,,,,,,,no career
1974,88.0,88.0,CHI,Randy Knowles,Texas A&M,,,,,,,,,,,,,,,,,,no career
1974,91.0,91.0,PHI,Mike Westra,USC,,,,,,,,,,,,,,,,,,no career
1974,93.0,93.0,CLE,Aron Stewart,Richmond,,,,,,,,,,,,,,,,,,no career
1974,94.0,94.0,PHO,Collis Temple,LSU,,,,,,,,,,,,,,,,,,no career
1974,95.0,95.0,HOU,Lawrence Johnson,Prairie View A&M University,,,,,,,,,,,,,,,,,,no career
1974,96.0,96.0,KCO,Ron Kennedy,Arizona,,,,,,,,,,,,,,,,,,no career
1974,97.0,97.0,ATL,Sam Hervey,SMU,,,,,,,,,,,,,,,,,,no career
1974,99.0,99.0,BUF,Gary Link,Missouri,,,,,,,,,,,,,,,,,,no career
1974,100.0,100.0,NOJ,Lawrence McCray,Florida State,,,,,,,,,,,,,,,,,,no career
1974,101.0,101.0,GSW,John Errecart,University of the Pacific,,,,,,,,,,,,,,,,,,no career
1974,102.0,102.0,WSB,Roy McPipe,Montana State University Billings,,,,,,,,,,,,,,,,,,no career
1974,103.0,103.0,LAL,Billy Morris,Saint Louis,,,,,,,,,,,,,,,,,,no career
1974,104.0,104.0,NYK,Terry Mikan,St. Thomas University,,,,,,,,,,,,,,,,,,no career
1974,105.0,105.0,DET,Mike Sylvester,Dayton,,,,,,,,,,,,,,,,,,no career
1974,106.0,106.0,CHI,Robert Rosier,St. Thomas University,,,,,,,,,,,,,,,,,,no career
1974,107.0,107.0,BOS,Gene Harmon,Creighton,,,,,,,,,,,,,,,,,,no career
1974,108.0,108.0,MIL,Larry Williams,Kansas State,,,,,,,,,,,,,,,,,,no career
1974,109.0,109.0,PHI,Dave Stoczynski,Gannon University,,,,,,,,,,,,,,,,,,no career
1974,110.0,110.0,POR,Doug Richards,BYU,,,,,,,,,,,,,,,,,,no career
1974,111.0,111.0,CLE,Mike Robinson,Michigan State,,,,,,,,,,,,,,,,,,no career
1974,112.0,112.0,PHO,Clyde Dickey,Boise State,,,,,,,,,,,,,,,,,,no career
1974,113.0,113.0,HOU,Kevin Fitzgerald,Oklahoma State,,,,,,,,,,,,,,,,,,no career
1974,114.0,114.0,KCO,Mark Brown,Missouri Western State College,,,,,,,,,,,,,,,,,,no career
1974,116.0,116.0,SEA,Jerry Faulkner,West Georgia,,,,,,,,,,,,,,,,,,no career
1974,117.0,117.0,BUF,Tommy Curtis,UCLA,,,,,,,,,,,,,,,,,,no career
1974,118.0,118.0,NOJ,Joel Copeland,Old Dominion,,,,,,,,,,,,,,,,,,no career
1974,119.0,119.0,GSW,Brady Allen,California,,,,,,,,,,,,,,,,,,no career
1974,120.0,120.0,LAL,Dennis Van Zant,Azusa Pacific University,,,,,,,,,,,,,,,,,,no career
1974,121.0,121.0,WSB,Tom Turner,West Georgia,,,,,,,,,,,,,,,,,,no career
1974,122.0,122.0,NYK,Billy Smith,Mercer University,,,,,,,,,,,,,,,,,,no career
1974,123.0,123.0,DET,Sammy High,Tulsa,,,,,,,,,,,,,,,,,,no career
1974,124.0,124.0,CHI,Geoff Roberts,Missouri,,,,,,,,,,,,,,,,,,no career
1974,125.0,125.0,BOS,Ron Brown,Penn State,,,,,,,,,,,,,,,,,,no career
1974,126.0,126.0,MIL,Bob Hornstein,West Virginia,,,,,,,,,,,,,,,,,,no career
1974,127.0,127.0,PHI,Jimmy Powell,Middle Tennessee,,,,,,,,,,,,,,,,,,no career
1974,128.0,128.0,POR,Eldridge Broussard,Pacific University,,,,,,,,,,,,,,,,,,no career
1974,129.0,129.0,CLE,Kerry Hughes,Wisconsin,,,,,,,,,,,,,,,,,,no career
1974,130.0,130.0,PHO,Tom Holland,Oklahoma,,,,,,,,,,,,,,,,,,no career
1974,131.0,131.0,HOU,Steve Brooks,Arkansas State University,,,,,,,,,,,,,,,,,,no career
1974,132.0,132.0,KCO,Richie O'Connor,Fairfield,,,,,,,,,,,,,,,,,,no career
1974,133.0,133.0,ATL,Bill Butler,Louisville,,,,,,,,,,,,,,,,,,no career
1974,134.0,134.0,SEA,Leonard Coulter,Morehead State University,,,,,,,,,,,,,,,,,,no career
1974,135.0,135.0,BUF,Glenn Price,St. Bonaventure,,,,,,,,,,,,,,,,,,no career
1974,136.0,136.0,NOJ,Jay Piccola,Roanoke College,,,,,,,,,,,,,,,,,,no career
1974,137.0,137.0,GSW,Clarence Allen,UC Santa Barbara,,,,,,,,,,,,,,,,,,no career
1974,138.0,138.0,WSB,Steve Platt,Huntington University,,,,,,,,,,,,,,,,,,no career
1974,139.0,139.0,LAL,Bob Florence,UNLV,,,,,,,,,,,,,,,,,,no career
1974,140.0,140.0,NYK,Dennis McDermott,St. Francis College,,,,,,,,,,,,,,,,,,no career
1974,141.0,141.0,DET,Greg Newman,Drexel,,,,,,,,,,,,,,,,,,no career
1974,142.0,142.0,CHI,Sam McCants,Oral Roberts,,,,,,,,,,,,,,,,,,no career
1974,143.0,143.0,BOS,Richard Wallace,Georgia Southern University,,,,,,,,,,,,,,,,,,no career
1974,144.0,144.0,MIL,Ralph Palomar,Cameron University,,,,,,,,,,,,,,,,,,no career
1974,146.0,146.0,POR,Lee Haven,Colorado,,,,,,,,,,,,,,,,,,no career
1974,147.0,147.0,CLE,Jim Bushkofsky,Upper Iowa University,,,,,,,,,,,,,,,,,,no career
1974,148.0,148.0,PHO,Ted Evans,Oklahoma,,,,,,,,,,,,,,,,,,no career
1974,149.0,149.0,HOU,Ken Stalling,University of Missouri-Rolla,,,,,,,,,,,,,,,,,,no career
1974,150.0,150.0,KCO,Jeff Dawson,Illinois,,,,,,,,,,,,,,,,,,no career
1974,151.0,151.0,ATL,Lon Kruger,Kansas State,,,,,,,,,,,,,,,,,,no career
1974,152.0,152.0,SEA,Bertram du Pont,Dillard University,,,,,,,,,,,,,,,,,,no career
1974,153.0,153.0,BUF,John Falconi,Davidson,,,,,,,,,,,,,,,,,,no career
1974,155.0,155.0,GSW,Carl Meier,California,,,,,,,,,,,,,,,,,,no career
1974,156.0,156.0,WSB,Mark Raterink,Boston College,,,,,,,,,,,,,,,,,,no career
1974,157.0,157.0,NYK,Earl Brown,Lafayette College,,,,,,,,,,,,,,,,,,no career
1974,158.0,158.0,DET,Gary Deitelhoff,Millikin University,,,,,,,,,,,,,,,,,,no career
1974,159.0,159.0,CHI,Jerry Davenport,Cameron University,,,,,,,,,,,,,,,,,,no career
1974,161.0,161.0,MIL,Mike Deane,State University of New York at Potsdam,,,,,,,,,,,,,,,,,,no career
1974,162.0,162.0,PHI,Larry Witherspoon,Towson University,,,,,,,,,,,,,,,,,,no career
1974,163.0,163.0,POR,Ron Jones,Oregon State,,,,,,,,,,,,,,,,,,no career
1974,164.0,164.0,CLE,Jim Kelly,Loras College,,,,,,,,,,,,,,,,,,no career
1974,165.0,165.0,PHO,Mark Wasley,Arizona State,,,,,,,,,,,,,,,,,,no career
1974,166.0,166.0,HOU,Marcus Washington,Marquette,,,,,,,,,,,,,,,,,,no career
1974,167.0,167.0,KCO,Dennis White,Arkansas,,,,,,,,,,,,,,,,,,no career
1974,168.0,168.0,ATL,Brendy Lee,Nebraska,,,,,,,,,,,,,,,,,,no career
1974,170.0,170.0,BUF,Andy Rimol,Princeton,,,,,,,,,,,,,,,,,,no career
1974,171.0,171.0,NOJ,Walt McGary,Chattanooga,,,,,,,,,,,,,,,,,,no career
1974,172.0,172.0,GSW,Marvin Buckley,Nevada,,,,,,,,,,,,,,,,,,no career
1974,173.0,173.0,WSB,Pete Collins,High Point University,,,,,,,,,,,,,,,,,,no career
1974,174.0,174.0,NYK,John O'Donnell,UNC,,,,,,,,,,,,,,,,,,no career
1974,176.0,176.0,CHI,Rick Hockenos,Saint Francis University,,,,,,,,,,,,,,,,,,no career
1974,177.0,177.0,BOS,Phil Rogers,Fairfield,,,,,,,,,,,,,,,,,,no career
1974,178.0,178.0,MIL,Bruce Featherston,Texas State University,,,,,,,,,,,,,,,,,,no career
1975,27.0,27.0,DET,Walter Luckett,Ohio University,,,,,,,,,,,,,,,,,,no career
1975,29.0,29.0,HOU,Jim Blanks,Gardner-Webb University,,,,,,,,,,,,,,,,,,no career
1975,33.0,33.0,CLE,Mel Utley,St. John's,,,,,,,,,,,,,,,,,,no career
1975,36.0,36.0,PHO,Jimmy Conner,Kentucky,,,,,,,,,,,,,,,,,,no career
1975,39.0,39.0,PHI,Jimmie Baker,Hawaii,,,,,,,,,,,,,,,,,,no career
1975,40.0,40.0,GSW,Otis Johnson,Stetson University,,,,,,,,,,,,,,,,,,no career
1975,41.0,41.0,PHI,Charles Cleveland,Alabama,,,,,,,,,,,,,,,,,,no career
1975,42.0,42.0,POR,Tom Roy,Maryland,,,,,,,,,,,,,,,,,,no career
1975,43.0,43.0,MIL,Brian Hammel,Bentley College,,,,,,,,,,,,,,,,,,no career
1975,44.0,44.0,DET,Pete Trgovich,UCLA,,,,,,,,,,,,,,,,,,no career
1975,45.0,45.0,CLE,Ted Hathaway,Cleveland State University,,,,,,,,,,,,,,,,,,no career
1975,46.0,46.0,NYK,John Ramsay,Seton Hall,,,,,,,,,,,,,,,,,,no career
1975,49.0,49.0,KCK,Bob Guyette,Kentucky,,,,,,,,,,,,,,,,,,no career
1975,52.0,52.0,BUF,George Bucci,Manhattan University,,,,,,,,,,,,,,,,,,no career
1975,55.0,55.0,NOJ,Mack Coleman,Houston Baptist University,,,,,,,,,,,,,,,,,,no career
1975,58.0,58.0,PHO,Sam McCants,Oral Roberts,,,,,,,,,,,,,,,,,,no career
1975,59.0,59.0,PHI,Louis Dunbar,Houston,,,,,,,,,,,,,,,,,,no career
1975,60.0,60.0,MIL,Bill Campion,Manhattan University,,,,,,,,,,,,,,,,,,no career
1975,63.0,63.0,NYK,David Vaughn,Oral Roberts,,,,,,,,,,,,,,,,,,no career
1975,65.0,65.0,HOU,Ken Smith,Tulsa,,,,,,,,,,,,,,,,,,no career
1975,66.0,66.0,SEA,Jim Moore,Utah State University,,,,,,,,,,,,,,,,,,no career
1975,67.0,67.0,KCK,Kevin Cluess,St. John's,,,,,,,,,,,,,,,,,,no career
1975,68.0,68.0,CHI,Ron Haigler,Penn,,,,,,,,,,,,,,,,,,no career
1975,69.0,69.0,GSW,Billy Taylor,La Salle,,,,,,,,,,,,,,,,,,no career
1975,70.0,70.0,BUF,Bob Fleischer,Duke,,,,,,,,,,,,,,,,,,no career
1975,71.0,71.0,WSB,Fessor Leonard,Furman University,,,,,,,,,,,,,,,,,,no career
1975,72.0,72.0,BOS,Cyrus Mann,Illinois State,,,,,,,,,,,,,,,,,,no career
1975,73.0,73.0,NOJ,Andre Hampton,Kentucky State University,,,,,,,,,,,,,,,,,,no career
1975,74.0,74.0,LAL,Charles Russell,Alabama,,,,,,,,,,,,,,,,,,no career
1975,77.0,77.0,PHI,Ken Tyler,Gonzaga,,,,,,,,,,,,,,,,,,no career
1975,78.0,78.0,POR,Maurice Presley,Houston,,,,,,,,,,,,,,,,,,no career
1975,79.0,79.0,CLE,Jim Lee,Syracuse,,,,,,,,,,,,,,,,,,no career
1975,80.0,80.0,NYK,Don Washington,UNC,,,,,,,,,,,,,,,,,,no career
1975,81.0,81.0,DET,Cliff Pratt,Shaw,,,,,,,,,,,,,,,,,,no career
1975,82.0,82.0,CLE,Mike Odemns,Western Kentucky,,,,,,,,,,,,,,,,,,no career
1975,83.0,83.0,HOU,Rick Whitlow,Illinois State,,,,,,,,,,,,,,,,,,no career
1975,84.0,84.0,SEA,Dwain Govan,Bishop College,,,,,,,,,,,,,,,,,,no career
1975,85.0,85.0,KCK,Ed Stahl,UNC,,,,,,,,,,,,,,,,,,no career
1975,86.0,86.0,CHI,Bob Iverson,University of North Texas,,,,,,,,,,,,,,,,,,no career
1975,87.0,87.0,GSW,Larry Pounds,Washington,,,,,,,,,,,,,,,,,,no career
1975,88.0,88.0,BUF,Sam Berry,Armstrong Atlantic State University,,,,,,,,,,,,,,,,,,no career
1975,89.0,89.0,BOS,Darryl Brown,Fordham,,,,,,,,,,,,,,,,,,no career
1975,91.0,91.0,NOJ,Rick Schmidt,Illinois,,,,,,,,,,,,,,,,,,no career
1975,93.0,93.0,ATL,Danny Williams,Ole Miss,,,,,,,,,,,,,,,,,,no career
1975,94.0,94.0,PHO,Biff Burrell,USC,,,,,,,,,,,,,,,,,,no career
1975,95.0,95.0,PHI,Ken Alston,Valdosta State University,,,,,,,,,,,,,,,,,,no career
1975,96.0,96.0,MIL,Oliver Purnell,Old Dominion,,,,,,,,,,,,,,,,,,no career
1975,97.0,97.0,POR,Gerald Willett,Oregon,,,,,,,,,,,,,,,,,,no career
1975,98.0,98.0,DET,Allen Spruill,North Carolina A&T,,,,,,,,,,,,,,,,,,no career
1975,100.0,100.0,NYK,Hank Williams,Jacksonville University,,,,,,,,,,,,,,,,,,no career
1975,101.0,101.0,HOU,William Johnson,Texas Tech,,,,,,,,,,,,,,,,,,no career
1975,103.0,103.0,KCK,Clint Chapman,USC,,,,,,,,,,,,,,,,,,no career
1975,104.0,104.0,CHI,Bill Andreas,Ohio State,,,,,,,,,,,,,,,,,,no career
1975,105.0,105.0,GSW,Tony Styles,San Francisco,,,,,,,,,,,,,,,,,,no career
1975,106.0,106.0,BUF,George Jackson,UNC Charlotte,,,,,,,,,,,,,,,,,,no career
1975,107.0,107.0,WSB,John Garrett,Purdue,,,,,,,,,,,,,,,,,,no career
1975,108.0,108.0,BOS,Rick Coleman,Jacksonville University,,,,,,,,,,,,,,,,,,no career
1975,109.0,109.0,NOJ,Bill Higgins,Ashland University,,,,,,,,,,,,,,,,,,no career
1975,110.0,110.0,LAL,Rick Suttle,Kansas,,,,,,,,,,,,,,,,,,no career
1975,111.0,111.0,ATL,Gus Johnson,Winona State University,,,,,,,,,,,,,,,,,,no career
1975,112.0,112.0,PHO,Dave Edmonds,West Georgia,,,,,,,,,,,,,,,,,,no career
1975,114.0,114.0,POR,Steve Fields,Miami University,,,,,,,,,,,,,,,,,,no career
1975,115.0,115.0,MIL,Wilbur Thomas,American University,,,,,,,,,,,,,,,,,,no career
1975,116.0,116.0,CLE,Shawn Leftwich,Jacksonville University,,,,,,,,,,,,,,,,,,no career
1975,117.0,117.0,NYK,Pete Davis,Michigan State,,,,,,,,,,,,,,,,,,no career
1975,118.0,118.0,DET,Ike Williams,Armstrong Atlantic State University,,,,,,,,,,,,,,,,,,no career
1975,119.0,119.0,HOU,Nate Barnett,University of Akron,,,,,,,,,,,,,,,,,,no career
1975,120.0,120.0,SEA,Hollis Miller,Drury University,,,,,,,,,,,,,,,,,,no career
1975,121.0,121.0,KCK,Wayne Croft,Clemson,,,,,,,,,,,,,,,,,,no career
1975,122.0,122.0,CHI,John Grochowalski,Assumption College,,,,,,,,,,,,,,,,,,no career
1975,123.0,123.0,GSW,Stan Boyer,Wyoming,,,,,,,,,,,,,,,,,,no career
1975,124.0,124.0,BUF,Mike Franklin,Cincinnati,,,,,,,,,,,,,,,,,,no career
1975,125.0,125.0,BOS,Al Boswell,Oral Roberts,,,,,,,,,,,,,,,,,,no career
1975,126.0,126.0,WSB,Fletcher Johnson,Randolph-Macon College,,,,,,,,,,,,,,,,,,no career
1975,127.0,127.0,NOJ,Harvey Carmichael,Kentucky State University,,,,,,,,,,,,,,,,,,no career
1975,128.0,128.0,LAL,Mike Cashman,Willamette University,,,,,,,,,,,,,,,,,,no career
1975,129.0,129.0,ATL,Oscar Jackson,Duquesne,,,,,,,,,,,,,,,,,,no career
1975,130.0,130.0,PHO,Jack Schrader,Arizona State,,,,,,,,,,,,,,,,,,no career
1975,131.0,131.0,PHI,Freeman Blade,Montana State University Billings,,,,,,,,,,,,,,,,,,no career
1975,132.0,132.0,MIL,Bob McCurdy,Richmond,,,,,,,,,,,,,,,,,,no career
1975,133.0,133.0,POR,Charlie Neal,Oregon State,,,,,,,,,,,,,,,,,,no career
1975,134.0,134.0,NYK,Jerry Homan,Marquette,,,,,,,,,,,,,,,,,,no career
1975,135.0,135.0,DET,John Kelley,Dillard University,,,,,,,,,,,,,,,,,,no career
1975,137.0,137.0,HOU,Leon Johnson,Centenary (LA),,,,,,,,,,,,,,,,,,no career
1975,138.0,138.0,SEA,Ken McKenzie,Montana,,,,,,,,,,,,,,,,,,no career
1975,140.0,140.0,CHI,John Murphy,UMass,,,,,,,,,,,,,,,,,,no career
1975,141.0,141.0,GSW,Mike Rozenski,Saint Mary's,,,,,,,,,,,,,,,,,,no career
1975,142.0,142.0,BUF,Allan Jones,Pepperdine,,,,,,,,,,,,,,,,,,no career
1975,143.0,143.0,WSB,Bruce Hamming,Augustana College (IL),,,,,,,,,,,,,,,,,,no career
1975,144.0,144.0,BOS,Roger Morningstar,Kansas,,,,,,,,,,,,,,,,,,no career
1975,145.0,145.0,NOJ,Fred Stokes,Barber-Scotia College,,,,,,,,,,,,,,,,,,no career
1975,146.0,146.0,ATL,Dave Schlesser,Morningside College,,,,,,,,,,,,,,,,,,no career
1975,147.0,147.0,PHO,Owen Brown,Maryland,,,,,,,,,,,,,,,,,,no career
1975,148.0,148.0,PHI,Larry Haralson,Drake University,,,,,,,,,,,,,,,,,,no career
1975,149.0,149.0,POR,Quentin Braxton,University of Portland,,,,,,,,,,,,,,,,,,no career
1975,150.0,150.0,MIL,Eric Hays,Montana,,,,,,,,,,,,,,,,,,no career
1975,152.0,152.0,CLE,Skip Howard,Bowling Green,,,,,,,,,,,,,,,,,,no career
1975,153.0,153.0,NYK,Tim van Blommesteyn,Princeton,,,,,,,,,,,,,,,,,,no career
1975,154.0,154.0,HOU,Steve Strother,Providence,,,,,,,,,,,,,,,,,,no career
1975,155.0,155.0,SEA,Rich Haws,Utah State University,,,,,,,,,,,,,,,,,,no career
1975,156.0,156.0,CHI,Gary Tomaszewski,St. Mary's University,,,,,,,,,,,,,,,,,,no career
1975,157.0,157.0,GSW,Scott Trobbe,Stanford,,,,,,,,,,,,,,,,,,no career
1975,158.0,158.0,BUF,George Rautins,Niagara University,,,,,,,,,,,,,,,,,,no career
1975,159.0,159.0,BOS,Robert Rhodes,Albany State University,,,,,,,,,,,,,,,,,,no career
1975,160.0,160.0,WSB,Doug Brookins,Creighton,,,,,,,,,,,,,,,,,,no career
1975,161.0,161.0,NOJ,Aleksander Belov,,,,,,,,,,,,,,,,,,,no career
1975,162.0,162.0,ATL,Vic Kelly,Hawaii,,,,,,,,,,,,,,,,,,no career
1975,163.0,163.0,PHO,Mike Moon,Arizona State,,,,,,,,,,,,,,,,,,no career
1975,164.0,164.0,PHI,Ric Reed,Azusa Pacific University,,,,,,,,,,,,,,,,,,no career
1975,165.0,165.0,MIL,Romie Thomas,University of Wisconsin-Eau Claire,,,,,,,,,,,,,,,,,,no career
1975,166.0,166.0,POR,Tyree Foster,University of Portland,,,,,,,,,,,,,,,,,,no career
1975,167.0,167.0,CLE,Eric Anderson,Macalester College,,,,,,,,,,,,,,,,,,no career
1975,168.0,168.0,NYK,Moe Rivers,NC State,,,,,,,,,,,,,,,,,,no career
1975,169.0,169.0,DET,Mickey Fox,Saint Mary's University,,,,,,,,,,,,,,,,,,no career
1975,170.0,170.0,SEA,Jerry Bellotti,Santa Clara,,,,,,,,,,,,,,,,,,no career
1975,171.0,171.0,GSW,Maurice Harper,Saint Mary's,,,,,,,,,,,,,,,,,,no career
1975,172.0,172.0,BUF,Art Allen,Pepperdine,,,,,,,,,,,,,,,,,,no career
1975,173.0,173.0,WSB,Mike Fahey,Brandeis University,,,,,,,,,,,,,,,,,,no career
1975,174.0,174.0,BOS,Bill Endicott,UMass,,,,,,,,,,,,,,,,,,no career
1976,35.0,35.0,CHI,Dallas Smith,West Texas A&M University,,,,,,,,,,,,,,,,,,no career
1976,36.0,36.0,LAL,Mike Dabney,Rutgers University,,,,,,,,,,,,,,,,,,no career
1976,39.0,39.0,POR,Jeff Tyson,Western Michigan,,,,,,,,,,,,,,,,,,no career
1976,41.0,41.0,NYK,John McGill,Alcorn State,,,,,,,,,,,,,,,,,,no career
1976,42.0,42.0,NOJ,Steve Copp,San Diego State,,,,,,,,,,,,,,,,,,no career
1976,44.0,44.0,HOU,Barnes Hauptfuhrer,Princeton,,,,,,,,,,,,,,,,,,no career
1976,46.0,46.0,ATL,Larry Cooke,Virginia Tech,,,,,,,,,,,,,,,,,,no career
1976,47.0,47.0,PHI,Ron Norwood,DePaul,,,,,,,,,,,,,,,,,,no career
1976,48.0,48.0,BUF,Gary Brewster,Texas-El Paso,,,,,,,,,,,,,,,,,,no career
1976,49.0,49.0,WSB,Bill Cook,Memphis,,,,,,,,,,,,,,,,,,no career
1976,51.0,51.0,BOS,Jerry Fort,Nebraska,,,,,,,,,,,,,,,,,,no career
1976,54.0,54.0,KCK,Clarence Ramsey,Washington,,,,,,,,,,,,,,,,,,no career
1976,55.0,55.0,DET,Scott Thompson,Iowa,,,,,,,,,,,,,,,,,,no career
1976,56.0,56.0,POR,David Everett,Grand Canyon University,,,,,,,,,,,,,,,,,,no career
1976,57.0,57.0,NYK,Rick Bullock,Texas Tech,,,,,,,,,,,,,,,,,,no career
1976,58.0,58.0,NOJ,John Service,UC Santa Barbara,,,,,,,,,,,,,,,,,,no career
1976,59.0,59.0,MIL,Dan Frost,Iowa,,,,,,,,,,,,,,,,,,no career
1976,61.0,61.0,HOU,Hercle Ivy,Iowa State,,,,,,,,,,,,,,,,,,no career
1976,62.0,62.0,PHO,Paul Miller,Oregon State,,,,,,,,,,,,,,,,,,no career
1976,63.0,63.0,SEA,Willie Parr,LeMoyne-Owen College,,,,,,,,,,,,,,,,,,no career
1976,64.0,64.0,PHI,Freeman Blade,Montana State University Billings,,,,,,,,,,,,,,,,,,no career
1976,65.0,65.0,WSB,Marion Hillard,Memphis,,,,,,,,,,,,,,,,,,no career
1976,66.0,66.0,CLE,John Engles,Penn,,,,,,,,,,,,,,,,,,no career
1976,67.0,67.0,BOS,Lewis Linder,Kentucky State University,,,,,,,,,,,,,,,,,,no career
1976,68.0,68.0,GSW,Jeff Fosnes,Vanderbilt,,,,,,,,,,,,,,,,,,no career
1976,71.0,71.0,KCK,Willie Hodge,Duke,,,,,,,,,,,,,,,,,,no career
1976,72.0,72.0,DET,Jim Hearns,Marymount College,,,,,,,,,,,,,,,,,,no career
1976,73.0,73.0,POR,Gary Redding,Auburn,,,,,,,,,,,,,,,,,,no career
1976,75.0,75.0,MIL,Tom Lockhart,Manhattan University,,,,,,,,,,,,,,,,,,no career
1976,76.0,76.0,NYK,Beaver Smith,St. John's,,,,,,,,,,,,,,,,,,no career
1976,77.0,77.0,MIL,James Rappis,Arizona,,,,,,,,,,,,,,,,,,no career
1976,78.0,78.0,HOU,Dave Marrs,Houston,,,,,,,,,,,,,,,,,,no career
1976,79.0,79.0,PHO,Ralph Walker,Saint Mary's,,,,,,,,,,,,,,,,,,no career
1976,80.0,80.0,SEA,Robert Gray,Wichita State,,,,,,,,,,,,,,,,,,no career
1976,81.0,81.0,PHI,Jeff Brown,Missouri Western State College,,,,,,,,,,,,,,,,,,no career
1976,82.0,82.0,ATL,Connie White,California,,,,,,,,,,,,,,,,,,no career
1976,83.0,83.0,WSB,L.C. Mason,Alabama State University,,,,,,,,,,,,,,,,,,no career
1976,85.0,85.0,BOS,Lewis McKinney,Saint Louis,,,,,,,,,,,,,,,,,,no career
1976,86.0,86.0,GSW,Carl Bird,California,,,,,,,,,,,,,,,,,,no career
1976,87.0,87.0,CHI,Tom Paulin,Winston-Salem State,,,,,,,,,,,,,,,,,,no career
1976,88.0,88.0,ATL,Pete Padgett,Nevada,,,,,,,,,,,,,,,,,,no career
1976,90.0,90.0,DET,Russell Davis,Virginia Tech,,,,,,,,,,,,,,,,,,no career
1976,91.0,91.0,GSW,Dwayne Barnett,Stanford,,,,,,,,,,,,,,,,,,no career
1976,92.0,92.0,MIL,Phil Spence,NC State,,,,,,,,,,,,,,,,,,no career
1976,93.0,93.0,NYK,Joe Jones,Grambling State University,,,,,,,,,,,,,,,,,,no career
1976,94.0,94.0,NOJ,Bernard Tomlin,Hofstra,,,,,,,,,,,,,,,,,,no career
1976,95.0,95.0,LAL,Ed Schweitzer,Stanford,,,,,,,,,,,,,,,,,,no career
1976,96.0,96.0,HOU,Robert Paige,Houston Baptist University,,,,,,,,,,,,,,,,,,no career
1976,97.0,97.0,PHO,Carl Brown,Eastern Kentucky University,,,,,,,,,,,,,,,,,,no career
1976,98.0,98.0,SEA,Daryl Peterson,Wake Forest,,,,,,,,,,,,,,,,,,no career
1976,100.0,100.0,BUF,Danny Odums,Fairfield,,,,,,,,,,,,,,,,,,no career
1976,101.0,101.0,WSB,Pat Tallent,George Washington,,,,,,,,,,,,,,,,,,no career
1976,104.0,104.0,GSW,Gene Cunningham,Norfolk State,,,,,,,,,,,,,,,,,,no career
1976,105.0,105.0,CHI,Barry McLeod,Centenary (LA),,,,,,,,,,,,,,,,,,no career
1976,106.0,106.0,ATL,Carl Gerlach,Kansas State,,,,,,,,,,,,,,,,,,no career
1976,107.0,107.0,KCK,Craig Prosser,Canisius,,,,,,,,,,,,,,,,,,no career
1976,108.0,108.0,DET,Curt Peterson,University of Puget Sound,,,,,,,,,,,,,,,,,,no career
1976,109.0,109.0,POR,Al DeWitt,Weber State,,,,,,,,,,,,,,,,,,no career
1976,110.0,110.0,NYK,Boyd Batts,UNLV,,,,,,,,,,,,,,,,,,no career
1976,112.0,112.0,MIL,Ron Barrow,Southern University and A&M College,,,,,,,,,,,,,,,,,,no career
1976,113.0,113.0,LAL,Tommie Lipsey,UCLA,,,,,,,,,,,,,,,,,,no career
1976,114.0,114.0,HOU,Barry Davis,Texas A&M,,,,,,,,,,,,,,,,,,no career
1976,115.0,115.0,PHO,Brad Warble,Eastern Illinois University,,,,,,,,,,,,,,,,,,no career
1976,116.0,116.0,SEA,Mark Klein,Malone College,,,,,,,,,,,,,,,,,,no career
1976,118.0,118.0,BUF,Frank Jones,Tennessee Technological University,,,,,,,,,,,,,,,,,,no career
1976,119.0,119.0,WSB,Ralph Vallot,Loyola Chicago,,,,,,,,,,,,,,,,,,no career
1976,120.0,120.0,CLE,Johnny Britt,Western Kentucky,,,,,,,,,,,,,,,,,,no career
1976,122.0,122.0,GSW,Jesse Campbell,Mercyhurst College,,,,,,,,,,,,,,,,,,no career
1976,123.0,123.0,CLE,Dale Koehler,Wisconsin,,,,,,,,,,,,,,,,,,no career
1976,124.0,124.0,ATL,Doug Terry,Utah,,,,,,,,,,,,,,,,,,no career
1976,125.0,125.0,KCK,Mike Davis,Bradley,,,,,,,,,,,,,,,,,,ambiguous candidates
1976,126.0,126.0,DET,Randy Henry,Illinois State,,,,,,,,,,,,,,,,,,no career
1976,127.0,127.0,POR,Brant Gibler,University of Puget Sound,,,,,,,,,,,,,,,,,,no career
1976,128.0,128.0,NOJ,Richard Bryant,Texas State University,,,,,,,,,,,,,,,,,,no career
1976,129.0,129.0,MIL,Bob Warner,University of Maine,,,,,,,,,,,,,,,,,,no career
1976,130.0,130.0,NYK,Rick McCutcheon,Arizona State,,,,,,,,,,,,,,,,,,no career
1976,131.0,131.0,LAL,Ed Gregg,Utah State University,,,,,,,,,,,,,,,,,,no career
1976,132.0,132.0,HOU,Dan Krueger,Texas,,,,,,,,,,,,,,,,,,no career
1976,133.0,133.0,PHO,Tom DeBerry,Northern Arizona University,,,,,,,,,,,,,,,,,,no career
1976,135.0,135.0,PHI,Lee Dixon,Hardin-Simmons University,,,,,,,,,,,,,,,,,,no career
1976,136.0,136.0,BUF,Mark McAndrew,Providence,,,,,,,,,,,,,,,,,,no career
1976,137.0,137.0,WSB,Merlin Wilson,Georgetown,,,,,,,,,,,,,,,,,,no career
1976,138.0,138.0,CLE,Tim Sisneros,Middle Tennessee,,,,,,,,,,,,,,,,,,no career
1976,139.0,139.0,BOS,John Clark,Northeastern University,,,,,,,,,,,,,,,,,,no career
1976,140.0,140.0,GSW,Stan Boskovich,West Virginia,,,,,,,,,,,,,,,,,,no career
1976,141.0,141.0,CHI,John Thomas,UConn,,,,,,,,,,,,,,,,,,no career
1976,142.0,142.0,ATL,Bob Kovach,San Diego State,,,,,,,,,,,,,,,,,,no career
1976,143.0,143.0,KCK,Dave Logan,Colorado,,,,,,,,,,,,,,,,,,no career
1976,144.0,144.0,DET,Bill Martin,Hartwick College,,,,,,,,,,,,,,,,,,no career
1976,145.0,145.0,POR,Rob Torresdal,Linfield College,,,,,,,,,,,,,,,,,,no career
1976,146.0,146.0,MIL,Bennie Shaw,Central Florida,,,,,,,,,,,,,,,,,,no career
1976,147.0,147.0,NYK,Archie Talley,Salem University,,,,,,,,,,,,,,,,,,no career
1976,148.0,148.0,NOJ,Calvin Robinson,Mississippi Valley State University,,,,,,,,,,,,,,,,,,no career
1976,149.0,149.0,LAL,David Pickett,Louisiana-Monroe,,,,,,,,,,,,,,,,,,no career
1976,150.0,150.0,PHO,John Irving,Hofstra,,,,,,,,,,,,,,,,,,no career
1976,151.0,151.0,SEA,Ron Johnson,North Carolina A&T,,,,,,,,,,,,,,,,,,no career
1976,152.0,152.0,PHI,Fly Williams,Austin Peay State University,,,,,,,,,,,,,,,,,,no career
1976,153.0,153.0,BUF,Bob Rozyczko,St. Bonaventure,,,,,,,,,,,,,,,,,,no career
1976,154.0,154.0,WSB,Clyde Agnew,Newberry College,,,,,,,,,,,,,,,,,,no career
1976,155.0,155.0,CLE,Bruce Parkinson,Purdue,,,,,,,,,,,,,,,,,,no career
1976,156.0,156.0,BOS,Bill Collins,Boston College,,,,,,,,,,,,,,,,,,no career
1976,157.0,157.0,GSW,Howard Smith,San Francisco,,,,,,,,,,,,,,,,,,no career
1976,158.0,158.0,CHI,John Hudson,Concord University,,,,,,,,,,,,,,,,,,no career
1976,159.0,159.0,ATL,Mike Dickerson,South Florida,,,,,,,,,,,,,,,,,,no career
1976,160.0,160.0,KCK,Terry Bailey,University of North Texas,,,,,,,,,,,,,,,,,,no career
1976,161.0,161.0,DET,Bob Johnson,Wisconsin,,,,,,,,,,,,,,,,,,no career
1976,162.0,162.0,POR,Marcos Leite,Pepperdine,,,,,,,,,,,,,,,,,,no career
1976,163.0,163.0,NYK,Gene Shy,Florida,,,,,,,,,,,,,,,,,,no career
1976,164.0,164.0,NOJ,Art Johnson,Iowa State,,,,,,,,,,,,,,,,,,no career
1976,165.0,165.0,MIL,Hugo Cabrera,,,,,,,,,,,,,,,,,,,no career
1976,166.0,166.0,PHO,Gary Jackson,Arizona State,,,,,,,,,,,,,,,,,,no career
1976,167.0,167.0,SEA,Ricky Lewis,Alcorn State,,,,,,,,,,,,,,,,,,no career
1976,168.0,168.0,PHI,Ed Stefanski,Penn,,,,,,,,,,,,,,,,,,no career
1976,169.0,169.0,BUF,Tim Stokes,Canisius,,,,,,,,,,,,,,,,,,no career
1976,170.0,170.0,WSB,Mike Buescher,Seton Hall,,,,,,,,,,,,,,,,,,no career
1976,171.0,171.0,CLE,Elisha McSweeney,Minnesota State University Mankato,,,,,,,,,,,,,,,,,,no career
1976,172.0,172.0,BOS,Otho Tucker,Illinois,,,,,,,,,,,,,,,,,,no career
1976,173.0,173.0,GSW,Ken Smith,San Diego State,,,,,,,,,,,,,,,,,,no career
1977,27.0,27.0,MIL,Glen Williams,St. John's,,,,,,,,,,,,,,,,,,no career
1977,38.0,38.0,GSW,Ricky Love,,,,,,,,,,,,,,,,,,,no career
1977,43.0,43.0,PHI,Herm Harris,Arizona,,,,,,,,,,,,,,,,,,no career
1977,45.0,45.0,KCK,Bill Paterno,Notre Dame,,,,,,,,,,,,,,,,,,no career
1977,47.0,47.0,MIL,Gary Yoder,Cincinnati,,,,,,,,,,,,,,,,,,no career
1977,49.0,49.0,ATL,Eddie Johnson,Auburn,10.0,675.0,19975.0,10163.0,1522.0,3436.0,0.476,,0.791,29.6,15.1,2.3,5.1,41.0,0.098,0.4,12.1,ambiguous candidates
1977,50.0,50.0,NOJ,Tony Hanson,UConn,,,,,,,,,,,,,,,,,,no career
1977,51.0,51.0,IND,Stan Mayhew,Weber State,,,,,,,,,,,,,,,,,,no career
1977,54.0,54.0,NYK,Lloyd McMillian,Cal State Long Beach,,,,,,,,,,,,,,,,,,no career
1977,55.0,55.0,CLE,Steve Grote,Michigan,,,,,,,,,,,,,,,,,,no career
1977,56.0,56.0,BOS,Skip Brown,Wake Forest,,,,,,,,,,,,,,,,,,no career
1977,57.0,57.0,WSB,Steve Puidokas,Washington State,,,,,,,,,,,,,,,,,,no career
1977,58.0,58.0,DET,John Irving,Hofstra,,,,,,,,,,,,,,,,,,no career
1977,59.0,59.0,SAS,Dan Henderson,Arkansas State University,,,,,,,,,,,,,,,,,,no career
1977,61.0,61.0,WSB,Jerry Schellenberg,Wake Forest,,,,,,,,,,,,,,,,,,no career
1977,63.0,63.0,POR,Ricky Brown,Alabama,,,,,,,,,,,,,,,,,,no career
1977,64.0,64.0,PHI,Arnold Dugger,Oral Roberts,,,,,,,,,,,,,,,,,,no career
1977,67.0,67.0,NJN,Bob Elmore,Wichita State,,,,,,,,,,,,,,,,,,no career
1977,68.0,68.0,BUF,Melvin Watkins,UNC Charlotte,,,,,,,,,,,,,,,,,,no career
1977,70.0,70.0,ATL,Dave Bormann,Gardner-Webb University,,,,,,,,,,,,,,,,,,no career
1977,73.0,73.0,IND,George Pendleton,Georgia State University,,,,,,,,,,,,,,,,,,no career
1977,74.0,74.0,SEA,Jim Cooper,Alabama State University,,,,,,,,,,,,,,,,,,no career
1977,75.0,75.0,KCK,Larry Williams,Texas Southern,,,,,,,,,,,,,,,,,,no career
1977,77.0,77.0,CLE,Melvin Jones,West Texas A&M University,,,,,,,,,,,,,,,,,,no career
1977,78.0,78.0,BOS,Jeff Cummings,Tulane,,,,,,,,,,,,,,,,,,no career
1977,79.0,79.0,CHI,Mike McConalthy,Louisiana Tech,,,,,,,,,,,,,,,,,,no career
1977,80.0,80.0,DET,Bruce King,Iowa,,,,,,,,,,,,,,,,,,no career
1977,81.0,81.0,SAS,Matt Hicks,Northern Illinois,,,,,,,,,,,,,,,,,,no career
1977,82.0,82.0,GSW,Roy Smith,Kentucky State University,,,,,,,,,,,,,,,,,,no career
1977,83.0,83.0,WSB,David Reavis,Georgia,,,,,,,,,,,,,,,,,,no career
1977,84.0,84.0,HOU,Rocky Smith,Oregon State,,,,,,,,,,,,,,,,,,no career
1977,85.0,85.0,POR,Greg White,USC,,,,,,,,,,,,,,,,,,no career
1977,86.0,86.0,PHI,Jeff Jonas,Utah,,,,,,,,,,,,,,,,,,no career
1977,87.0,87.0,GSW,Leartha Scott,University of Wisconsin-Parkside,,,,,,,,,,,,,,,,,,no career
1977,89.0,89.0,NJN,Gerald Cunningham,Kentucky State University,,,,,,,,,,,,,,,,,,no career
1977,90.0,90.0,BUF,Mike Hanley,Niagara University,,,,,,,,,,,,,,,,,,no career
1977,91.0,91.0,MIL,Ron Norwood,DePaul,,,,,,,,,,,,,,,,,,no career
1977,92.0,92.0,ATL,Bill Gordon,Chattanooga,,,,,,,,,,,,,,,,,,no career
1977,93.0,93.0,PHO,Cecil Rellford,St. John's,,,,,,,,,,,,,,,,,,no career
1977,94.0,94.0,NOJ,Jim Grady,Gonzaga,,,,,,,,,,,,,,,,,,no career
1977,95.0,95.0,IND,Marvin Jackson,Prairie View A&M University,,,,,,,,,,,,,,,,,,no career
1977,96.0,96.0,SEA,Dale Haverman,McKendree College,,,,,,,,,,,,,,,,,,no career
1977,97.0,97.0,KCK,Bob Chapman,Michigan State,,,,,,,,,,,,,,,,,,no career
1977,98.0,98.0,NYK,Bill Terry,Monmouth University,,,,,,,,,,,,,,,,,,no career
1977,99.0,99.0,CLE,Al Smith,Jackson State University,,,,,,,,,,,,,,,,,,no career
1977,100.0,100.0,BOS,Bill Langloh,Virginia,,,,,,,,,,,,,,,,,,no career
1977,101.0,101.0,CHI,Nate Davis,South Carolina,,,,,,,,,,,,,,,,,,no career
1977,102.0,102.0,DET,Jim Kennedy,Missouri,,,,,,,,,,,,,,,,,,no career
1977,105.0,105.0,WSB,Bruce Parkinson,Purdue,,,,,,,,,,,,,,,,,,no career
1977,106.0,106.0,HOU,Ed Thompson,Idaho State University,,,,,,,,,,,,,,,,,,no career
1977,107.0,107.0,POR,Donn Wilber,La Salle,,,,,,,,,,,,,,,,,,no career
1977,108.0,108.0,PHI,Teko Wynder,Tulsa,,,,,,,,,,,,,,,,,,no career
1977,109.0,109.0,DEN,John Billips,Ole Miss,,,,,,,,,,,,,,,,,,no career
1977,110.0,110.0,LAL,John Robinson,Michigan,,,,,,,,,,,,,,,,,,no career
1977,112.0,112.0,BUF,Curvan Lewis,Virginia Union University,,,,,,,,,,,,,,,,,,no career
1977,113.0,113.0,MIL,Chuck Goodyear,Miami University,,,,,,,,,,,,,,,,,,no career
1977,114.0,114.0,ATL,Calvin Crews,Louisiana,,,,,,,,,,,,,,,,,,no career
1977,116.0,116.0,NOJ,Wayne Golden,Chattanooga,,,,,,,,,,,,,,,,,,no career
1977,118.0,118.0,SEA,Bucky O'Brien,Seattle University,,,,,,,,,,,,,,,,,,no career
1977,119.0,119.0,KCK,Bob Cooper,Providence,,,,,,,,,,,,,,,,,,no career
1977,120.0,120.0,NYK,Jerry Craycraft,Milligan College,,,,,,,,,,,,,,,,,,no career
1977,121.0,121.0,CLE,Ron Cox,Eastern Washington,,,,,,,,,,,,,,,,,,no career
1977,122.0,122.0,BOS,Roy Pace,Rutgers University-Camden,,,,,,,,,,,,,,,,,,no career
1977,123.0,123.0,CHI,Jay Cheesman,BYU,,,,,,,,,,,,,,,,,,no career
1977,124.0,124.0,DET,Herb Nobles,Kansas,,,,,,,,,,,,,,,,,,no career
1977,125.0,125.0,SAS,Bruce Buckley,UNC,,,,,,,,,,,,,,,,,,no career
1977,126.0,126.0,GSW,Jack Phelan,Saint Francis University,,,,,,,,,,,,,,,,,,no career
1977,127.0,127.0,WSB,Ernie Wansley,Virginia Tech,,,,,,,,,,,,,,,,,,no career
1977,128.0,128.0,POR,Myron Jordan,University of the Pacific,,,,,,,,,,,,,,,,,,no career
1977,129.0,129.0,PHI,George Gibson,Winston-Salem State,,,,,,,,,,,,,,,,,,no career
1977,130.0,130.0,DEN,Jim Town,UMass,,,,,,,,,,,,,,,,,,no career
1977,131.0,131.0,LAL,Grover Woolard,Murray State,,,,,,,,,,,,,,,,,,no career
1977,132.0,132.0,NJN,Scott Conant,Newberry College,,,,,,,,,,,,,,,,,,no career
1977,133.0,133.0,BUF,Mike Jackson,Tennessee,,,,,,,,,,,,,,,,,,no career
1977,134.0,134.0,MIL,Ron Bostick,Detroit Mercy,,,,,,,,,,,,,,,,,,no career
1977,135.0,135.0,ATL,James Holliman,Arizona State,,,,,,,,,,,,,,,,,,no career
1977,137.0,137.0,NOJ,Lusia Harris,Delta State University,,,,,,,,,,,,,,,,,,no career
1977,138.0,138.0,SEA,Billy Reynolds,Northwestern State University,,,,,,,,,,,,,,,,,,no career
1977,139.0,139.0,KCK,Caitlyn Jenner,Graceland University,,,,,,,,,,,,,,,,,,no career
1977,140.0,140.0,NYK,Tom Weadock,St. John's,,,,,,,,,,,,,,,,,,no career
1977,141.0,141.0,CLE,Bob Riddle,Eastern Michigan,,,,,,,,,,,,,,,,,,no career
1977,142.0,142.0,BOS,Dave Kyle,Cleveland State University,,,,,,,,,,,,,,,,,,no career
1977,143.0,143.0,CHI,Mike Smith,University of Evansville,,,,,,,,,,,,,,,,,,no career
1977,144.0,144.0,DET,Robert Lewis,Johnson C. Smith University,,,,,,,,,,,,,,,,,,no career
1977,145.0,145.0,SAS,Richard Robinson,New Mexico,,,,,,,,,,,,,,,,,,no career
1977,146.0,146.0,GSW,Jerry Thruston,Mercer University,,,,,,,,,,,,,,,,,,no career
1977,147.0,147.0,WSB,Calvin Brown,American University,,,,,,,,,,,,,,,,,,no career
1977,149.0,149.0,PHI,Dennis Forrest,Nebraska-Omaha,,,,,,,,,,,,,,,,,,no career
1977,150.0,150.0,DEN,Willie High,Alabama State University,,,,,,,,,,,,,,,,,,no career
1977,153.0,153.0,BUF,Emery Sammons,Philadelphia University,,,,,,,,,,,,,,,,,,no career
1977,154.0,154.0,MIL,Larry Pikes,UW-Milwaukee,,,,,,,,,,,,,,,,,,no career
1977,155.0,155.0,ATL,Verne Thompson,BYU,,,,,,,,,,,,,,,,,,no career
1977,156.0,156.0,PHO,Alvin Joseph,University of California Riverside,,,,,,,,,,,,,,,,,,no career
1977,157.0,157.0,NOJ,Dave Speicher,Toledo,,,,,,,,,,,,,,,,,,no career
1977,158.0,158.0,SEA,Jeff Frey,University of Evansville,,,,,,,,,,,,,,,,,,no career
1977,159.0,159.0,NYK,Ken Slappy,Saint Peter's College,,,,,,,,,,,,,,,,,,no career
1977,160.0,160.0,CLE,Tom Cutter,Western Michigan,,,,,,,,,,,,,,,,,,no career
1977,161.0,161.0,BOS,Tom Harris,Bowling Green,,,,,,,,,,,,,,,,,,no career
1977,162.0,162.0,CHI,Rich Rhodes,Eastern Illinois University,,,,,,,,,,,,,,,,,,no career
1977,163.0,163.0,DET,Tim Appleton,Kenyon College,,,,,,,,,,,,,,,,,,no career
1977,164.0,164.0,SAS,Jerome Gladney,Arizona,,,,,,,,,,,,,,,,,,no career
1977,166.0,166.0,WSB,Pat McKinley,Towson University,,,,,,,,,,,,,,,,,,no career
1977,167.0,167.0,POR,Harold Rhodes,Washington,,,,,,,,,,,,,,,,,,no career
1977,169.0,169.0,DEN,Len Sanders,Florida,,,,,,,,,,,,,,,,,,no career
1977,170.0,170.0,LAL,Art Allen,Pepperdine,,,,,,,,,,,,,,,,,,no career
1978,4.0,4.0,NYK,Michael Ray Richardson,Montana,8.0,556.0,18589.0,8253.0,3056.0,3899.0,0.457,,0.69,33.4,14.8,5.5,7.0,35.2,0.091,2.5,21.2,no name match
1978,12.0,12.0,MIL,George Johnson,St. John's,8.0,464.0,9878.0,4214.0,2610.0,817.0,0.463,,0.779,21.3,9.1,5.6,1.8,14.1,0.068,-1.4,1.4,ambiguous candidates
1978,17.0,17.0,DEN,Rod Griffin,Wake Forest,,,,,,,,,,,,,,,,,,no career
1978,28.0,28.0,HOU,Buster Matheney,Utah,,,,,,,,,,,,,,,,,,no career
1978,31.0,31.0,CHI,Marvin Johnson,New Mexico,,,,,,,,,,,,,,,,,,no career
1978,37.0,37.0,WSB,Terry Sykes,Grambling State University,,,,,,,,,,,,,,,,,,no career
1978,38.0,38.0,LAL,Lew Massey,UNC Charlotte,,,,,,,,,,,,,,,,,,no career
1978,39.0,39.0,SEA,James Lee,Kentucky,,,,,,,,,,,,,,,,,,no career
1978,42.0,42.0,SEA,Keven McDonald,Penn,,,,,,,,,,,,,,,,,,no career
1978,45.0,45.0,NJN,Mike Phillips,Kentucky,,,,,,,,,,,,,,,,,,no career
1978,48.0,48.0,SDC,Mike Santos,Utah State University,,,,,,,,,,,,,,,,,,no career
1978,50.0,50.0,BOS,Dana Skinner,Merrimack College,,,,,,,,,,,,,,,,,,no career
1978,51.0,51.0,SDC,Ricky Gallon,Louisville,,,,,,,,,,,,,,,,,,no career
1978,52.0,52.0,KCK,Mike Russell,Texas Tech,,,,,,,,,,,,,,,,,,no career
1978,53.0,53.0,CHI,Randy Ayers,Miami University,,,,,,,,,,,,,,,,,,no career
1978,54.0,54.0,ATL,Steve Grant,Manhattan University,,,,,,,,,,,,,,,,,,no career
1978,56.0,56.0,GSW,Steve Neff,Southern Nazarene University,,,,,,,,,,,,,,,,,,no career
1978,58.0,58.0,WSB,Rick Apke,Creighton,,,,,,,,,,,,,,,,,,no career
1978,61.0,61.0,SEA,Dave Baxter,Michigan,,,,,,,,,,,,,,,,,,no career
1978,65.0,65.0,SDC,Marvin Delph,Arkansas,,,,,,,,,,,,,,,,,,no career
1978,66.0,66.0,POR,Sterling Edmonds,Dartmouth College,,,,,,,,,,,,,,,,,,no career
1978,68.0,68.0,SDC,Jim Boylan,Marquette,,,,,,,,,,,,,,,,,,no career
1978,69.0,69.0,HOU,Joel Thompson,Michigan,,,,,,,,,,,,,,,,,,no career
1978,71.0,71.0,IND,Rickey Lee,Oregon State,,,,,,,,,,,,,,,,,,no career
1978,72.0,72.0,BOS,Dave Nelson,Bloomfield College,,,,,,,,,,,,,,,,,,no career
1978,73.0,73.0,SDC,Larry Harris,Pitt,,,,,,,,,,,,,,,,,,no career
1978,75.0,75.0,NOJ,Jeff Covington,Youngstown State University,,,,,,,,,,,,,,,,,,no career
1978,76.0,76.0,SDC,Leroy McDonald,Wake Forest,,,,,,,,,,,,,,,,,,no career
1978,77.0,77.0,GSW,Derrick Jackson,Georgetown,,,,,,,,,,,,,,,,,,no career
1978,78.0,78.0,CLE,Stan Rome,Clemson,,,,,,,,,,,,,,,,,,no career
1978,79.0,79.0,NYK,Erving Giddings,Dayton,,,,,,,,,,,,,,,,,,no career
1978,82.0,82.0,LAL,Harold Robertson,Lincoln University of Missouri,,,,,,,,,,,,,,,,,,no career
1978,83.0,83.0,SEA,Billy Lewis,Illinois State,,,,,,,,,,,,,,,,,,no career
1978,86.0,86.0,SAS,Rich Adams,Illinois,,,,,,,,,,,,,,,,,,no career
1978,88.0,88.0,PHO,Wayne Smith,University of California Irvine,,,,,,,,,,,,,,,,,,no career
1978,89.0,89.0,NJN,Cecil Rose,Houston,,,,,,,,,,,,,,,,,,no career
1978,91.0,91.0,HOU,Gary Goodner,Texas,,,,,,,,,,,,,,,,,,no career
1978,92.0,92.0,IND,James Sparrow,North Carolina A&T,,,,,,,,,,,,,,,,,,no career
1978,93.0,93.0,KCK,Derrick Clairborne,UMass,,,,,,,,,,,,,,,,,,no career
1978,94.0,94.0,BOS,Greg Tynes,Seton Hall,,,,,,,,,,,,,,,,,,no career
1978,95.0,95.0,DET,Dave Caligaris,Northeastern University,,,,,,,,,,,,,,,,,,no career
1978,97.0,97.0,CHI,Ron Anthony,Jacksonville University,,,,,,,,,,,,,,,,,,no career
1978,98.0,98.0,ATL,Chris Potter,Holy Cross,,,,,,,,,,,,,,,,,,no career
1978,99.0,99.0,CLE,Ken Koenigs,Kansas,,,,,,,,,,,,,,,,,,no career
1978,100.0,100.0,NYK,Greg Green,Southern University and A&M College,,,,,,,,,,,,,,,,,,no career
1978,102.0,102.0,WSB,Roger Dickens,Towson University,,,,,,,,,,,,,,,,,,no career
1978,103.0,103.0,MIL,Russ Coleman,University of the Pacific,,,,,,,,,,,,,,,,,,no career
1978,106.0,106.0,DEN,Michael Edwards,University of Texas Rio Grande Valley,,,,,,,,,,,,,,,,,,no career
1978,108.0,108.0,SAS,Eugene Parker,Purdue,,,,,,,,,,,,,,,,,,no career
1978,109.0,109.0,PHI,Mark Haymore,UMass,,,,,,,,,,,,,,,,,,no career
1978,111.0,111.0,NJN,Golie Augustus,South Carolina,,,,,,,,,,,,,,,,,,no career
1978,112.0,112.0,SDC,Bob Misevicius,Providence,,,,,,,,,,,,,,,,,,no career
1978,113.0,113.0,HOU,Eddie Joe Chavez,Santa Clara,,,,,,,,,,,,,,,,,,no career
1978,114.0,114.0,KCK,Jim Krivacs,Texas,,,,,,,,,,,,,,,,,,no career
1978,115.0,115.0,IND,Sherman Dillard,James Madison University,,,,,,,,,,,,,,,,,,no career
1978,116.0,116.0,BOS,Dave Winey,Minnesota,,,,,,,,,,,,,,,,,,no career
1978,117.0,117.0,DET,Audie Matthews,Illinois,,,,,,,,,,,,,,,,,,no career
1978,119.0,119.0,CHI,John Shoemaker,Miami University,,,,,,,,,,,,,,,,,,no career
1978,120.0,120.0,ATL,Gerald Glover,Howard University,,,,,,,,,,,,,,,,,,no career
1978,121.0,121.0,NYK,Eddie Warren,Briar Cliff University,,,,,,,,,,,,,,,,,,no career
1978,122.0,122.0,GSW,Buzz Harnett,University of San Diego,,,,,,,,,,,,,,,,,,no career
1978,123.0,123.0,CLE,Ron Bell,Virginia Tech,,,,,,,,,,,,,,,,,,no career
1978,124.0,124.0,MIL,Dave Kyle,Cleveland State University,,,,,,,,,,,,,,,,,,no career
1978,125.0,125.0,WSB,Archie Aldridge,Miami University,,,,,,,,,,,,,,,,,,no career
1978,126.0,126.0,LAL,Kim Stewart,Washington,,,,,,,,,,,,,,,,,,no career
1978,127.0,127.0,DEN,Robert Heard,Columbus State University,,,,,,,,,,,,,,,,,,no career
1978,128.0,128.0,PHO,Charles Thompson,Houston,,,,,,,,,,,,,,,,,,no career
1978,129.0,129.0,SAS,Harry Morgan,Indiana State University,,,,,,,,,,,,,,,,,,no career
1978,130.0,130.0,PHI,Osborne Lockhart,Minnesota,,,,,,,,,,,,,,,,,,no career
1978,131.0,131.0,POR,Tim Evans,University of Puget Sound,,,,,,,,,,,,,,,,,,no career
1978,132.0,132.0,NJN,Doug Jemison,San Francisco,,,,,,,,,,,,,,,,,,no career
1978,134.0,134.0,HOU,Stan Stewart,Loyola Marymount,,,,,,,,,,,,,,,,,,no career
1978,135.0,135.0,IND,Ollie Matson Jr.,Pepperdine,,,,,,,,,,,,,,,,,,no career
1978,136.0,136.0,KCK,Charles McMillian,University of North Texas,,,,,,,,,,,,,,,,,,no career
1978,137.0,137.0,BOS,Steve Balkun,Fairfield,,,,,,,,,,,,,,,,,,no career
1978,138.0,138.0,DET,Herb Entzminger,Johnson C. Smith University,,,,,,,,,,,,,,,,,,no career
1978,139.0,139.0,NOJ,Willie Howard,New Mexico,,,,,,,,,,,,,,,,,,no career
1978,140.0,140.0,CHI,Jarvis Reynolds,West Georgia,,,,,,,,,,,,,,,,,,no career
1978,141.0,141.0,ATL,Jim DeWeese,Gonzaga,,,,,,,,,,,,,,,,,,no career
1978,142.0,142.0,GSW,Rick Bernard,Saint Mary's,,,,,,,,,,,,,,,,,,no career
1978,143.0,143.0,CLE,Tony Smith,UNLV,,,,,,,,,,,,,,,,,,no career
1978,144.0,144.0,NYK,Gary Pember,Nasson College,,,,,,,,,,,,,,,,,,no career
1978,145.0,145.0,WSB,Ed Hopkins,Georgetown,,,,,,,,,,,,,,,,,,no career
1978,147.0,147.0,LAL,Larry Paige,Colorado State,,,,,,,,,,,,,,,,,,no career
1978,148.0,148.0,DEN,Jack Gilloon,South Carolina,,,,,,,,,,,,,,,,,,no career
1978,150.0,150.0,SAS,Hector Olivencia,Sacred Heart University,,,,,,,,,,,,,,,,,,no career
1978,151.0,151.0,PHI,Anthony Murray,Alabama,,,,,,,,,,,,,,,,,,no career
1978,152.0,152.0,POR,Walter Reason,Pacific University,,,,,,,,,,,,,,,,,,no career
1978,153.0,153.0,NJN,Bruce Campbell,Providence,,,,,,,,,,,,,,,,,,no career
1978,154.0,154.0,SDC,Felton Young,Jacksonville University,,,,,,,,,,,,,,,,,,no career
1978,155.0,155.0,KCK,Ron Hammye,Bowling Green,,,,,,,,,,,,,,,,,,no career
1978,156.0,156.0,BOS,Kim Fisher,Fairfield,,,,,,,,,,,,,,,,,,no career
1978,160.0,160.0,ATL,Ed Murphy,Merrimack College,,,,,,,,,,,,,,,,,,no career
1978,161.0,161.0,CLE,Roland Martin,Missouri Southern State,,,,,,,,,,,,,,,,,,no career
1978,162.0,162.0,NYK,Greg Sanders,St. Bonaventure,,,,,,,,,,,,,,,,,,no career
1978,163.0,163.0,GSW,Tony Searcy,Appalachian State University,,,,,,,,,,,,,,,,,,no career
1978,164.0,164.0,MIL,Tom Zaliagiris,UNC,,,,,,,,,,,,,,,,,,no career
1978,165.0,165.0,WSB,Nestor Cora,St. Francis College,,,,,,,,,,,,,,,,,,no career
1978,166.0,166.0,DEN,Larry Vaculik,Colorado,,,,,,,,,,,,,,,,,,no career
1978,167.0,167.0,PHO,George Fowler,University of the Pacific,,,,,,,,,,,,,,,,,,no career
1978,168.0,168.0,SAS,Henry Taylor,University of Texas Rio Grande Valley,,,,,,,,,,,,,,,,,,no career
1978,169.0,169.0,PHI,Alan Cunningham,Colorado State,,,,,,,,,,,,,,,,,,no career
1978,170.0,170.0,POR,Mark Wickman,Linfield College,,,,,,,,,,,,,,,,,,no career
1978,171.0,171.0,NJN,Frank Sowinski,Princeton,,,,,,,,,,,,,,,,,,no career
1978,172.0,172.0,SDC,Bobby White,Centenary (LA),,,,,,,,,,,,,,,,,,no career
1978,173.0,173.0,BOS,Les Anderson,George Washington,,,,,,,,,,,,,,,,,,no career
1978,174.0,174.0,DET,Ulice Payne,Marquette,,,,,,,,,,,,,,,,,,no career
1978,175.0,175.0,NOJ,Chad Nelson,Drake University,,,,,,,,,,,,,,,,,,no career
1978,176.0,176.0,CHI,Joe Ponsetto,DePaul,,,,,,,,,,,,,,,,,,no career
1978,177.0,177.0,ATL,Maurice Robinson,West Virginia,,,,,,,,,,,,,,,,,,no career
1978,178.0,178.0,NYK,Denny Fields,UNC Wilmington,,,,,,,,,,,,,,,,,,no career
1978,179.0,179.0,GSW,Bobby Humbles,Bradley,,,,,,,,,,,,,,,,,,no career
1978,180.0,180.0,CLE,Steve Bayless,Central State University,,,,,,,,,,,,,,,,,,no career
1978,181.0,181.0,WSB,Tim Claxton,Temple,,,,,,,,,,,,,,,,,,no career
1978,182.0,182.0,MIL,Gary Rosenberger,Marquette,,,,,,,,,,,,,,,,,,no career
1978,183.0,183.0,DEN,Tom Schneeberger,Air Force,,,,,,,,,,,,,,,,,,no career
1978,184.0,184.0,PHO,Nate Stokes,Grand Canyon University,,,,,,,,,,,,,,,,,,no career
1978,185.0,185.0,SAS,Rick Taylor,Arizona State,,,,,,,,,,,,,,,,,,no career
1978,186.0,186.0,POR,Paul Cozens,Holy Cross,,,,,,,,,,,,,,,,,,no career
1978,187.0,187.0,NJN,Michael Vicens,Holy Cross,,,,,,,,,,,,,,,,,,no career
1978,188.0,188.0,BOS,Walter Harrigan,Brandeis University,,,,,,,,,,,,,,,,,,no career
1978,189.0,189.0,DET,Dave Grauzer,Central Michigan University,,,,,,,,,,,,,,,,,,no career
1978,191.0,191.0,CHI,Mark Tucker,Oklahoma State,,,,,,,,,,,,,,,,,,no career
1978,192.0,192.0,ATL,Marshall Lester,Florida Southern College,,,,,,,,,,,,,,,,,,no career
1978,193.0,193.0,GSW,Mike Muff,Murray State,,,,,,,,,,,,,,,,,,no career
1978,194.0,194.0,CLE,Gary Winton,United States Military Academy,,,,,,,,,,,,,,,,,,no career
1978,195.0,195.0,NYK,Ernest Simons,Pace University,,,,,,,,,,,,,,,,,,no career
1978,196.0,196.0,MIL,Tom Anderson,Green Bay,,,,,,,,,,,,,,,,,,no career
1978,197.0,197.0,WSB,Steve Connor,Boise State,,,,,,,,,,,,,,,,,,no career
1978,198.0,198.0,DEN,Phil Taylor,Arizona,,,,,,,,,,,,,,,,,,no career
1978,199.0,199.0,PHO,Lewis Cohen,Cal Poly,,,,,,,,,,,,,,,,,,no career
1978,200.0,200.0,SAS,Larry Brewster,Florida,,,,,,,,,,,,,,,,,,no career
1978,201.0,201.0,PHI,Dennis James,Widener University,,,,,,,,,,,,,,,,,,no career
1978,202.0,202.0,POR,Tim Warkentin,Biola University,,,,,,,,,,,,,,,,,,no career
1979,20.0,20.0,UTA,Larry Knight,Loyola Chicago,,,,,,,,,,,,,,,,,,no career
1979,23.0,23.0,UTA,Tico Brown,Georgia Tech,,,,,,,,,,,,,,,,,,no career
1979,28.0,28.0,GSW,Danny Salisbury,University of Texas Rio Grande Valley,,,,,,,,,,,,,,,,,,no career
1979,33.0,33.0,CHI,Lawrence Butler,Idaho State University,,,,,,,,,,,,,,,,,,no career
1979,34.0,34.0,NYK,Kim Goetz,San Diego State,,,,,,,,,,,,,,,,,,no career
1979,35.0,35.0,ATL,James Bradley,Memphis,,,,,,,,,,,,,,,,,,no career
1979,38.0,38.0,ATL,Larry Wilson,Nicholls State,,,,,,,,,,,,,,,,,,no career
1979,39.0,39.0,LAL,Victor King,Louisiana Tech,,,,,,,,,,,,,,,,,,no career
1979,40.0,40.0,POR,Andrew Fields,Cheyney (PA),,,,,,,,,,,,,,,,,,no career
1979,41.0,41.0,LAL,Mark Young,Fairfield,,,,,,,,,,,,,,,,,,no career
1979,44.0,44.0,WSB,Joe DeSantis,Fairfield,,,,,,,,,,,,,,,,,,no career
1979,46.0,46.0,WSB,Andrew Parker,Iowa State,,,,,,,,,,,,,,,,,,no career
1979,51.0,51.0,NJN,John Gerdy,Davidson,,,,,,,,,,,,,,,,,,no career
1979,52.0,52.0,MIL,Larry Gibson,Maryland,,,,,,,,,,,,,,,,,,no career
1979,55.0,55.0,SDC,Tom Channel,Boston University,,,,,,,,,,,,,,,,,,no career
1979,56.0,56.0,POR,Mickey Fox,Saint Mary's University,,,,,,,,,,,,,,,,,,no career
1979,57.0,57.0,ATL,Don Marsh,Franklin & Marshall College,,,,,,,,,,,,,,,,,,no career
1979,59.0,59.0,HOU,Ricardo Brown,Pepperdine,,,,,,,,,,,,,,,,,,no career
1979,60.0,60.0,LAL,Walter Daniels,Georgia,,,,,,,,,,,,,,,,,,no career
1979,61.0,61.0,BOS,Ernesto Malcolm,Briar Cliff University,,,,,,,,,,,,,,,,,,no career
1979,64.0,64.0,PHO,Al Green,LSU,,,,,,,,,,,,,,,,,,no career
1979,66.0,66.0,WSB,Charles Floyd,High Point University,,,,,,,,,,,,,,,,,,no career
1979,68.0,68.0,BOS,Nick Galis,Seton Hall,,,,,,,,,,,,,,,,,,no career
1979,69.0,69.0,MIL,Eugene Robinson,Louisiana-Monroe,,,,,,,,,,,,,,,,,,no career
1979,70.0,70.0,CLE,Rick Swing,The Citadel,,,,,,,,,,,,,,,,,,no career
1979,71.0,71.0,NYK,Larry Rogers,SE Missouri State,,,,,,,,,,,,,,,,,,no career
1979,72.0,72.0,CHI,George Maynor,East Carolina University,,,,,,,,,,,,,,,,,,no career
1979,74.0,74.0,IND,Don Newman,Idaho,,,,,,,,,,,,,,,,,,no career
1979,75.0,75.0,GSW,Ron Ripley,Green Bay,,,,,,,,,,,,,,,,,,no career
1979,76.0,76.0,HOU,Sammy Drummer,Georgia Tech,,,,,,,,,,,,,,,,,,no career
1979,77.0,77.0,SDC,Lionel Garrett,Southern University and A&M College,,,,,,,,,,,,,,,,,,no career
1979,78.0,78.0,POR,Darryl Robinson,Appalachian State University,,,,,,,,,,,,,,,,,,no career
1979,79.0,79.0,LAL,Ray White,Mississippi State,,,,,,,,,,,,,,,,,,no career
1979,80.0,80.0,HOU,Lionel Green,LSU,,,,,,,,,,,,,,,,,,no career
1979,81.0,81.0,LAL,Ricky Reed,Temple,,,,,,,,,,,,,,,,,,no career
1979,84.0,84.0,SAS,Al Daniel,Furman University,,,,,,,,,,,,,,,,,,no career
1979,86.0,86.0,PHO,Malcolm Cesare,Florida,,,,,,,,,,,,,,,,,,no career
1979,87.0,87.0,SEA,Richie Allen,Cal State Dominguez Hills,,,,,,,,,,,,,,,,,,no career
1979,88.0,88.0,WSB,Lamont Reid,Oral Roberts,,,,,,,,,,,,,,,,,,no career
1979,89.0,89.0,UTA,Perry Wolfe,Stanford,,,,,,,,,,,,,,,,,,no career
1979,90.0,90.0,BOS,Jimmy Allen,University of New Haven,,,,,,,,,,,,,,,,,,no career
1979,91.0,91.0,CLE,Matt Simpkins,Georgia Southern University,,,,,,,,,,,,,,,,,,no career
1979,92.0,92.0,DET,Flintie Ray Williams,UNLV,,,,,,,,,,,,,,,,,,no career
1979,93.0,93.0,CHI,Larry Washington,Drury University,,,,,,,,,,,,,,,,,,no career
1979,94.0,94.0,NYK,Johnny Green,University of California Riverside,,,,,,,,,,,,,,,,,,no career
1979,95.0,95.0,NJN,Jim Abromaitis,UConn,,,,,,,,,,,,,,,,,,no career
1979,96.0,96.0,GSW,George Lett,Centenary (LA),,,,,,,,,,,,,,,,,,no career
1979,97.0,97.0,MIL,Jim Tillman,Eastern Kentucky University,,,,,,,,,,,,,,,,,,no career
1979,99.0,99.0,SDC,Greg Joyner,Middle Tennessee,,,,,,,,,,,,,,,,,,no career
1979,100.0,100.0,POR,Matt White,Penn,,,,,,,,,,,,,,,,,,no career
1979,101.0,101.0,ATL,Tiny Pinder,NC State,,,,,,,,,,,,,,,,,,no career
1979,102.0,102.0,DEN,Larry Williams,Louisville,,,,,,,,,,,,,,,,,,no career
1979,103.0,103.0,PHI,Carl McPipe,Nebraska,,,,,,,,,,,,,,,,,,no career
1979,105.0,105.0,KCK,Curtis Watkins,DePaul,,,,,,,,,,,,,,,,,,no career
1979,106.0,106.0,SAS,Steve Schall,Arkansas,,,,,,,,,,,,,,,,,,no career
1979,108.0,108.0,WSB,Marshall Ashford,Virginia Tech,,,,,,,,,,,,,,,,,,no career
1979,109.0,109.0,UTA,Ernie Cobb,Boston College,,,,,,,,,,,,,,,,,,no career
1979,110.0,110.0,BOS,Marvin Delph,Arkansas,,,,,,,,,,,,,,,,,,no career
1979,111.0,111.0,DET,Truman Claytor,Kentucky,,,,,,,,,,,,,,,,,,no career
1979,112.0,112.0,CLE,Jon Manning,University of North Texas,,,,,,,,,,,,,,,,,,no career
1979,113.0,113.0,NYK,Phil Abney,New Mexico,,,,,,,,,,,,,,,,,,no career
1979,114.0,114.0,CHI,Steve Smith,USC,,,,,,,,,,,,,,,,,,no career
1979,115.0,115.0,NJN,Tony Smith,UNLV,,,,,,,,,,,,,,,,,,no career
1979,116.0,116.0,MIL,Derrick Mayes,Illinois State,,,,,,,,,,,,,,,,,,no career
1979,117.0,117.0,IND,Greg Guye,Stetson University,,,,,,,,,,,,,,,,,,no career
1979,118.0,118.0,GSW,Jim Mitchem,DePaul,,,,,,,,,,,,,,,,,,no career
1979,119.0,119.0,SDC,Bob Bender,Duke,,,,,,,,,,,,,,,,,,no career
1979,120.0,120.0,POR,Ray Ellis,Pepperdine,,,,,,,,,,,,,,,,,,no career
1979,121.0,121.0,ATL,Dwight Williams,Gardner-Webb University,,,,,,,,,,,,,,,,,,no career
1979,122.0,122.0,DEN,Odell Ball,Marquette,,,,,,,,,,,,,,,,,,no career
1979,123.0,123.0,PHI,Dan Hartshorne,Oregon,,,,,,,,,,,,,,,,,,no career
1979,124.0,124.0,HOU,Collie Davis,Southern University and A&M College,,,,,,,,,,,,,,,,,,no career
1979,125.0,125.0,SAS,Terry Knight,Pitt,,,,,,,,,,,,,,,,,,no career
1979,126.0,126.0,KCK,Bob Roma,Princeton,,,,,,,,,,,,,,,,,,no career
1979,127.0,127.0,PHO,Dale Shackleford,Syracuse,,,,,,,,,,,,,,,,,,no career
1979,128.0,128.0,WSB,Garcia Hopkins,Morgan State University,,,,,,,,,,,,,,,,,,no career
1979,129.0,129.0,UTA,Paul Poe,Louisiana College,,,,,,,,,,,,,,,,,,no career
1979,130.0,130.0,BOS,Steve Castellan,Virginia,,,,,,,,,,,,,,,,,,no career
1979,131.0,131.0,CLE,Steve Skaggs,Ohio University,,,,,,,,,,,,,,,,,,no career
1979,132.0,132.0,DET,Ken Jones,Saint Mary's,,,,,,,,,,,,,,,,,,no career
1979,133.0,133.0,CHI,Mike Eversley,Chicago State,,,,,,,,,,,,,,,,,,no career
1979,134.0,134.0,NYK,Marc Coleman,Seton Hall,,,,,,,,,,,,,,,,,,no career
1979,135.0,135.0,NJN,Jim Strickland,South Carolina,,,,,,,,,,,,,,,,,,no career
1979,136.0,136.0,IND,Dirk Ewing,Stetson University,,,,,,,,,,,,,,,,,,no career
1979,137.0,137.0,GSW,Ren Watson,VCU,,,,,,,,,,,,,,,,,,no career
1979,138.0,138.0,MIL,Stan Ray,Cal State Fullerton,,,,,,,,,,,,,,,,,,no career
1979,139.0,139.0,SDC,Jene Grey,LeMoyne College,,,,,,,,,,,,,,,,,,no career
1979,140.0,140.0,POR,Jeff Tropf,Central Michigan University,,,,,,,,,,,,,,,,,,no career
1979,141.0,141.0,ATL,Tim Waterman,St. Bonaventure,,,,,,,,,,,,,,,,,,no career
1979,142.0,142.0,PHI,Bobby Willis,Penn,,,,,,,,,,,,,,,,,,no career
1979,143.0,143.0,HOU,Rich Valavicius,Auburn,,,,,,,,,,,,,,,,,,no career
1979,145.0,145.0,KCK,Nick Daniels,Xavier,,,,,,,,,,,,,,,,,,no career
1979,146.0,146.0,SAS,Tyrone Branyan,Texas,,,,,,,,,,,,,,,,,,no career
1979,147.0,147.0,PHO,Ollie Matson Jr.,Pepperdine,,,,,,,,,,,,,,,,,,no career
1979,148.0,148.0,UTA,Keith McDonald,Utah State University,,,,,,,,,,,,,,,,,,no career
1979,149.0,149.0,BOS,Glenn Sudhop,NC State,,,,,,,,,,,,,,,,,,no career
1979,150.0,150.0,DET,Rodney Lee,Memphis,,,,,,,,,,,,,,,,,,no career
1979,151.0,151.0,CLE,Mark Haymore,UMass,,,,,,,,,,,,,,,,,,no career
1979,152.0,152.0,NYK,Billy Tucker,Tennessee State,,,,,,,,,,,,,,,,,,no career
1979,153.0,153.0,CHI,Tony Warren,NC State,,,,,,,,,,,,,,,,,,no career
1979,154.0,154.0,NJN,Henry Hollingsworth,Hofstra,,,,,,,,,,,,,,,,,,no career
1979,155.0,155.0,GSW,Mario Butler,Briar Cliff University,,,,,,,,,,,,,,,,,,no career
1979,156.0,156.0,MIL,Larry Spicer,UAB,,,,,,,,,,,,,,,,,,no career
1979,157.0,157.0,IND,Brian Magid,George Washington,,,,,,,,,,,,,,,,,,no career
1979,158.0,158.0,SDC,Renaldo Lawrence,Appalachian State University,,,,,,,,,,,,,,,,,,no career
1979,159.0,159.0,POR,Willie Pounds,Chaminade University of Honolulu,,,,,,,,,,,,,,,,,,no career
1979,160.0,160.0,ATL,John Goedeke,UMBC,,,,,,,,,,,,,,,,,,no career
1979,161.0,161.0,HOU,Delbert Watson,East Tennessee State University,,,,,,,,,,,,,,,,,,no career
1979,162.0,162.0,DEN,Matt Teahan,Denver,,,,,,,,,,,,,,,,,,no career
1979,163.0,163.0,PHI,Rick Raivio,University of Portland,,,,,,,,,,,,,,,,,,no career
1979,164.0,164.0,KCK,Tony Vann,,,,,,,,,,,,,,,,,,,no career
1979,165.0,165.0,PHO,Charles Jones,Albany State University,15.0,726.0,14095.0,1826.0,3253.0,623.0,0.48,0.0,0.618,19.4,2.5,4.5,0.9,24.6,0.084,-0.9,4.0,ambiguous candidates
1979,166.0,166.0,WSB,Jo Jo Walters,Manhattan University,,,,,,,,,,,,,,,,,,no career
1979,167.0,167.0,UTA,Milt Huggins,Southern Illinois,,,,,,,,,,,,,,,,,,no career
1979,168.0,168.0,BOS,Kevin Sinnett,United States Naval Academy,,,,,,,,,,,,,,,,,,no career
1979,169.0,169.0,CLE,Tim Joyce,Ohio University,,,,,,,,,,,,,,,,,,no career
1979,170.0,170.0,DET,Val Bracey,Central Michigan University,,,,,,,,,,,,,,,,,,no career
1979,171.0,171.0,CHI,James Jackson,Minnesota,,,,,,,,,,,,,,,,,,no career
1979,172.0,172.0,NYK,Brett Wyatt,New Jersey City University,,,,,,,,,,,,,,,,,,no career
1979,173.0,173.0,NJN,Ricky Free,Columbia University,,,,,,,,,,,,,,,,,,no career
1979,174.0,174.0,MIL,Roger Lapham,University of Maine,,,,,,,,,,,,,,,,,,no career
1979,175.0,175.0,GSW,Gene Ransom,California,,,,,,,,,,,,,,,,,,no career
1979,176.0,176.0,SDC,Mike Dodd,San Diego State,,,,,,,,,,,,,,,,,,no career
1979,177.0,177.0,POR,Stan Eckwood,Harding University,,,,,,,,,,,,,,,,,,no career
1979,178.0,178.0,ATL,Cedric Oliver,Hamilton College,,,,,,,,,,,,,,,,,,no career
1979,179.0,179.0,DEN,Emmett Lewis,Colorado,,,,,,,,,,,,,,,,,,no career
1979,180.0,180.0,PHI,Coby Leavitt,Utah,,,,,,,,,,,,,,,,,,no career
1979,181.0,181.0,KCK,Gary Wilson,Southern Illinois,,,,,,,,,,,,,,,,,,no career
1979,182.0,182.0,SAS,Eddie McLeod,UNLV,,,,,,,,,,,,,,,,,,no career
1979,183.0,183.0,PHO,Hosea Champine,Robert Morris University (PA),,,,,,,,,,,,,,,,,,no career
1979,184.0,184.0,WSB,Gary Ray Hooker,Murray State,,,,,,,,,,,,,,,,,,no career
1979,186.0,186.0,BOS,Alton Byrd,Columbia University,,,,,,,,,,,,,,,,,,no career
1979,187.0,187.0,DET,Willie Polk,Grand Canyon University,,,,,,,,,,,,,,,,,,no career
1979,188.0,188.0,CLE,Terry Peavy,Point Park University,,,,,,,,,,,,,,,,,,no career
1979,189.0,189.0,NYK,Gordon Thomas,St. John's,,,,,,,,,,,,,,,,,,no career
1979,190.0,190.0,CHI,Marvin Thomas,UCLA,,,,,,,,,,,,,,,,,,no career
1979,191.0,191.0,NJN,Eric Fleisher,Tulane,,,,,,,,,,,,,,,,,,no career
1979,192.0,192.0,GSW,Kevin Heenan,Cal State Fullerton,,,,,,,,,,,,,,,,,,no career
1979,193.0,193.0,MIL,Chris Fahrbach,University of North Dakota,,,,,,,,,,,,,,,,,,no career
1979,194.0,194.0,SDC,Greg Hunter,Loyola Marymount,,,,,,,,,,,,,,,,,,no career
1979,195.0,195.0,POR,Kelvin Small,Oregon,,,,,,,,,,,,,,,,,,no career
1979,196.0,196.0,ATL,Chad Nelson,Drake University,,,,,,,,,,,,,,,,,,no career
1979,197.0,197.0,CHI,Cortez Collins,Southern Indiana,,,,,,,,,,,,,,,,,,no career
1979,199.0,199.0,SAS,Glenn Fine,Harvard University,,,,,,,,,,,,,,,,,,no career
1979,200.0,200.0,KCK,Russell Saunders,New Mexico,,,,,,,,,,,,,,,,,,no career
1979,201.0,201.0,PHO,Korky Nelson,Santa Clara,,,,,,,,,,,,,,,,,,no career
1979,202.0,202.0,WSB,Steve Martin,Georgetown,,,,,,,,,,,,,,,,,,no career
1980,32.0,32.0,POR,David Lawrence,McNeese State University,,,,,,,,,,,,,,,,,,no career
1980,33.0,33.0,POR,Bruce Collins,Weber State,,,,,,,,,,,,,,,,,,no career
1980,34.0,34.0,DAL,Roosevelt Bouie,Syracuse,,,,,,,,,,,,,,,,,,no career
1980,38.0,38.0,HOU,Terry Stotts,Oklahoma,,,,,,,,,,,,,,,,,,no career
1980,42.0,42.0,PHO,Kimberly Belton,Stanford,,,,,,,,,,,,,,,,,,no career
1980,43.0,43.0,HOU,Billy Williams,Clemson,,,,,,,,,,,,,,,,,,no career
1980,44.0,44.0,PHI,Clyde Austin,NC State,,,,,,,,,,,,,,,,,,no career
1980,46.0,46.0,BOS,Arnette Hallman,Purdue,,,,,,,,,,,,,,,,,,no career
1980,49.0,49.0,GSW,John Virgil,UNC,,,,,,,,,,,,,,,,,,no career
1980,53.0,53.0,CLE,Stuart House,Washington State,,,,,,,,,,,,,,,,,,no career
1980,54.0,54.0,BOS,Ron Perry,Holy Cross,,,,,,,,,,,,,,,,,,no career
1980,55.0,55.0,CLE,Wayne Abrams,Southern Illinois,,,,,,,,,,,,,,,,,,no career
1980,59.0,59.0,PHO,John Campbell,Clemson,,,,,,,,,,,,,,,,,,no career
1980,60.0,60.0,SAS,LaVon Mercer,Georgia,,,,,,,,,,,,,,,,,,no career
1980,62.0,62.0,KCK,Tony Murphy,Southern University and A&M College,,,,,,,,,,,,,,,,,,no career
1980,63.0,63.0,MIL,Al Beal,Oklahoma,,,,,,,,,,,,,,,,,,no career
1980,64.0,64.0,DET,Jonathan Moore,Furman University,,,,,,,,,,,,,,,,,,no career
1980,65.0,65.0,PHO,Doug True,California,,,,,,,,,,,,,,,,,,no career
1980,67.0,67.0,PHI,Reggie Gaines,Winston-Salem State,,,,,,,,,,,,,,,,,,no career
1980,68.0,68.0,CLE,Ron Jones,Illinois State,,,,,,,,,,,,,,,,,,no career
1980,69.0,69.0,BOS,Don Newman,Idaho,,,,,,,,,,,,,,,,,,no career
1980,71.0,71.0,GSW,Robert Scott,Alabama,,,,,,,,,,,,,,,,,,no career
1980,72.0,72.0,UTA,Alan Taylor,BYU,,,,,,,,,,,,,,,,,,no career
1980,73.0,73.0,DEN,Sammie Ellis,Pitt,,,,,,,,,,,,,,,,,,no career
1980,74.0,74.0,CHI,Ron Charles,Michigan State,,,,,,,,,,,,,,,,,,no career
1980,76.0,76.0,SDC,Ed Odom,Oklahoma State,,,,,,,,,,,,,,,,,,no career
1980,77.0,77.0,CLE,Murray Brown,Florida State,,,,,,,,,,,,,,,,,,no career
1980,78.0,78.0,IND,Rich Branning,Notre Dame,,,,,,,,,,,,,,,,,,no career
1980,79.0,79.0,POR,Kelvin Henderson,Saint Louis,,,,,,,,,,,,,,,,,,no career
1980,80.0,80.0,DAL,David Johnson,Weber State,,,,,,,,,,,,,,,,,,no career
1980,81.0,81.0,WSB,Francois Wise,Cal State Long Beach,,,,,,,,,,,,,,,,,,no career
1980,82.0,82.0,NYK,Joe Chrnelich,Wisconsin,,,,,,,,,,,,,,,,,,no career
1980,83.0,83.0,SAS,Calvin Roberts,Cal State Fullerton,,,,,,,,,,,,,,,,,,no career
1980,84.0,84.0,HOU,Dean Hunger,Utah State University,,,,,,,,,,,,,,,,,,no career
1980,85.0,85.0,PHI,Billy Bryant,Western Kentucky,,,,,,,,,,,,,,,,,,no career
1980,86.0,86.0,MIL,Jeff Wolf,UNC,,,,,,,,,,,,,,,,,,no career
1980,88.0,88.0,PHO,Leroy Stampley,Loyola Chicago,,,,,,,,,,,,,,,,,,no career
1980,89.0,89.0,SEA,Gary Ray Hooker,Murray State,,,,,,,,,,,,,,,,,,no career
1980,90.0,90.0,PHI,Harold Hubbard,Savannah State University,,,,,,,,,,,,,,,,,,no career
1980,91.0,91.0,LAL,Ron Baxter,Texas,,,,,,,,,,,,,,,,,,no career
1980,92.0,92.0,BOS,Kevin Hamilton,Iona College,,,,,,,,,,,,,,,,,,no career
1980,94.0,94.0,UTA,Wally West,Boston University,,,,,,,,,,,,,,,,,,no career
1980,95.0,95.0,GSW,Don Carfino,USC,,,,,,,,,,,,,,,,,,no career
1980,96.0,96.0,CHI,Mike Campbell,Northwestern,,,,,,,,,,,,,,,,,,no career
1980,97.0,97.0,DEN,James Patrick,Texas State University,,,,,,,,,,,,,,,,,,no career
1980,98.0,98.0,NJN,Aaron Curry,Oklahoma,,,,,,,,,,,,,,,,,,no career
1980,100.0,100.0,IND,Joe Galvin,Illinois State,,,,,,,,,,,,,,,,,,no career
1980,101.0,101.0,CLE,LaVon Williams,Kentucky,,,,,,,,,,,,,,,,,,no career
1980,102.0,102.0,POR,Larry Belin,New Mexico,,,,,,,,,,,,,,,,,,no career
1980,104.0,104.0,NYK,William Carey,Albright College,,,,,,,,,,,,,,,,,,no career
1980,105.0,105.0,WSB,Daryl Strickland,Rutgers University,,,,,,,,,,,,,,,,,,no career
1980,106.0,106.0,HOU,Albert Jones,New Mexico,,,,,,,,,,,,,,,,,,no career
1980,107.0,107.0,SAS,Gib Hinz,University of Wisconsin-Eau Claire,,,,,,,,,,,,,,,,,,no career
1980,108.0,108.0,KCK,Kelvin Blakely,Eastern Michigan,,,,,,,,,,,,,,,,,,no career
1980,109.0,109.0,MIL,Ken Jones,VCU,,,,,,,,,,,,,,,,,,no career
1980,110.0,110.0,ATL,Mike Doyle,South Carolina,,,,,,,,,,,,,,,,,,no career
1980,111.0,111.0,PHO,Mark Stevens,Northern Arizona University,,,,,,,,,,,,,,,,,,no career
1980,112.0,112.0,SEA,Lenny Horton,Georgia Tech,,,,,,,,,,,,,,,,,,no career
1980,113.0,113.0,PHI,Jim Swaney,Toledo,,,,,,,,,,,,,,,,,,no career
1980,114.0,114.0,LAL,Rick Raivio,University of Portland,,,,,,,,,,,,,,,,,,no career
1980,115.0,115.0,BOS,Rufus Harris,University of Maine,,,,,,,,,,,,,,,,,,no career
1980,116.0,116.0,DET,Tony Turner,University of Alaska Anchorage,,,,,,,,,,,,,,,,,,no career
1980,117.0,117.0,GSW,Neil Bresnahan,Illinois,,,,,,,,,,,,,,,,,,no career
1980,118.0,118.0,UTA,Kenny Cunningham,Western Michigan,,,,,,,,,,,,,,,,,,no career
1980,119.0,119.0,DEN,Ernie Hill,Oklahoma City University,,,,,,,,,,,,,,,,,,no career
1980,120.0,120.0,CHI,Bernard Rencher,St. John's,,,,,,,,,,,,,,,,,,no career
1980,121.0,121.0,NJN,Rick Mattick,LSU,,,,,,,,,,,,,,,,,,no career
1980,122.0,122.0,SDC,Londale Theus,Santa Clara,,,,,,,,,,,,,,,,,,no career
1980,123.0,123.0,CLE,Antonio Martin,Oral Roberts,,,,,,,,,,,,,,,,,,no career
1980,124.0,124.0,IND,Randy Owens,Philadelphia University,,,,,,,,,,,,,,,,,,no career
1980,125.0,125.0,POR,Perry Mirkovich,University of Lethbridge,,,,,,,,,,,,,,,,,,no career
1980,126.0,126.0,DAL,Leroy Jackson,Cameron University,,,,,,,,,,,,,,,,,,no career
1980,127.0,127.0,WSB,Ken Dancy,Chicago State,,,,,,,,,,,,,,,,,,no career
1980,128.0,128.0,NYK,Kelvin Hicks,New York Institute of Technology,,,,,,,,,,,,,,,,,,no career
1980,129.0,129.0,SAS,Dean Uthoff,Iowa State,,,,,,,,,,,,,,,,,,no career
1980,130.0,130.0,HOU,Everette Jefferson,New Mexico,,,,,,,,,,,,,,,,,,no career
1980,131.0,131.0,KCK,Trent Grooms,Kent State University,,,,,,,,,,,,,,,,,,no career
1980,132.0,132.0,MIL,Alex Gilbert,Indiana State University,,,,,,,,,,,,,,,,,,no career
1980,133.0,133.0,ATL,Mike Zagardo,George Washington,,,,,,,,,,,,,,,,,,no career
1980,134.0,134.0,PHO,Coby Leavitt,Utah,,,,,,,,,,,,,,,,,,no career
1980,135.0,135.0,SEA,Jim Strickland,South Carolina,,,,,,,,,,,,,,,,,,no career
1980,136.0,136.0,PHI,Donald Cooper,Saint Augustine's College,,,,,,,,,,,,,,,,,,no career
1980,137.0,137.0,LAL,Otis Boddie,University of North Alabama,,,,,,,,,,,,,,,,,,no career
1980,138.0,138.0,BOS,Kenny Evans,Norfolk State,,,,,,,,,,,,,,,,,,no career
1980,139.0,139.0,DET,Carl Pierce,Gonzaga,,,,,,,,,,,,,,,,,,no career
1980,140.0,140.0,UTA,Dave Colescott,UNC,,,,,,,,,,,,,,,,,,no career
1980,142.0,142.0,CHI,Robert Byrd,Marquette,,,,,,,,,,,,,,,,,,no career
1980,143.0,143.0,DEN,Tommy Springer,Vanderbilt,,,,,,,,,,,,,,,,,,no career
1980,144.0,144.0,NJN,Larry Spicer,UAB,,,,,,,,,,,,,,,,,,no career
1980,145.0,145.0,SDC,Paul Anderson,Vanguard University of Southern California,,,,,,,,,,,,,,,,,,no career
1980,146.0,146.0,IND,Charles Naddaff,Lafayette College,,,,,,,,,,,,,,,,,,no career
1980,147.0,147.0,CLE,Leroy Berry,Wilmington College,,,,,,,,,,,,,,,,,,no career
1980,148.0,148.0,POR,Gig Sims,UCLA,,,,,,,,,,,,,,,,,,no career
1980,149.0,149.0,DAL,Tony Forch,Midwestern State University,,,,,,,,,,,,,,,,,,no career
1980,150.0,150.0,NYK,Bobby Turner,Louisville,,,,,,,,,,,,,,,,,,no career
1980,151.0,151.0,WSB,Karl Godine,Stephen F. Austin,,,,,,,,,,,,,,,,,,no career
1980,152.0,152.0,HOU,Joe Nehls,Arizona,,,,,,,,,,,,,,,,,,no career
1980,153.0,153.0,SAS,Alan Zahn,Arkansas,,,,,,,,,,,,,,,,,,no career
1980,154.0,154.0,KCK,Arnold McDowell,Montana State,,,,,,,,,,,,,,,,,,no career
1980,155.0,155.0,MIL,Ron White,Furman University,,,,,,,,,,,,,,,,,,no career
1980,156.0,156.0,ATL,Charles Hightower,Dillard University,,,,,,,,,,,,,,,,,,no career
1980,157.0,157.0,PHO,Ron Williams,Montana-Western,,,,,,,,,,,,,,,,,,no career
1980,158.0,158.0,SEA,Carl Ervin,Seattle University,,,,,,,,,,,,,,,,,,no career
1980,159.0,159.0,PHI,Richard Smith,Weber State,,,,,,,,,,,,,,,,,,no career
1980,160.0,160.0,BOS,Les Henson,Virginia Tech,,,,,,,,,,,,,,,,,,no career
1980,161.0,161.0,DET,Leroy Loggins,Fairmont State University,,,,,,,,,,,,,,,,,,no career
1980,162.0,162.0,GSW,Kurt Kanaskie,La Salle,,,,,,,,,,,,,,,,,,no career
1980,163.0,163.0,UTA,Jim Brandon,Saint Peter's College,,,,,,,,,,,,,,,,,,no career
1980,164.0,164.0,CHI,Modzel Greer,North Park University,,,,,,,,,,,,,,,,,,no career
1980,165.0,165.0,NJN,Lloyd Terry,New Orleans,,,,,,,,,,,,,,,,,,no career
1980,166.0,166.0,CLE,Jim Ellinghausen,Ohio State,,,,,,,,,,,,,,,,,,no career
1980,167.0,167.0,IND,Steve Stielper,James Madison University,,,,,,,,,,,,,,,,,,no career
1980,170.0,170.0,WSB,Rich Valavicius,Auburn,,,,,,,,,,,,,,,,,,no career
1980,171.0,171.0,NYK,James Salters,Penn,,,,,,,,,,,,,,,,,,no career
1980,172.0,172.0,SAS,Bill Bailey,University of Texas Rio Grande Valley,,,,,,,,,,,,,,,,,,no career
1980,173.0,173.0,HOU,Rosie Barnes,Bowling Green,,,,,,,,,,,,,,,,,,no career
1980,174.0,174.0,MIL,Keith Valentine,Virginia Union University,,,,,,,,,,,,,,,,,,no career
1980,175.0,175.0,PHO,Jim Connolly,La Salle,,,,,,,,,,,,,,,,,,no career
1980,176.0,176.0,SEA,Al Dutch,Georgetown,,,,,,,,,,,,,,,,,,no career
1980,177.0,177.0,PHI,Martin Lemelle,Grambling State University,,,,,,,,,,,,,,,,,,no career
1980,178.0,178.0,LAL,Melvin Hooker,Edinboro University of Pennsylvania,,,,,,,,,,,,,,,,,,no career
1980,179.0,179.0,BOS,Steve Wright,Boston University,,,,,,,,,,,,,,,,,,no career
1980,180.0,180.0,DET,Terry DuPris,Huron University,,,,,,,,,,,,,,,,,,no career
1980,181.0,181.0,UTA,Paul Renfro,UT Arlington,,,,,,,,,,,,,,,,,,no career
1980,183.0,183.0,CHI,Jay Shidler,Kentucky,,,,,,,,,,,,,,,,,,no career
1980,184.0,184.0,DEN,Jim Graziano,South Carolina,,,,,,,,,,,,,,,,,,no career
1980,185.0,185.0,NJN,Barry Young,Colorado State,,,,,,,,,,,,,,,,,,no career
1980,186.0,186.0,IND,Scott Rogers,Kenyon College,,,,,,,,,,,,,,,,,,no career
1980,187.0,187.0,CLE,Melvin Crafter,Central State University,,,,,,,,,,,,,,,,,,no career
1980,188.0,188.0,POR,Rick Boucher,University of Maine,,,,,,,,,,,,,,,,,,no career
1980,189.0,189.0,DAL,Ken Williams,Houston,,,,,,,,,,,,,,,,,,no career
1980,190.0,190.0,NYK,Don Wiley,Monmouth University,,,,,,,,,,,,,,,,,,no career
1980,191.0,191.0,WSB,Clinton Wyatt,Alcorn State,,,,,,,,,,,,,,,,,,no career
1980,192.0,192.0,SAS,Al Williams,University of North Texas,,,,,,,,,,,,,,,,,,no career
1980,193.0,193.0,KCK,Charley Cole,Delta State University,,,,,,,,,,,,,,,,,,no career
1980,194.0,194.0,MIL,Del Yarbrough,Illinois State,,,,,,,,,,,,,,,,,,no career
1980,195.0,195.0,ATL,Stanley Lamb,Franciscan University of Steubenville,,,,,,,,,,,,,,,,,,no career
1980,196.0,196.0,PHO,Keith French,North Park University,,,,,,,,,,,,,,,,,,no career
1980,197.0,197.0,SEA,Jim Tillman,Eastern Kentucky University,,,,,,,,,,,,,,,,,,no career
1980,198.0,198.0,PHI,Luke Griffin,Saint Joseph's,,,,,,,,,,,,,,,,,,no career
1980,199.0,199.0,BOS,Brian Jung,Northwestern,,,,,,,,,,,,,,,,,,no career
1980,200.0,200.0,GSW,Tim Higgins,University of Nebraska at Kearney,,,,,,,,,,,,,,,,,,no career
1980,201.0,201.0,UTA,Leroy Coleman,Middle Tennessee,,,,,,,,,,,,,,,,,,no career
1980,202.0,202.0,DEN,Earl Sango,Regis University,,,,,,,,,,,,,,,,,,no career
1980,203.0,203.0,CHI,Billy Foster,Montana State University Billings,,,,,,,,,,,,,,,,,,no career
1980,204.0,204.0,IND,John Bates,West Virginia Wesleyan College,,,,,,,,,,,,,,,,,,no career
1980,205.0,205.0,POR,Dave Kufeld,Yeshiva University,,,,,,,,,,,,,,,,,,no career
1980,206.0,206.0,DAL,Tom Morgan,Cal State Fullerton,,,,,,,,,,,,,,,,,,no career
1980,207.0,207.0,WSB,Don Youman,Oklahoma State,,,,,,,,,,,,,,,,,,no career
1980,208.0,208.0,NYK,Gerard Ross,Grand Canyon University,,,,,,,,,,,,,,,,,,no career
1980,209.0,209.0,SAS,Steve Schall,Arkansas,,,,,,,,,,,,,,,,,,no career
1980,210.0,210.0,MIL,Melvin Crayton,Alabama State University,,,,,,,,,,,,,,,,,,no career
1980,211.0,211.0,PHO,Randy Carroll,Kansas,,,,,,,,,,,,,,,,,,no career
1980,212.0,212.0,SEA,Kent Williams,Texas Tech,,,,,,,,,,,,,,,,,,no career
1980,213.0,213.0,PHI,Joe Hand,King's College (Pennsylvania),,,,,,,,,,,,,,,,,,no career
1980,214.0,214.0,BOS,John Nolan,Providence,,,,,,,,,,,,,,,,,,no career
1981,26.0,26.0,POR,Brian Jackson,Utah State University,,,,,,,,,,,,,,,,,,no career
1981,29.0,29.0,KCK,Eddie Johnson,Illinois,17.0,1199.0,32604.0,19202.0,4832.0,2550.0,0.472,0.335,0.84,27.2,16.0,4.0,2.1,65.6,0.097,-0.7,11.0,ambiguous candidates
1981,32.0,32.0,CHI,Mike Olliver,Lamar,,,,,,,,,,,,,,,,,,no career
1981,37.0,37.0,IND,Al Leslie,Bucknell,,,,,,,,,,,,,,,,,,no career
1981,38.0,38.0,ATL,Clyde Bradshaw,DePaul,,,,,,,,,,,,,,,,,,no career
1981,39.0,39.0,LAL,Harvey Knuckles,Toledo,,,,,,,,,,,,,,,,,,no career
1981,40.0,40.0,NYK,Greg Cook,LSU,,,,,,,,,,,,,,,,,,no career
1981,42.0,42.0,LAL,Elvis Rolle,Florida State,,,,,,,,,,,,,,,,,,no career
1981,45.0,45.0,HOU,Ed Turner,,,,,,,,,,,,,,,,,,,no career
1981,46.0,46.0,PHI,Vernon Smith,Texas A&M,,,,,,,,,,,,,,,,,,no career
1981,47.0,47.0,DAL,Art Housey,Kansas,,,,,,,,,,,,,,,,,,no career
1981,48.0,48.0,WSB,Mike Ferrara,Colgate,,,,,,,,,,,,,,,,,,no career
1981,50.0,50.0,POR,Derek Holcomb,Illinois,,,,,,,,,,,,,,,,,,no career
1981,51.0,51.0,LAL,Zam Fredrick,South Carolina,,,,,,,,,,,,,,,,,,no career
1981,56.0,56.0,GSW,Carlton Neverson,Pitt,,,,,,,,,,,,,,,,,,no career
1981,58.0,58.0,KCK,Curtis Berry,Missouri,,,,,,,,,,,,,,,,,,no career
1981,59.0,59.0,CLE,Russell Bowers,American University,,,,,,,,,,,,,,,,,,no career
1981,60.0,60.0,IND,Purvis Miller,USC,,,,,,,,,,,,,,,,,,no career
1981,62.0,62.0,PHO,Sam Clancy,Pitt,,,,,,,,,,,,,,,,,,no career
1981,63.0,63.0,NYK,Wayne McKoy,St. John's,,,,,,,,,,,,,,,,,,no career
1981,64.0,64.0,SAS,Tom Baker,Eastern Kentucky University,,,,,,,,,,,,,,,,,,no career
1981,65.0,65.0,LAL,Ron Cornelius,University of the Pacific,,,,,,,,,,,,,,,,,,no career
1981,67.0,67.0,MIL,Mark Smith,Illinois,,,,,,,,,,,,,,,,,,no career
1981,68.0,68.0,PHI,Ernest Graham,Maryland,,,,,,,,,,,,,,,,,,no career
1981,69.0,69.0,BOS,John Johnson,Michigan,,,,,,,,,,,,,,,,,,no career
1981,70.0,70.0,DAL,Eddie Moss,Syracuse,,,,,,,,,,,,,,,,,,no career
1981,71.0,71.0,DET,John May,University of South Alabama,,,,,,,,,,,,,,,,,,no career
1981,73.0,73.0,UTA,Georgie Torres,Southern Nazarene University,,,,,,,,,,,,,,,,,,no career
1981,74.0,74.0,CLE,Ethan Martin,LSU,,,,,,,,,,,,,,,,,,no career
1981,75.0,75.0,ATL,Kevin Figaro,Louisiana,,,,,,,,,,,,,,,,,,no career
1981,77.0,77.0,SDC,Lee Raker,Virginia,,,,,,,,,,,,,,,,,,no career
1981,80.0,80.0,GSW,Terry Adolph,West Texas A&M University,,,,,,,,,,,,,,,,,,no career
1981,82.0,82.0,KCK,B.B. Davis,Lamar,,,,,,,,,,,,,,,,,,no career
1981,83.0,83.0,IND,Rolando Frazer,Briar Cliff University,,,,,,,,,,,,,,,,,,no career
1981,84.0,84.0,CHI,Oliver Lee,Marquette,,,,,,,,,,,,,,,,,,no career
1981,87.0,87.0,SAS,Earl Belcher,St. Bonaventure,,,,,,,,,,,,,,,,,,no career
1981,89.0,89.0,DET,Don Koonce,UNC Charlotte,,,,,,,,,,,,,,,,,,no career
1981,90.0,90.0,MIL,Kris Anderson,Florida State,,,,,,,,,,,,,,,,,,no career
1981,91.0,91.0,BOS,Stanley Williams,La Salle,,,,,,,,,,,,,,,,,,no career
1981,92.0,92.0,PHI,Rynn Wright,Texas A&M,,,,,,,,,,,,,,,,,,no career
1981,93.0,93.0,DAL,Pete Budko,UNC,,,,,,,,,,,,,,,,,,no career
1981,94.0,94.0,DET,George DeVone,UNC Charlotte,,,,,,,,,,,,,,,,,,no career
1981,96.0,96.0,CLE,Kenny Page,New Mexico,,,,,,,,,,,,,,,,,,no career
1981,97.0,97.0,UTA,Mike Clark,Oregon,,,,,,,,,,,,,,,,,,no career
1981,98.0,98.0,ATL,Steve Krafcisin,Iowa,,,,,,,,,,,,,,,,,,no career
1981,99.0,99.0,SEA,Andra Griffin,Washington,,,,,,,,,,,,,,,,,,no career
1981,100.0,100.0,SDC,Dennis Isbell,Memphis,,,,,,,,,,,,,,,,,,no career
1981,101.0,101.0,DEN,Willie Sims,LSU,,,,,,,,,,,,,,,,,,no career
1981,104.0,104.0,KCK,U.S. Reed,Arkansas,,,,,,,,,,,,,,,,,,no career
1981,105.0,105.0,HOU,Hasan Houston,Bradley,,,,,,,,,,,,,,,,,,no career
1981,106.0,106.0,IND,George Peterson,New Jersey City University,,,,,,,,,,,,,,,,,,no career
1981,107.0,107.0,POR,Herb Andrew,University of South Alabama,,,,,,,,,,,,,,,,,,no career
1981,108.0,108.0,CHI,Johnny Nash,Arizona State,,,,,,,,,,,,,,,,,,no career
1981,109.0,109.0,NYK,Jim Wright,Rhode Island,,,,,,,,,,,,,,,,,,no career
1981,110.0,110.0,SAS,Mike Rhodes,Vanderbilt,,,,,,,,,,,,,,,,,,no career
1981,111.0,111.0,LAL,Craig Watts,NC State,,,,,,,,,,,,,,,,,,no career
1981,112.0,112.0,PHO,Paul Heuerman,Michigan,,,,,,,,,,,,,,,,,,no career
1981,113.0,113.0,MIL,Kelvin Troy,Rutgers University,,,,,,,,,,,,,,,,,,no career
1981,114.0,114.0,PHI,Steve Craig,BYU,,,,,,,,,,,,,,,,,,no career
1981,115.0,115.0,BOS,Glen Grunwald,Indiana,,,,,,,,,,,,,,,,,,no career
1981,116.0,116.0,DAL,Karl Bankowski,Utah,,,,,,,,,,,,,,,,,,no career
1981,117.0,117.0,DET,Vince Brookins,Iowa,,,,,,,,,,,,,,,,,,no career
1981,118.0,118.0,NJN,Kevin Lynam,La Salle,,,,,,,,,,,,,,,,,,no career
1981,119.0,119.0,UTA,Kevin Sprewer,Loyola Chicago,,,,,,,,,,,,,,,,,,no career
1981,120.0,120.0,CLE,Aaron Strayhorn,Hawaii,,,,,,,,,,,,,,,,,,no career
1981,121.0,121.0,ATL,Darryl Warwick,Hampton,,,,,,,,,,,,,,,,,,no career
1981,122.0,122.0,SEA,Earl Banks,Auburn,,,,,,,,,,,,,,,,,,no career
1981,123.0,123.0,SDC,Mike Pepper,UNC,,,,,,,,,,,,,,,,,,no career
1981,124.0,124.0,DEN,Alonzo Weatherly,Denver,,,,,,,,,,,,,,,,,,no career
1981,125.0,125.0,WSB,Robert Williams,Grambling State University,,,,,,,,,,,,,,,,,,no career
1981,126.0,126.0,GSW,Carter Scott,Ohio State,,,,,,,,,,,,,,,,,,no career
1981,127.0,127.0,HOU,Fred Cowan,Kentucky,,,,,,,,,,,,,,,,,,no career
1981,128.0,128.0,KCK,Brian Walker,Purdue,,,,,,,,,,,,,,,,,,no career
1981,129.0,129.0,IND,Robert Fronk,Washington,,,,,,,,,,,,,,,,,,no career
1981,131.0,131.0,POR,Roshern Amie,Texas-El Paso,,,,,,,,,,,,,,,,,,no career
1981,132.0,132.0,NYK,John Blair,Monmouth University,,,,,,,,,,,,,,,,,,no career
1981,133.0,133.0,SAS,Northern Shavers,Jackson State University,,,,,,,,,,,,,,,,,,no career
1981,134.0,134.0,LAL,Kevin Singleton,California,,,,,,,,,,,,,,,,,,no career
1981,135.0,135.0,PHO,Pete Harris,Northeastern University,,,,,,,,,,,,,,,,,,no career
1981,136.0,136.0,MIL,Jo Jo Hunter,Colorado,,,,,,,,,,,,,,,,,,no career
1981,137.0,137.0,BOS,Steve Waite,Iowa,,,,,,,,,,,,,,,,,,no career
1981,138.0,138.0,PHI,Michael Thomas,North Park University,,,,,,,,,,,,,,,,,,no career
1981,139.0,139.0,DAL,Danny Davis,UNC Wilmington,,,,,,,,,,,,,,,,,,no career
1981,140.0,140.0,DET,Greg Nance,West Virginia,,,,,,,,,,,,,,,,,,no career
1981,141.0,141.0,NJN,Rod Roberson,Northwestern,,,,,,,,,,,,,,,,,,no career
1981,142.0,142.0,CLE,Andre Smith,Nebraska,,,,,,,,,,,,,,,,,,no career
1981,143.0,143.0,UTA,Mike Robinson,Central Michigan University,,,,,,,,,,,,,,,,,,no career
1981,144.0,144.0,ATL,Kevin Vesey,Iona College,,,,,,,,,,,,,,,,,,no career
1981,145.0,145.0,SEA,Tom Sienkiewicz,Villanova,,,,,,,,,,,,,,,,,,no career
1981,146.0,146.0,SDC,Randy Johnson,University of Southern Colorado,,,,,,,,,,,,,,,,,,no career
1981,147.0,147.0,DEN,Greg Manning,Maryland,,,,,,,,,,,,,,,,,,no career
1981,148.0,148.0,GSW,Robbie Dosty,Arizona,,,,,,,,,,,,,,,,,,no career
1981,149.0,149.0,WSB,Randy Martel,Houston Baptist University,,,,,,,,,,,,,,,,,,no career
1981,151.0,151.0,HOU,Joe Faine,Bowling Green,,,,,,,,,,,,,,,,,,no career
1981,152.0,152.0,IND,Larry McKinney,Boise State,,,,,,,,,,,,,,,,,,no career
1981,153.0,153.0,POR,Julius Wayne,Texas-El Paso,,,,,,,,,,,,,,,,,,no career
1981,154.0,154.0,CHI,Scott Williams,University of South Alabama,,,,,,,,,,,,,,,,,,no career
1981,155.0,155.0,NYK,Terry Cramer,Ripon College,,,,,,,,,,,,,,,,,,no career
1981,156.0,156.0,SAS,Mark Minderman,Northern Michigan University,,,,,,,,,,,,,,,,,,no career
1981,157.0,157.0,LAL,Larry Petty,Wisconsin,,,,,,,,,,,,,,,,,,no career
1981,158.0,158.0,PHO,David Williams,Southern University and A&M College,,,,,,,,,,,,,,,,,,no career
1981,159.0,159.0,MIL,Lewis Latimore,Virginia,,,,,,,,,,,,,,,,,,no career
1981,160.0,160.0,PHI,John Crawford,Kansas,,,,,,,,,,,,,,,,,,no career
1981,161.0,161.0,BOS,Tom Seaman,Holy Cross,,,,,,,,,,,,,,,,,,no career
1981,162.0,162.0,DAL,David Kennedy,Cincinnati,,,,,,,,,,,,,,,,,,no career
1981,163.0,163.0,DET,Joe Schoen,Saint Francis University,,,,,,,,,,,,,,,,,,no career
1981,164.0,164.0,NJN,Ken Webb,Fairleigh Dickinson University,,,,,,,,,,,,,,,,,,no career
1981,166.0,166.0,CLE,Glenn Marcus,UAB,,,,,,,,,,,,,,,,,,no career
1981,167.0,167.0,ATL,Gilbert Salinas,Notre Dame,,,,,,,,,,,,,,,,,,no career
1981,168.0,168.0,SDC,Todd Haynes,Davidson,,,,,,,,,,,,,,,,,,no career
1981,169.0,169.0,DEN,Curtis Redding,St. John's,,,,,,,,,,,,,,,,,,no career
1981,170.0,170.0,WSB,Mike Howard,Wofford College,,,,,,,,,,,,,,,,,,no career
1981,171.0,171.0,GSW,Yasutaka Okayama,,,,,,,,,,,,,,,,,,,no career
1981,172.0,172.0,HOU,Stanley Brewer,West Georgia,,,,,,,,,,,,,,,,,,no career
1981,173.0,173.0,KCK,Randy Smithson,Wichita State,,,,,,,,,,,,,,,,,,no career
1981,174.0,174.0,IND,Len Hatzenbeller,Drexel,,,,,,,,,,,,,,,,,,no career
1981,175.0,175.0,CHI,Ben Mitchell,,,,,,,,,,,,,,,,,,,no career
1981,176.0,176.0,POR,John Smith,Saint Joseph's,,,,,,,,,,,,,,,,,,no career
1981,177.0,177.0,NYK,Brian O'Connor,Thomas More College,,,,,,,,,,,,,,,,,,no career
1981,178.0,178.0,SAS,Bob Bartholomew,University of San Diego,,,,,,,,,,,,,,,,,,no career
1981,179.0,179.0,LAL,Jay Triano,Simon Fraser University,,,,,,,,,,,,,,,,,,no career
1981,180.0,180.0,PHO,Steve Risley,Indiana,,,,,,,,,,,,,,,,,,no career
1981,181.0,181.0,MIL,Mike Brkovich,Michigan State,,,,,,,,,,,,,,,,,,no career
1981,182.0,182.0,BOS,George Morrow,Creighton,,,,,,,,,,,,,,,,,,no career
1981,183.0,183.0,PHI,Frank Gilroy,St. John's,,,,,,,,,,,,,,,,,,no career
1981,184.0,184.0,DAL,John Hollinden,Southern Indiana,,,,,,,,,,,,,,,,,,no career
1981,185.0,185.0,DET,Eddie Baker,Alcorn State,,,,,,,,,,,,,,,,,,no career
1981,186.0,186.0,NJN,Rudy Williams,Providence,,,,,,,,,,,,,,,,,,no career
1981,187.0,187.0,CLE,Paul Roba,Cleveland State University,,,,,,,,,,,,,,,,,,no career
1981,188.0,188.0,UTA,Ken Ollie,Wyoming,,,,,,,,,,,,,,,,,,no career
1981,189.0,189.0,ATL,Howard Thompkins,Wagner College,,,,,,,,,,,,,,,,,,no career
1981,190.0,190.0,SDC,Art Jones,NC State,,,,,,,,,,,,,,,,,,no career
1981,191.0,191.0,DEN,Andrew Burton,Austin Peay State University,,,,,,,,,,,,,,,,,,no career
1981,192.0,192.0,GSW,Doug Murrey,San Jose State,,,,,,,,,,,,,,,,,,no career
1981,193.0,193.0,WSB,Eddie Brown,Valdosta State University,,,,,,,,,,,,,,,,,,no career
1981,194.0,194.0,KCK,Mike Perry,Richmond,,,,,,,,,,,,,,,,,,no career
1981,195.0,195.0,IND,Scott Whitley,William & Mary,,,,,,,,,,,,,,,,,,no career
1981,196.0,196.0,POR,Sid Williams,San Jose State,,,,,,,,,,,,,,,,,,no career
1981,197.0,197.0,CHI,Terry Martin,Lambuth University,,,,,,,,,,,,,,,,,,no career
1981,198.0,198.0,NYK,Marty Headd,Syracuse,,,,,,,,,,,,,,,,,,no career
1981,199.0,199.0,SAS,Leonel Marquetti,Hampton,,,,,,,,,,,,,,,,,,no career
1981,200.0,200.0,PHO,Brian Johnson,Colorado,,,,,,,,,,,,,,,,,,no career
1981,201.0,201.0,MIL,Chip Rucker,Northeastern University,,,,,,,,,,,,,,,,,,no career
1981,202.0,202.0,PHI,Ron Wister,Temple,,,,,,,,,,,,,,,,,,no career
1981,203.0,203.0,BOS,Greg McCray,VCU,,,,,,,,,,,,,,,,,,no career
1981,204.0,204.0,DAL,Scott Bolanko,Northern State University,,,,,,,,,,,,,,,,,,no career
1981,205.0,205.0,DET,Melvin Maxwell,Western Michigan,,,,,,,,,,,,,,,,,,no career
1981,206.0,206.0,NJN,Vic Sison,UCLA,,,,,,,,,,,,,,,,,,no career
1981,207.0,207.0,UTA,Joe Merten,University of Wisconsin-Eau Claire,,,,,,,,,,,,,,,,,,no career
1981,208.0,208.0,CLE,Greg Boone,Augsburg College,,,,,,,,,,,,,,,,,,no career
1981,209.0,209.0,ATL,Mike Frazier,Georgetown,,,,,,,,,,,,,,,,,,no career
1981,210.0,210.0,SDC,Tony Gwynn,San Diego State,,,,,,,,,,,,,,,,,,no career
1981,212.0,212.0,WSB,Ralton Way,Houston Baptist University,,,,,,,,,,,,,,,,,,no career
1981,213.0,213.0,GSW,Barry Brooks,USC,,,,,,,,,,,,,,,,,,no career
1981,214.0,214.0,KCK,Mark Wilson,Fort Hays State University,,,,,,,,,,,,,,,,,,no career
1981,215.0,215.0,IND,Rodney Benson,Wright State University,,,,,,,,,,,,,,,,,,no career
1981,216.0,216.0,CHI,Kenny Easley,UCLA,,,,,,,,,,,,,,,,,,no career
1981,217.0,217.0,POR,Steve Cochran,Lewis and Clark College,,,,,,,,,,,,,,,,,,no career
1981,218.0,218.0,NYK,Kevin Rogers,Saint Peter's College,,,,,,,,,,,,,,,,,,no career
1981,219.0,219.0,SAS,Alvin Brooks,Lamar,,,,,,,,,,,,,,,,,,no career
1981,220.0,220.0,PHO,Felton Sealey,Oregon,,,,,,,,,,,,,,,,,,no career
1981,221.0,221.0,MIL,Artie Green,Marquette,,,,,,,,,,,,,,,,,,no career
1981,222.0,222.0,BOS,Kenny Matthews,NC State,,,,,,,,,,,,,,,,,,no career
1981,223.0,223.0,PHI,Pete Mullenberg,University of Delaware,,,,,,,,,,,,,,,,,,no career
1982,26.0,26.0,CHI,Ricky Frazier,Missouri,,,,,,,,,,,,,,,,,,no career
1982,39.0,39.0,PHO,Kevin Magee,University of California Irvine,,,,,,,,,,,,,,,,,,no career
1982,46.0,46.0,BOS,Tony Guy,Kansas,,,,,,,,,,,,,,,,,,no career
1982,49.0,49.0,UTA,Steve Trumbo,BYU,,,,,,,,,,,,,,,,,,no career
1982,52.0,52.0,NYK,Dan Caldwell,Washington,,,,,,,,,,,,,,,,,,no career
1982,53.0,53.0,CHI,Tyrone Adams,Kansas State,,,,,,,,,,,,,,,,,,no career
1982,57.0,57.0,NYK,Craig Tucker,Illinois,,,,,,,,,,,,,,,,,,no career
1982,58.0,58.0,WSB,Mike Largey,Upsala College,,,,,,,,,,,,,,,,,,no career
1982,59.0,59.0,NJN,Jimmy Black,UNC,,,,,,,,,,,,,,,,,,no career
1982,62.0,62.0,DEN,Roylin Bond,Pepperdine,,,,,,,,,,,,,,,,,,no career
1982,64.0,64.0,SAS,Willie Redden,South Florida,,,,,,,,,,,,,,,,,,no career
1982,66.0,66.0,POR,Phillip Lockett,Alabama,,,,,,,,,,,,,,,,,,no career
1982,67.0,67.0,LAL,Mike Hackett,Jacksonville University,,,,,,,,,,,,,,,,,,no career
1982,68.0,68.0,PHI,Dale Solomon,Virginia Tech,,,,,,,,,,,,,,,,,,no career
1982,70.0,70.0,CLE,Reggie Hannah,University of South Alabama,,,,,,,,,,,,,,,,,,no career
1982,71.0,71.0,SDC,Darius Clemons,Loyola Chicago,,,,,,,,,,,,,,,,,,no career
1982,73.0,73.0,DAL,Rudy Woods,Texas A&M,,,,,,,,,,,,,,,,,,no career
1982,75.0,75.0,NYK,Norm Anchrum,UAB,,,,,,,,,,,,,,,,,,no career
1982,77.0,77.0,IND,Jeff Jones,Virginia,,,,,,,,,,,,,,,,,,no career
1982,79.0,79.0,POR,Eric Smith,Georgetown,,,,,,,,,,,,,,,,,,no career
1982,80.0,80.0,NJN,James Griffin,Illinois,,,,,,,,,,,,,,,,,,no career
1982,81.0,81.0,WSB,Dino Gregory,Cal State Long Beach,,,,,,,,,,,,,,,,,,no career
1982,83.0,83.0,GSW,Ken Stancell,VCU,,,,,,,,,,,,,,,,,,no career
1982,84.0,84.0,DEN,Alford Turner,Louisiana,,,,,,,,,,,,,,,,,,no career
1982,85.0,85.0,HOU,Andre Gaddy,George Mason,,,,,,,,,,,,,,,,,,no career
1982,87.0,87.0,SAS,Tony Grier,South Florida,,,,,,,,,,,,,,,,,,no career
1982,88.0,88.0,SEA,Ken Owens,Idaho,,,,,,,,,,,,,,,,,,no career
1982,89.0,89.0,MIL,Jerry Beck,Middle Tennessee,,,,,,,,,,,,,,,,,,no career
1982,90.0,90.0,LAL,Craig McCormick,Western Kentucky,,,,,,,,,,,,,,,,,,no career
1982,91.0,91.0,PHI,Bruce Atkins,Duquesne,,,,,,,,,,,,,,,,,,no career
1982,92.0,92.0,BOS,Greg Stewart,Tulsa,,,,,,,,,,,,,,,,,,no career
1982,93.0,93.0,CLE,Terry White,Texas-El Paso,,,,,,,,,,,,,,,,,,no career
1982,94.0,94.0,SDC,Gary Carter,Tennessee,,,,,,,,,,,,,,,,,,no career
1982,95.0,95.0,UTA,Mike McKay,UConn,,,,,,,,,,,,,,,,,,no career
1982,96.0,96.0,DAL,Kenny Arnold,Iowa,,,,,,,,,,,,,,,,,,no career
1982,97.0,97.0,KCK,Kenny Simpson,Grambling State University,,,,,,,,,,,,,,,,,,no career
1982,98.0,98.0,NYK,Aaron Howard,Villanova,,,,,,,,,,,,,,,,,,no career
1982,99.0,99.0,CHI,Rubin Jackson,Oklahoma City University,,,,,,,,,,,,,,,,,,no career
1982,100.0,100.0,IND,Rich DiBenedetto,University of Wisconsin-Eau Claire,,,,,,,,,,,,,,,,,,no career
1982,101.0,101.0,DET,John Ebeling,Florida Southern College,,,,,,,,,,,,,,,,,,no career
1982,102.0,102.0,ATL,Mark Hall,Minnesota,,,,,,,,,,,,,,,,,,no career
1982,103.0,103.0,POR,Cherokee Rhone,Centenary (LA),,,,,,,,,,,,,,,,,,no career
1982,104.0,104.0,WSB,Clarence Dickerson,Hawaii,,,,,,,,,,,,,,,,,,no career
1982,105.0,105.0,NJN,Chris Giles,UAB,,,,,,,,,,,,,,,,,,no career
1982,106.0,106.0,GSW,Albert Irving,Alcorn State,,,,,,,,,,,,,,,,,,no career
1982,107.0,107.0,HOU,Jeff Schneider,Virginia Tech,,,,,,,,,,,,,,,,,,no career
1982,108.0,108.0,PHO,Marvin McCrary,Missouri,,,,,,,,,,,,,,,,,,no career
1982,109.0,109.0,DEN,Bill Duffy,Santa Clara,,,,,,,,,,,,,,,,,,no career
1982,110.0,110.0,SAS,Clarence Swannegan,Texas Tech,,,,,,,,,,,,,,,,,,no career
1982,111.0,111.0,SEA,Rod Camp,Southern Illinois,,,,,,,,,,,,,,,,,,no career
1982,112.0,112.0,WSB,Jerry Davis,Detroit Mercy,,,,,,,,,,,,,,,,,,no career
1982,113.0,113.0,LAL,Howard McNeill,Seton Hall,,,,,,,,,,,,,,,,,,no career
1982,114.0,114.0,PHI,Donald Mason,Fresno State,,,,,,,,,,,,,,,,,,no career
1982,115.0,115.0,BOS,William Brown,Saint Peter's College,,,,,,,,,,,,,,,,,,no career
1982,116.0,116.0,CLE,Vince Reynolds,South Florida,,,,,,,,,,,,,,,,,,no career
1982,117.0,117.0,SDC,Eric Marbury,Georgia,,,,,,,,,,,,,,,,,,no career
1982,118.0,118.0,UTA,Alvin Jackson,Southern University and A&M College,,,,,,,,,,,,,,,,,,no career
1982,119.0,119.0,DAL,Wayne Waggoner,Northwestern State University,,,,,,,,,,,,,,,,,,no career
1982,120.0,120.0,KCK,Poncho Wright,Louisville,,,,,,,,,,,,,,,,,,no career
1982,121.0,121.0,NYK,Mike Kanieski,Dayton,,,,,,,,,,,,,,,,,,no career
1982,122.0,122.0,CHI,B. B. Fontenet,Nevada,,,,,,,,,,,,,,,,,,no career
1982,123.0,123.0,IND,Jeff Clark,Saint Joseph's,,,,,,,,,,,,,,,,,,no career
1982,124.0,124.0,DET,Gary Holmes,Minnesota,,,,,,,,,,,,,,,,,,no career
1982,125.0,125.0,POR,Leo Cunningham,Utah State University,,,,,,,,,,,,,,,,,,no career
1982,126.0,126.0,ATL,Jay Bruchak,Mount St. Mary's University,,,,,,,,,,,,,,,,,,no career
1982,127.0,127.0,WSB,Byron Williams,Idaho State University,,,,,,,,,,,,,,,,,,no career
1982,128.0,128.0,NJN,Mel Daniel,Furman University,,,,,,,,,,,,,,,,,,no career
1982,129.0,129.0,GSW,David Vann,Saint Mary's,,,,,,,,,,,,,,,,,,no career
1982,130.0,130.0,PHO,Jake Bethany,Hardin-Simmons University,,,,,,,,,,,,,,,,,,no career
1982,131.0,131.0,DEN,Chris Brust,UNC,,,,,,,,,,,,,,,,,,no career
1982,132.0,132.0,HOU,Don Wilson,Louisiana-Monroe,,,,,,,,,,,,,,,,,,no career
1982,133.0,133.0,SAS,Jaime Pena,New Mexico State,,,,,,,,,,,,,,,,,,no career
1982,134.0,134.0,SEA,Bobby Potts,UNC Charlotte,,,,,,,,,,,,,,,,,,no career
1982,135.0,135.0,MIL,Tony Carr,University of Wisconsin-Eau Claire,,,,,,,,,,,,,,,,,,no career
1982,136.0,136.0,LAL,Lynden Rose,Houston,,,,,,,,,,,,,,,,,,no career
1982,137.0,137.0,PHI,Kevin Boyle,Iowa,,,,,,,,,,,,,,,,,,no career
1982,139.0,139.0,CLE,Randy Reed,Kansas State,,,,,,,,,,,,,,,,,,no career
1982,141.0,141.0,UTA,Thad Garner,Michigan,,,,,,,,,,,,,,,,,,no career
1982,142.0,142.0,DAL,Bob Grady,Northwestern,,,,,,,,,,,,,,,,,,no career
1982,143.0,143.0,KCK,Perry Range,Illinois,,,,,,,,,,,,,,,,,,no career
1982,144.0,144.0,NYK,Phil Seymore,Canisius,,,,,,,,,,,,,,,,,,no career
1982,145.0,145.0,CHI,Chuck Verderber,Kentucky,,,,,,,,,,,,,,,,,,no career
1982,146.0,146.0,IND,Brad Leaf,University of Evansville,,,,,,,,,,,,,,,,,,no career
1982,147.0,147.0,DET,Dean Marquardt,Marquette,,,,,,,,,,,,,,,,,,no career
1982,148.0,148.0,ATL,Horace Wyatt,Clemson,,,,,,,,,,,,,,,,,,no career
1982,149.0,149.0,POR,Terry Long,Lamar,,,,,,,,,,,,,,,,,,no career
1982,150.0,150.0,WSB,Wendell Gibson,South Carolina,,,,,,,,,,,,,,,,,,no career
1982,151.0,151.0,NJN,Tony Anderson,UCLA,,,,,,,,,,,,,,,,,,no career
1982,152.0,152.0,GSW,Matt Waldron,University of the Pacific,,,,,,,,,,,,,,,,,,no career
1982,153.0,153.0,DEN,Jeb Barlow,UNC,,,,,,,,,,,,,,,,,,no career
1982,154.0,154.0,HOU,Mike Helms,Wake Forest,,,,,,,,,,,,,,,,,,no career
1982,155.0,155.0,PHO,Phil Ward,UNC Charlotte,,,,,,,,,,,,,,,,,,no career
1982,156.0,156.0,SAS,Delonte Taylor,University of North Texas,,,,,,,,,,,,,,,,,,no career
1982,157.0,157.0,SEA,Allen Rayhorn,Northern Illinois,,,,,,,,,,,,,,,,,,no career
1982,158.0,158.0,MIL,Bobby Austin,Cincinnati,,,,,,,,,,,,,,,,,,no career
1982,159.0,159.0,LAL,Maurice Williams,USC,,,,,,,,,,,,,,,,,,no career
1982,160.0,160.0,PHI,Keith Hilliard,Missouri State,,,,,,,,,,,,,,,,,,no career
1982,161.0,161.0,BOS,Phil Collins,West Virginia,,,,,,,,,,,,,,,,,,no career
1982,162.0,162.0,CLE,Monty Knight,VCU,,,,,,,,,,,,,,,,,,no career
1982,163.0,163.0,SDC,Jacques Tuz,Colorado,,,,,,,,,,,,,,,,,,no career
1982,164.0,164.0,UTA,Rick Campbell,Middle Tennessee,,,,,,,,,,,,,,,,,,no career
1982,165.0,165.0,DAL,Keith Peterson,Arkansas,,,,,,,,,,,,,,,,,,no career
1982,167.0,167.0,NYK,Dan Terwilliger,Siena College,,,,,,,,,,,,,,,,,,no career
1982,168.0,168.0,CHI,Mike Burns,UNLV,,,,,,,,,,,,,,,,,,no career
1982,169.0,169.0,IND,Donald Reese,Bradley,,,,,,,,,,,,,,,,,,no career
1982,170.0,170.0,DET,Brian Nyenhuis,Marquette,,,,,,,,,,,,,,,,,,no career
1982,171.0,171.0,POR,Dave Porter,Western Oregon University,,,,,,,,,,,,,,,,,,no career
1982,172.0,172.0,ATL,James Ratiff,Howard University,,,,,,,,,,,,,,,,,,no career
1982,173.0,173.0,WSB,Ken Luck,University of Delaware,,,,,,,,,,,,,,,,,,no career
1982,174.0,174.0,NJN,Otis Jackson,Memphis,,,,,,,,,,,,,,,,,,no career
1982,175.0,175.0,GSW,Mark King,Florida Southern College,,,,,,,,,,,,,,,,,,no career
1982,176.0,176.0,HOU,Dan Callandrillo,Seton Hall,,,,,,,,,,,,,,,,,,no career
1982,177.0,177.0,PHO,Rick Elrod,Georgetown College,,,,,,,,,,,,,,,,,,no career
1982,178.0,178.0,DEN,Donnie Speer,UAB,,,,,,,,,,,,,,,,,,no career
1982,179.0,179.0,SAS,Chris Faggi,Memphis,,,,,,,,,,,,,,,,,,no career
1982,180.0,180.0,SEA,Steve Burks,Washington,,,,,,,,,,,,,,,,,,no career
1982,181.0,181.0,MIL,Bryan Leonard,Illinois,,,,,,,,,,,,,,,,,,no career
1982,182.0,182.0,LAL,Micah Blunt,Tulane,,,,,,,,,,,,,,,,,,no career
1982,183.0,183.0,PHI,Donald Seals,Jackson State University,,,,,,,,,,,,,,,,,,no career
1982,184.0,184.0,BOS,Ed Spriggs,Georgetown,,,,,,,,,,,,,,,,,,no career
1982,185.0,185.0,CLE,Tony Hafley,University of South Alabama,,,,,,,,,,,,,,,,,,no career
1982,186.0,186.0,SDC,John Hegwood,San Francisco,,,,,,,,,,,,,,,,,,no career
1982,187.0,187.0,UTA,Riley Clarida,Long Island University,,,,,,,,,,,,,,,,,,no career
1982,188.0,188.0,DAL,Ralph McPherson,UT Arlington,,,,,,,,,,,,,,,,,,no career
1982,189.0,189.0,KCK,Jack Moore,Nebraska,,,,,,,,,,,,,,,,,,no career
1982,190.0,190.0,NYK,Merle Scott,South Carolina State,,,,,,,,,,,,,,,,,,no career
1982,191.0,191.0,CHI,Skip Dillard,DePaul,,,,,,,,,,,,,,,,,,no career
1982,192.0,192.0,IND,Mike Scearce,Purdue,,,,,,,,,,,,,,,,,,no career
1982,193.0,193.0,DET,Kevin Smith,Michigan State,,,,,,,,,,,,,,,,,,no career
1982,194.0,194.0,ATL,Pierre Bland,Elizabeth City State University,,,,,,,,,,,,,,,,,,no career
1982,195.0,195.0,POR,Mark Dearborn,Saint Joseph's,,,,,,,,,,,,,,,,,,no career
1982,196.0,196.0,WSB,James Terry,Howard University,,,,,,,,,,,,,,,,,,no career
1982,197.0,197.0,NJN,Gary Johnson,Oral Roberts,,,,,,,,,,,,,,,,,,no career
1982,198.0,198.0,GSW,Nick Morken,Tennessee,,,,,,,,,,,,,,,,,,no career
1982,199.0,199.0,PHO,Ken Lyles,Washington,,,,,,,,,,,,,,,,,,no career
1982,200.0,200.0,DEN,Dean Sears,UCLA,,,,,,,,,,,,,,,,,,no career
1982,201.0,201.0,SAS,Harry O'Brien,St. Mary's University,,,,,,,,,,,,,,,,,,no career
1982,202.0,202.0,MIL,Robert Tate,Idaho State University,,,,,,,,,,,,,,,,,,no career
1982,203.0,203.0,LAL,Tim Byrne,Rutgers University,,,,,,,,,,,,,,,,,,no career
1982,204.0,204.0,PHI,George Melton,Cheyney (PA),,,,,,,,,,,,,,,,,,no career
1982,205.0,205.0,BOS,Panagiotis Giannakis,,,,,,,,,,,,,,,,,,,no career
1982,206.0,206.0,CLE,Durand Walker,Indiana Wesleyan University,,,,,,,,,,,,,,,,,,no career
1982,207.0,207.0,SDC,Daryl Stovall,Creighton,,,,,,,,,,,,,,,,,,no career
1982,208.0,208.0,UTA,Michael Edwards,New Orleans,,,,,,,,,,,,,,,,,,no career
1982,209.0,209.0,DAL,Albert Culton,UT Arlington,,,,,,,,,,,,,,,,,,no career
1982,210.0,210.0,KCK,Robert Estes,Iowa State,,,,,,,,,,,,,,,,,,no career
1982,211.0,211.0,NYK,John Leonard,Manhattan University,,,,,,,,,,,,,,,,,,no career
1982,212.0,212.0,CHI,Tony Britto,Campbell,,,,,,,,,,,,,,,,,,no career
1982,213.0,213.0,IND,Craig Summers,University of Wisconsin-Stout,,,,,,,,,,,,,,,,,,no career
1982,214.0,214.0,DET,David Coulthard,,,,,,,,,,,,,,,,,,,no career
1982,215.0,215.0,POR,Grant Taylor,University of California Irvine,,,,,,,,,,,,,,,,,,no career
1982,216.0,216.0,ATL,Ronnie McAdoo,Old Dominion,,,,,,,,,,,,,,,,,,no career
1982,217.0,217.0,WSB,Donald Sinclair,NC Central,,,,,,,,,,,,,,,,,,no career
1982,218.0,218.0,NJN,Sean Tuohy,Ole Miss,,,,,,,,,,,,,,,,,,no career
1982,219.0,219.0,GSW,Randy Whieldon,University of California Irvine,,,,,,,,,,,,,,,,,,no career
1982,220.0,220.0,DEN,Mike Phillips,Niagara University,,,,,,,,,,,,,,,,,,no career
1982,222.0,222.0,SAS,Keith White,McMurry University,,,,,,,,,,,,,,,,,,no career
1982,223.0,223.0,MIL,Bob Coenen,University of Wisconsin-Eau Claire,,,,,,,,,,,,,,,,,,no career
1982,224.0,224.0,PHI,Randy Burkert,Drexel,,,,,,,,,,,,,,,,,,no career
1982,225.0,225.0,BOS,Landon Turner,Indiana,,,,,,,,,,,,,,,,,,no career
1983,32.0,32.0,WSB,Michael Britt,University of the District of Columbia,,,,,,,,,,,,,,,,,,no career
1983,37.0,37.0,DEN,David Russell,St. John's,,,,,,,,,,,,,,,,,,no career
1983,41.0,41.0,MIL,Ted Kitchel,Indiana,,,,,,,,,,,,,,,,,,no career
1983,44.0,44.0,NJN,Horace Owens,Rhode Island,,,,,,,,,,,,,,,,,,no career
1983,45.0,45.0,PHO,Paul Williams,Arizona State,,,,,,,,,,,,,,,,,,no career
1983,47.0,47.0,PHI,Ken Lyons,University of North Texas,,,,,,,,,,,,,,,,,,no career
1983,49.0,49.0,IND,Greg Jones,West Virginia,,,,,,,,,,,,,,,,,,no career
1983,51.0,51.0,PHO,Dereck Whittenburg,NC State,,,,,,,,,,,,,,,,,,no career
1983,52.0,52.0,BOS,Winfred King,East Tennessee State University,,,,,,,,,,,,,,,,,,no career
1983,55.0,55.0,DET,Erich Santifer,Syracuse,,,,,,,,,,,,,,,,,,no career
1983,56.0,56.0,CLE,Larry Anderson,UNLV,,,,,,,,,,,,,,,,,,no career
1983,60.0,60.0,KCK,Steve Harriel,Washington State,,,,,,,,,,,,,,,,,,no career
1983,61.0,61.0,DEN,David Little,Oklahoma,,,,,,,,,,,,,,,,,,no career
1983,63.0,63.0,SEA,Frank Burnell,Stetson University,,,,,,,,,,,,,,,,,,no career
1983,64.0,64.0,PHI,Claude Riley,Texas A&M,,,,,,,,,,,,,,,,,,no career
1983,65.0,65.0,MIL,Billy Goodwin,St. John's,,,,,,,,,,,,,,,,,,no career
1983,66.0,66.0,CLE,Les Craft,Kansas State,,,,,,,,,,,,,,,,,,no career
1983,67.0,67.0,CLE,Derrick Hord,Kentucky,,,,,,,,,,,,,,,,,,no career
1983,68.0,68.0,BOS,Craig Robinson,Virginia,,,,,,,,,,,,,,,,,,no career
1983,69.0,69.0,LAL,Orlando Phillips,Pepperdine,,,,,,,,,,,,,,,,,,no career
1983,70.0,70.0,PHI,Dan Ruland,James Madison University,,,,,,,,,,,,,,,,,,no career
1983,71.0,71.0,HOU,Darrell Browder,TCU,,,,,,,,,,,,,,,,,,no career
1983,72.0,72.0,IND,Terry Fair,Georgia,,,,,,,,,,,,,,,,,,no career
1983,74.0,74.0,PHI,Kalpatrick Wells,Mississippi State,,,,,,,,,,,,,,,,,,no career
1983,76.0,76.0,UTA,Doug Arnold,TCU,,,,,,,,,,,,,,,,,,no career
1983,78.0,78.0,DET,Steve Bouchie,Indiana,,,,,,,,,,,,,,,,,,no career
1983,79.0,79.0,DAL,Johnny Martin,Northwestern State University,,,,,,,,,,,,,,,,,,no career
1983,80.0,80.0,WSB,Dan Gay,Louisiana,,,,,,,,,,,,,,,,,,no career
1983,81.0,81.0,ATL,Harry Kelly,Texas Southern,,,,,,,,,,,,,,,,,,no career
1983,83.0,83.0,DEN,York Gross,UC Santa Barbara,,,,,,,,,,,,,,,,,,no career
1983,84.0,84.0,KCK,Mike Jackson,Wyoming,,,,,,,,,,,,,,,,,,no career
1983,85.0,85.0,POR,Tim Dunham,Chaminade University of Honolulu,,,,,,,,,,,,,,,,,,no career
1983,86.0,86.0,SEA,Pete DeBisschop,Fairfield,,,,,,,,,,,,,,,,,,no career
1983,87.0,87.0,NJN,Barney Mines,Bradley,,,,,,,,,,,,,,,,,,no career
1983,88.0,88.0,MIL,Mark Nickens,American University,,,,,,,,,,,,,,,,,,no career
1983,89.0,89.0,PHO,Sam Mosley,Nevada,,,,,,,,,,,,,,,,,,no career
1983,92.0,92.0,LAL,Terry Lewis,Mississippi State,,,,,,,,,,,,,,,,,,no career
1983,93.0,93.0,PHI,Craig Robinson,Princeton,,,,,,,,,,,,,,,,,,no career
1983,94.0,94.0,HOU,Chuck Barnett,Oklahoma,,,,,,,,,,,,,,,,,,no career
1983,95.0,95.0,IND,Roger Stieg,Ole Miss,,,,,,,,,,,,,,,,,,no career
1983,96.0,96.0,CLE,Chris Logan,Holy Cross,,,,,,,,,,,,,,,,,,no career
1983,98.0,98.0,CHI,Tim Andree,Notre Dame,,,,,,,,,,,,,,,,,,no career
1983,99.0,99.0,GSW,Greg Hines,Hampton,,,,,,,,,,,,,,,,,,no career
1983,100.0,100.0,UTA,Matt Clark,Oklahoma State,,,,,,,,,,,,,,,,,,no career
1983,103.0,103.0,WSB,Robin Dixon,University of New Hampshire,,,,,,,,,,,,,,,,,,no career
1983,104.0,104.0,ATL,Charles Jones,Oklahoma,,,,,,,,,,,,,,,,,,ambiguous candidates
1983,105.0,105.0,NYK,Troy Lee Mikell,East Tennessee State University,,,,,,,,,,,,,,,,,,no career
1983,106.0,106.0,KCK,Lorenza Andrews,Oklahoma State,,,,,,,,,,,,,,,,,,no career
1983,107.0,107.0,DEN,James Braddock,UNC,,,,,,,,,,,,,,,,,,no career
1983,108.0,108.0,POR,Gary Monroe,Wright State University,,,,,,,,,,,,,,,,,,no career
1983,109.0,109.0,SEA,Brad Watson,Washington,,,,,,,,,,,,,,,,,,no career
1983,110.0,110.0,NJN,Tyren Naulls,Texas A&M,,,,,,,,,,,,,,,,,,no career
1983,111.0,111.0,MIL,Mark Petteway,New Orleans,,,,,,,,,,,,,,,,,,no career
1983,112.0,112.0,SAS,Jeff Pehl,Richmond,,,,,,,,,,,,,,,,,,no career
1983,113.0,113.0,PHO,Rick Lamb,Illinois State,,,,,,,,,,,,,,,,,,no career
1983,114.0,114.0,BOS,Bob Reitz,Stonehill College,,,,,,,,,,,,,,,,,,no career
1983,115.0,115.0,LAL,Danny Dixon,Alabama A&M University,,,,,,,,,,,,,,,,,,no career
1983,116.0,116.0,PHI,Mike Milligan,Tennessee State,,,,,,,,,,,,,,,,,,no career
1983,117.0,117.0,HOU,Jim Stack,Northwestern,,,,,,,,,,,,,,,,,,no career
1983,118.0,118.0,IND,Cliff Pruitt,UAB,,,,,,,,,,,,,,,,,,no career
1983,119.0,119.0,CLE,Mel McLaughlin,Central Michigan University,,,,,,,,,,,,,,,,,,no career
1983,120.0,120.0,MIL,Russell Todd,West Virginia,,,,,,,,,,,,,,,,,,no career
1983,121.0,121.0,CHI,Ernest Patterson,New Mexico State,,,,,,,,,,,,,,,,,,no career
1983,122.0,122.0,UTA,Fred Gilliam,Clemson,,,,,,,,,,,,,,,,,,no career
1983,123.0,123.0,GSW,Tom Heywood,Weber State,,,,,,,,,,,,,,,,,,no career
1983,124.0,124.0,DET,Derek Perry,Michigan State,,,,,,,,,,,,,,,,,,no career
1983,125.0,125.0,DAL,Billy Allen,Nevada,,,,,,,,,,,,,,,,,,no career
1983,126.0,126.0,WSB,Donald Carroll,Saint Augustine's College,,,,,,,,,,,,,,,,,,no career
1983,127.0,127.0,ATL,Tom Bethea,Richmond,,,,,,,,,,,,,,,,,,no career
1983,128.0,128.0,NYK,Tony Simms,Boston University,,,,,,,,,,,,,,,,,,no career
1983,129.0,129.0,DEN,Glenn Green,Murray State,,,,,,,,,,,,,,,,,,no career
1983,130.0,130.0,KCK,Alvis Rogers,Wake Forest,,,,,,,,,,,,,,,,,,no career
1983,131.0,131.0,POR,Derrick Pope,Montana,,,,,,,,,,,,,,,,,,no career
1983,132.0,132.0,SEA,Tony Wilson,Western Kentucky,,,,,,,,,,,,,,,,,,no career
1983,133.0,133.0,NJN,Oscar Taylor,New Orleans,,,,,,,,,,,,,,,,,,no career
1983,134.0,134.0,MIL,Charles Hurt,Kentucky,,,,,,,,,,,,,,,,,,no career
1983,135.0,135.0,PHO,Edward Bona,Fordham,,,,,,,,,,,,,,,,,,no career
1983,136.0,136.0,SAS,Ricky Hooker,St. Mary's University,,,,,,,,,,,,,,,,,,no career
1983,137.0,137.0,BOS,Paul Atkins,Dallas Baptist University,,,,,,,,,,,,,,,,,,no career
1983,138.0,138.0,LAL,Mark Steele,Colorado State,,,,,,,,,,,,,,,,,,no career
1983,140.0,140.0,HOU,Brian Kellerman,Idaho,,,,,,,,,,,,,,,,,,no career
1983,142.0,142.0,CLE,John Colombo,John Carroll University,,,,,,,,,,,,,,,,,,no career
1983,143.0,143.0,SDC,Dan Evans,Oregon State,,,,,,,,,,,,,,,,,,no career
1983,144.0,144.0,CHI,Jacque Hill,USC,,,,,,,,,,,,,,,,,,no career
1983,145.0,145.0,GSW,Peter Williams,Utah,,,,,,,,,,,,,,,,,,no career
1983,146.0,146.0,UTA,Gerald Kazanowski,,,,,,,,,,,,,,,,,,,no career
1983,147.0,147.0,DET,Rob Gonzalez,Colorado,,,,,,,,,,,,,,,,,,no career
1983,148.0,148.0,DAL,Terrell Schlundt,Marquette,,,,,,,,,,,,,,,,,,no career
1983,149.0,149.0,WSB,Danny Womack,Winston-Salem State,,,,,,,,,,,,,,,,,,no career
1983,150.0,150.0,ATL,Lex Drum,UAB,,,,,,,,,,,,,,,,,,no career
1983,151.0,151.0,NYK,Desi Barmore,Fresno State,,,,,,,,,,,,,,,,,,no career
1983,153.0,153.0,DEN,Maurice McDaniel,Catawba College,,,,,,,,,,,,,,,,,,no career
1983,154.0,154.0,POR,Paul Little,Penn,,,,,,,,,,,,,,,,,,no career
1983,155.0,155.0,SEA,Tony Gattis,Mercer University,,,,,,,,,,,,,,,,,,no career
1983,156.0,156.0,NJN,Keith Bennett,Sacred Heart University,,,,,,,,,,,,,,,,,,no career
1983,157.0,157.0,MIL,Anthony Hicks,Xavier,,,,,,,,,,,,,,,,,,no career
1983,158.0,158.0,SAS,Keith Williams,Oklahoma Panhandle State University,,,,,,,,,,,,,,,,,,no career
1983,159.0,159.0,PHO,Fred Brown,VCU,,,,,,,,,,,,,,,,,,no career
1983,160.0,160.0,BOS,Ron Jackson,Providence,,,,,,,,,,,,,,,,,,no career
1983,161.0,161.0,LAL,Ricky Mixon,Cal State Fullerton,,,,,,,,,,,,,,,,,,no career
1983,162.0,162.0,PHI,Tony Bruin,Syracuse,,,,,,,,,,,,,,,,,,no career
1983,163.0,163.0,HOU,Jeff Bolding,Arkansas State University,,,,,,,,,,,,,,,,,,no career
1983,164.0,164.0,IND,Ray McCallum,Ball State University,,,,,,,,,,,,,,,,,,no career
1983,165.0,165.0,CLE,Larry Tucker,Lewis (IL),,,,,,,,,,,,,,,,,,no career
1983,166.0,166.0,SDC,Mark Gannon,Iowa,,,,,,,,,,,,,,,,,,no career
1983,167.0,167.0,CHI,Terry Bradley,Chicago State,,,,,,,,,,,,,,,,,,no career
1983,168.0,168.0,UTA,Michael McCombs,College of Santa Fe,,,,,,,,,,,,,,,,,,no career
1983,169.0,169.0,GSW,Doug Harris,Central Washington University,,,,,,,,,,,,,,,,,,no career
1983,170.0,170.0,DET,George Wenzel,Augustana College (IL),,,,,,,,,,,,,,,,,,no career
1983,171.0,171.0,DAL,Bill Sadler,Pepperdine,,,,,,,,,,,,,,,,,,no career
1983,172.0,172.0,WSB,Bernard Perry,Howard University,,,,,,,,,,,,,,,,,,no career
1983,173.0,173.0,ATL,George Thomas,Georgia Tech,,,,,,,,,,,,,,,,,,no career
1983,174.0,174.0,NYK,Mike Lang,Penn State,,,,,,,,,,,,,,,,,,no career
1983,175.0,175.0,DEN,Cliff Tribus,Davidson,,,,,,,,,,,,,,,,,,no career
1983,176.0,176.0,KCK,Preston Neumayr,UC-Davis,,,,,,,,,,,,,,,,,,no career
1983,177.0,177.0,POR,Frank Smith,Arizona,,,,,,,,,,,,,,,,,,no career
1983,178.0,178.0,SEA,Ray Smith,Armstrong Atlantic State University,,,,,,,,,,,,,,,,,,no career
1983,179.0,179.0,NJN,Joey Myers,Duquesne,,,,,,,,,,,,,,,,,,no career
1983,180.0,180.0,MIL,Brett Burkholder,DePaul,,,,,,,,,,,,,,,,,,no career
1983,181.0,181.0,PHO,Mike Mulquin,Villanova,,,,,,,,,,,,,,,,,,no career
1983,182.0,182.0,SAS,Norvell Brown,Oklahoma Christian University,,,,,,,,,,,,,,,,,,no career
1983,183.0,183.0,BOS,Trent Johnson,Pitt,,,,,,,,,,,,,,,,,,no career
1983,184.0,184.0,PHI,Gordon Austin,American University,,,,,,,,,,,,,,,,,,no career
1983,185.0,185.0,HOU,James Campbell,Oklahoma City University,,,,,,,,,,,,,,,,,,no career
1983,186.0,186.0,IND,Lynn Mitchem,Butler,,,,,,,,,,,,,,,,,,no career
1983,187.0,187.0,CLE,Joe Brown,Georgia State University,,,,,,,,,,,,,,,,,,no career
1983,188.0,188.0,SDC,David Maxwell,Fordham,,,,,,,,,,,,,,,,,,no career
1983,189.0,189.0,CHI,Kenneth Orange,Oklahoma Christian University,,,,,,,,,,,,,,,,,,no career
1983,190.0,190.0,GSW,Greg Goorjian,Loyola Marymount,,,,,,,,,,,,,,,,,,no career
1983,191.0,191.0,UTA,Ron Webb,Oklahoma Christian University,,,,,,,,,,,,,,,,,,no career
1983,192.0,192.0,DET,Marlow McLain,Eastern Michigan,,,,,,,,,,,,,,,,,,no career
1983,193.0,193.0,DAL,Sherrod Arnold,Chicago State,,,,,,,,,,,,,,,,,,no career
1983,194.0,194.0,WSB,Ricky Moreland,UMBC,,,,,,,,,,,,,,,,,,no career
1983,195.0,195.0,ATL,Will Cotchery,University of West Alabama,,,,,,,,,,,,,,,,,,no career
1983,196.0,196.0,NYK,Charles Jones,Marshall,,,,,,,,,,,,,,,,,,ambiguous candidates
1983,197.0,197.0,KCK,Bernard Hill,Oklahoma Panhandle State University,,,,,,,,,,,,,,,,,,no career
1983,198.0,198.0,DEN,Bobby Van Noy,Catawba College,,,,,,,,,,,,,,,,,,no career
1983,199.0,199.0,POR,Phil Hopson,Idaho,,,,,,,,,,,,,,,,,,no career
1983,200.0,200.0,SEA,Tony Washington,Hampton,,,,,,,,,,,,,,,,,,no career
1983,201.0,201.0,NJN,Kevin Black,Rutgers University,,,,,,,,,,,,,,,,,,no career
1983,202.0,202.0,MIL,Bill Varner,Notre Dame,,,,,,,,,,,,,,,,,,no career
1983,203.0,203.0,SAS,Gary Gaspard,St. Mary's University,,,,,,,,,,,,,,,,,,no career
1983,204.0,204.0,PHO,Joe Dykstra,Western Illinois University,,,,,,,,,,,,,,,,,,no career
1983,205.0,205.0,BOS,John Rice,University of Massachusetts Boston,,,,,,,,,,,,,,,,,,no career
1983,206.0,206.0,PHI,Charles Fisher,James Madison University,,,,,,,,,,,,,,,,,,no career
1983,207.0,207.0,IND,Mark Smed,Augustana College (SD),,,,,,,,,,,,,,,,,,no career
1983,208.0,208.0,CLE,Jon Hanley,Xavier,,,,,,,,,,,,,,,,,,no career
1983,210.0,210.0,CHI,Tom Emma,Duke,,,,,,,,,,,,,,,,,,no career
1983,211.0,211.0,UTA,Odell Mosteller,Auburn,,,,,,,,,,,,,,,,,,no career
1983,212.0,212.0,GSW,Michael Zeno,Cal State Long Beach,,,,,,,,,,,,,,,,,,no career
1983,213.0,213.0,DET,Ike Person,Michigan,,,,,,,,,,,,,,,,,,no career
1983,214.0,214.0,DAL,Clyde Corley,Florida International University,,,,,,,,,,,,,,,,,,no career
1983,215.0,215.0,WSB,Isaiah Singletary,Saint Louis,,,,,,,,,,,,,,,,,,no career
1983,216.0,216.0,ATL,Ronnie Carr,Western Carolina University,,,,,,,,,,,,,,,,,,no career
1983,217.0,217.0,NYK,Bernard Randolph,DePaul,,,,,,,,,,,,,,,,,,no career
1983,218.0,218.0,DEN,Cleveland McCrae,Catawba College,,,,,,,,,,,,,,,,,,no career
1983,219.0,219.0,KCK,Aaron Haskins,Washington State,,,,,,,,,,,,,,,,,,no career
1983,220.0,220.0,POR,Russ Christianson,East Oregon University,,,,,,,,,,,,,,,,,,no career
1983,221.0,221.0,SEA,David Binion,NC Central,,,,,,,,,,,,,,,,,,no career
1983,222.0,222.0,NJN,Rich Simkus,Princeton,,,,,,,,,,,,,,,,,,no career
1983,223.0,223.0,MIL,Bob Kelly,St. John's,,,,,,,,,,,,,,,,,,no career
1983,224.0,224.0,PHO,Bo Overton,Oklahoma,,,,,,,,,,,,,,,,,,no career
1983,225.0,225.0,SAS,Lamar Heard,Georgia,,,,,,,,,,,,,,,,,,no career
1983,226.0,226.0,BOS,Andy Kupec,Bentley College,,,,,,,,,,,,,,,,,,no career
1984,26.0,26.0,POR,Victor Fleming,Xavier,,,,,,,,,,,,,,,,,,no career
1984,32.0,32.0,DET,Eric Turner,Michigan,,,,,,,,,,,,,,,,,,no career
1984,34.0,34.0,WSB,Tony Costner,Saint Joseph's,,,,,,,,,,,,,,,,,,no career
1984,36.0,36.0,PHO,Charles Jones,Louisville,4.0,201.0,3009.0,1015.0,758.0,206.0,0.493,0.111,0.611,15.0,5.0,3.8,1.0,4.5,0.072,-0.9,0.8,ambiguous candidates
1984,40.0,40.0,DAL,Anthony Teachey,Wake Forest,,,,,,,,,,,,,,,,,,no career
1984,43.0,43.0,CHI,Greg Wiltjer,Oregon State,,,,,,,,,,,,,,,,,,no career
1984,44.0,44.0,WSB,Fred Reynolds,Texas-El Paso,,,,,,,,,,,,,,,,,,no career
1984,47.0,47.0,BOS,Ronnie Williams,Florida,,,,,,,,,,,,,,,,,,no career
1984,48.0,48.0,PHI,James Banks,Georgia,,,,,,,,,,,,,,,,,,no career
1984,49.0,49.0,CHI,Tim Dillon,Northern Illinois,,,,,,,,,,,,,,,,,,no career
1984,52.0,52.0,SEA,Terry Williams,Alabama,,,,,,,,,,,,,,,,,,no career
1984,53.0,53.0,WSB,Ricky Ross,Tulsa,,,,,,,,,,,,,,,,,,no career
1984,54.0,54.0,KCK,Roosevelt Chapman,Dayton,,,,,,,,,,,,,,,,,,no career
1984,55.0,55.0,GSW,Lewis Jackson,Alabama State University,,,,,,,,,,,,,,,,,,no career
1984,56.0,56.0,KCK,Jeff Allen,St. John's,,,,,,,,,,,,,,,,,,no career
1984,58.0,58.0,ATL,Bobby Parks,Memphis,,,,,,,,,,,,,,,,,,no career
1984,59.0,59.0,PHO,Murray Jarman,Clemson,,,,,,,,,,,,,,,,,,no career
1984,60.0,60.0,CLE,Leonard Mitchell,LSU,,,,,,,,,,,,,,,,,,no career
1984,63.0,63.0,NJN,Yommy Sangodeyi,Sam Houston State University,,,,,,,,,,,,,,,,,,no career
1984,64.0,64.0,NYK,Curtis Green,Southern Miss,,,,,,,,,,,,,,,,,,no career
1984,65.0,65.0,POR,Tim Kearney,West Virginia,,,,,,,,,,,,,,,,,,no career
1984,66.0,66.0,DET,Kevin Springman,Saint Joseph's,,,,,,,,,,,,,,,,,,no career
1984,67.0,67.0,MIL,Vernon Delancy,Florida,,,,,,,,,,,,,,,,,,no career
1984,69.0,69.0,LAL,George Singleton,Furman University,,,,,,,,,,,,,,,,,,no career
1984,72.0,72.0,CHI,Melvin Johnson,UNC Charlotte,,,,,,,,,,,,,,,,,,no career
1984,73.0,73.0,CLE,Art Aaron,Northwestern,,,,,,,,,,,,,,,,,,no career
1984,74.0,74.0,HOU,Willie Jackson,Centenary (LA),,,,,,,,,,,,,,,,,,no career
1984,75.0,75.0,LAC,Marc Glass,Montana,,,,,,,,,,,,,,,,,,no career
1984,77.0,77.0,CHI,Mark Halsel,Northeastern University,,,,,,,,,,,,,,,,,,no career
1984,78.0,78.0,SAS,John Devereaux,Ohio University,,,,,,,,,,,,,,,,,,no career
1984,79.0,79.0,DEN,Karl Tilleman,University of Calgary,,,,,,,,,,,,,,,,,,no career
1984,81.0,81.0,ATL,Dicky Beal,Kentucky,,,,,,,,,,,,,,,,,,no career
1984,82.0,82.0,PHO,Jeff Collins,UNLV,,,,,,,,,,,,,,,,,,no career
1984,83.0,83.0,SEA,Jeff Jenkins,Xavier,,,,,,,,,,,,,,,,,,no career
1984,84.0,84.0,DAL,John Horrocks,University of North Texas,,,,,,,,,,,,,,,,,,no career
1984,85.0,85.0,NJN,Hank Cornley,Illinois State,,,,,,,,,,,,,,,,,,no career
1984,88.0,88.0,POR,Brett Applegate,BYU,,,,,,,,,,,,,,,,,,no career
1984,89.0,89.0,DET,Phillip Smith,New Mexico,,,,,,,,,,,,,,,,,,no career
1984,91.0,91.0,PHI,Earl Harrison,Morehead State University,,,,,,,,,,,,,,,,,,no career
1984,92.0,92.0,LAL,John Revelli,Stanford,,,,,,,,,,,,,,,,,,no career
1984,93.0,93.0,BOS,Kevin Mullin,Princeton,,,,,,,,,,,,,,,,,,no career
1984,94.0,94.0,IND,Gene Smith,Georgetown,,,,,,,,,,,,,,,,,,no career
1984,95.0,95.0,CHI,Lamont Robinson,Lamar,,,,,,,,,,,,,,,,,,no career
1984,96.0,96.0,CLE,Vince Hinchen,Boise State,,,,,,,,,,,,,,,,,,no career
1984,97.0,97.0,HOU,Al McClain,University of New Hampshire,,,,,,,,,,,,,,,,,,no career
1984,98.0,98.0,LAC,Alonza Allen,Louisiana,,,,,,,,,,,,,,,,,,no career
1984,99.0,99.0,WSB,Colin Irish,Bowling Green,,,,,,,,,,,,,,,,,,no career
1984,100.0,100.0,SAS,Eric Richardson,Alabama,,,,,,,,,,,,,,,,,,no career
1984,101.0,101.0,GSW,Steve Bartek,Doane University,,,,,,,,,,,,,,,,,,no career
1984,102.0,102.0,KCK,Jim Foster,South Carolina,,,,,,,,,,,,,,,,,,no career
1984,103.0,103.0,DEN,Prince Bridges,Missouri,,,,,,,,,,,,,,,,,,no career
1984,104.0,104.0,ATL,Terry Martin,Louisiana-Monroe,,,,,,,,,,,,,,,,,,no career
1984,105.0,105.0,PHO,Bill Flye,Richmond,,,,,,,,,,,,,,,,,,no career
1984,106.0,106.0,SEA,Eli Pasquale,,,,,,,,,,,,,,,,,,,no career
1984,107.0,107.0,DAL,Dave Williams,University of Illinois at Chicago,,,,,,,,,,,,,,,,,,no career
1984,108.0,108.0,UTA,Marcus Gaither,Fairleigh Dickinson University,,,,,,,,,,,,,,,,,,no career
1984,109.0,109.0,NJN,Michael Gerren,University of South Alabama,,,,,,,,,,,,,,,,,,no career
1984,110.0,110.0,GSW,Scott McCollum,Pepperdine,,,,,,,,,,,,,,,,,,no career
1984,111.0,111.0,POR,Mike Whitmarsh,University of San Diego,,,,,,,,,,,,,,,,,,no career
1984,112.0,112.0,DET,Rick Doyle,Texas-San Antonio,,,,,,,,,,,,,,,,,,no career
1984,113.0,113.0,MIL,Ernie Floyd,Holy Cross,,,,,,,,,,,,,,,,,,no career
1984,114.0,114.0,PHI,Dan Federman,Tennessee,,,,,,,,,,,,,,,,,,no career
1984,115.0,115.0,LAL,Lance Berwald,North Dakota State University,,,,,,,,,,,,,,,,,,no career
1984,116.0,116.0,BOS,Todd Orlando,Bentley College,,,,,,,,,,,,,,,,,,no career
1984,117.0,117.0,IND,Clyde Vaughan,Pitt,,,,,,,,,,,,,,,,,,no career
1984,118.0,118.0,CHI,Jeff Tipton,Morehead State University,,,,,,,,,,,,,,,,,,no career
1984,119.0,119.0,CLE,Matt Doherty,UNC,,,,,,,,,,,,,,,,,,no career
1984,121.0,121.0,LAC,Phillip Haynes,Memphis,,,,,,,,,,,,,,,,,,no career
1984,122.0,122.0,WSB,Blaise Bugajski,Illinois Wesleyan University,,,,,,,,,,,,,,,,,,no career
1984,123.0,123.0,GSW,Tony Martin,Wyoming,,,,,,,,,,,,,,,,,,no career
1984,124.0,124.0,SAS,Dion Brown,Louisiana,,,,,,,,,,,,,,,,,,no career
1984,126.0,126.0,KCK,Bruce Vanley,Tulsa,,,,,,,,,,,,,,,,,,no career
1984,127.0,127.0,ATL,Jim Master,Kentucky,,,,,,,,,,,,,,,,,,no career
1984,128.0,128.0,PHO,Herman Veal,Maryland,,,,,,,,,,,,,,,,,,no career
1984,129.0,129.0,SEA,Graylin Warner,Louisiana,,,,,,,,,,,,,,,,,,no career
1984,130.0,130.0,DAL,LaVerne Evans,Marshall,,,,,,,,,,,,,,,,,,no career
1984,131.0,131.0,NJN,Oscar Schmidt,,,,,,,,,,,,,,,,,,,no career
1984,132.0,132.0,UTA,Chris Harrison,West Virginia Wesleyan College,,,,,,,,,,,,,,,,,,no career
1984,134.0,134.0,POR,Lance Ball,Western Oregon University,,,,,,,,,,,,,,,,,,no career
1984,135.0,135.0,DET,Rennie Bailey,Louisiana Tech,,,,,,,,,,,,,,,,,,no career
1984,136.0,136.0,MIL,Mike Reddick,Stetson University,,,,,,,,,,,,,,,,,,no career
1984,137.0,137.0,PHI,Gary Springer,Iona College,,,,,,,,,,,,,,,,,,no career
1984,138.0,138.0,LAL,Keith Jones,Stanford,,,,,,,,,,,,,,,,,,no career
1984,139.0,139.0,BOS,Steve Carfino,Iowa,,,,,,,,,,,,,,,,,,no career
1984,141.0,141.0,CHI,Butch Hays,California,,,,,,,,,,,,,,,,,,no career
1984,142.0,142.0,CLE,Joe Jakubick,University of Akron,,,,,,,,,,,,,,,,,,no career
1984,143.0,143.0,HOU,Joedy Gardner,Cal State Long Beach,,,,,,,,,,,,,,,,,,no career
1984,144.0,144.0,LAC,David Brantley,Oregon,,,,,,,,,,,,,,,,,,no career
1984,145.0,145.0,WSB,Tim Garrett,New Mexico,,,,,,,,,,,,,,,,,,no career
1984,146.0,146.0,SAS,Michael Pitts,California,,,,,,,,,,,,,,,,,,no career
1984,147.0,147.0,GSW,Cliff Higgins,Cal State Northridge,,,,,,,,,,,,,,,,,,no career
1984,148.0,148.0,KCK,Chipper Harris,Robert Morris University (PA),,,,,,,,,,,,,,,,,,no career
1984,149.0,149.0,DEN,Mark Simpson,Catawba College,,,,,,,,,,,,,,,,,,no career
1984,150.0,150.0,ATL,Vince Martello,Florida State,,,,,,,,,,,,,,,,,,no career
1984,151.0,151.0,PHO,Raymond Crenshaw,Oklahoma State,,,,,,,,,,,,,,,,,,no career
1984,152.0,152.0,SEA,Gary Gatewood,Oregon,,,,,,,,,,,,,,,,,,no career
1984,153.0,153.0,DAL,George Turner,University of California Irvine,,,,,,,,,,,,,,,,,,no career
1984,154.0,154.0,UTA,Bob Evans,Southern Utah University,,,,,,,,,,,,,,,,,,no career
1984,155.0,155.0,NJN,Sean Kerins,Syracuse,,,,,,,,,,,,,,,,,,no career
1984,157.0,157.0,POR,Victor Anger,Pepperdine,,,,,,,,,,,,,,,,,,no career
1984,158.0,158.0,DET,Barry Francisco,Bloomsburg University of Pennsylvania,,,,,,,,,,,,,,,,,,no career
1984,159.0,159.0,MIL,Tony William,Florida State,,,,,,,,,,,,,,,,,,no career
1984,160.0,160.0,PHI,Rich Congo,Drexel,,,,,,,,,,,,,,,,,,no career
1984,161.0,161.0,LAL,Richard Haenisch,Chaminade University of Honolulu,,,,,,,,,,,,,,,,,,no career
1984,162.0,162.0,BOS,Mark Van Valkenburg,Framingham State College,,,,,,,,,,,,,,,,,,no career
1984,163.0,163.0,IND,Tom Heitz,Kentucky,,,,,,,,,,,,,,,,,,no career
1984,164.0,164.0,CHI,Brett Crawford,Alliant International University,,,,,,,,,,,,,,,,,,no career
1984,165.0,165.0,CLE,Elliot Beard,Oberlin College,,,,,,,,,,,,,,,,,,no career
1984,166.0,166.0,HOU,Greg Wolff,Angelo State University,,,,,,,,,,,,,,,,,,no career
1984,167.0,167.0,LAC,Jim McLoughlin,Temple,,,,,,,,,,,,,,,,,,no career
1984,168.0,168.0,WSB,Darryl Odom,West Virginia Wesleyan College,,,,,,,,,,,,,,,,,,no career
1984,169.0,169.0,GSW,Paul Brozovich,UNLV,,,,,,,,,,,,,,,,,,no career
1984,170.0,170.0,SAS,Dan Tarkanian,UNLV,,,,,,,,,,,,,,,,,,no career
1984,171.0,171.0,DEN,Bill Wendlandt,Texas,,,,,,,,,,,,,,,,,,no career
1984,172.0,172.0,KCK,Nate Rollins,Fort Hays State University,,,,,,,,,,,,,,,,,,no career
1984,173.0,173.0,ATL,Robert Brown,Long Island University,,,,,,,,,,,,,,,,,,no career
1984,174.0,174.0,PHO,Mark Fothergill,Maryland,,,,,,,,,,,,,,,,,,no career
1984,175.0,175.0,SEA,Jerry McMillan,DePaul,,,,,,,,,,,,,,,,,,no career
1984,176.0,176.0,DAL,Leroy Sutton,Arkansas,,,,,,,,,,,,,,,,,,no career
1984,177.0,177.0,NJN,Chris Winans,Utah,,,,,,,,,,,,,,,,,,no career
1984,178.0,178.0,UTA,Eric Booker,UNLV,,,,,,,,,,,,,,,,,,no career
1984,179.0,179.0,NYK,Ricky Tunstall,Youngstown State University,,,,,,,,,,,,,,,,,,no career
1984,180.0,180.0,POR,Steve Flint,UC San Diego,,,,,,,,,,,,,,,,,,no career
1984,181.0,181.0,DET,Dale Roberts,Appalachian State University,,,,,,,,,,,,,,,,,,no career
1984,182.0,182.0,MIL,Brad Jergenson,South Carolina,,,,,,,,,,,,,,,,,,no career
1984,183.0,183.0,PHI,Frank Dobbs,Villanova,,,,,,,,,,,,,,,,,,no career
1984,184.0,184.0,BOS,Champ Godbolt,Holy Cross,,,,,,,,,,,,,,,,,,no career
1984,186.0,186.0,CHI,Calvin Pierce,Oklahoma,,,,,,,,,,,,,,,,,,no career
1984,187.0,187.0,CLE,John Shimko,Xavier,,,,,,,,,,,,,,,,,,no career
1984,188.0,188.0,HOU,Bill Coon,Presbyterian College,,,,,,,,,,,,,,,,,,no career
1984,189.0,189.0,LAC,Dave Schultz,Westmont College,,,,,,,,,,,,,,,,,,no career
1984,190.0,190.0,WSB,Mike Emanuel,University of North Carolina at Pembroke,,,,,,,,,,,,,,,,,,no career
1984,191.0,191.0,SAS,Melvin Roseboro,St. Mary's University,,,,,,,,,,,,,,,,,,no career
1984,192.0,192.0,GSW,Mitch Arnold,Fresno State,,,,,,,,,,,,,,,,,,no career
1984,193.0,193.0,KCK,Greg Turner,Auburn,,,,,,,,,,,,,,,,,,no career
1984,194.0,194.0,DEN,Cecil Exum,UNC,,,,,,,,,,,,,,,,,,no career
1984,195.0,195.0,ATL,Fred Brown,Georgetown,,,,,,,,,,,,,,,,,,no career
1984,196.0,196.0,PHO,Buddy Cox,Bellarmine University,,,,,,,,,,,,,,,,,,no career
1984,198.0,198.0,DAL,John Tudor,LSU,,,,,,,,,,,,,,,,,,no career
1984,199.0,199.0,UTA,Kelly Knight,Kansas,,,,,,,,,,,,,,,,,,no career
1984,200.0,200.0,NJN,Bill Ryan,Princeton,,,,,,,,,,,,,,,,,,no career
1984,201.0,201.0,NYK,Marc Marotta,Marquette,,,,,,,,,,,,,,,,,,no career
1984,202.0,202.0,POR,Dennis Black,University of Portland,,,,,,,,,,,,,,,,,,no career
1984,203.0,203.0,DET,Ben Tower,Michigan State,,,,,,,,,,,,,,,,,,no career
1984,204.0,204.0,MIL,Edwin Green,UMass,,,,,,,,,,,,,,,,,,no career
1984,205.0,205.0,PHI,Michael Mitchell,Drexel,,,,,,,,,,,,,,,,,,no career
1984,206.0,206.0,BOS,Joe Dickson,Merrimack College,,,,,,,,,,,,,,,,,,no career
1984,207.0,207.0,IND,Gary Carver,Western Kentucky,,,,,,,,,,,,,,,,,,no career
1984,208.0,208.0,CHI,Carl Lewis,Houston,,,,,,,,,,,,,,,,,,no career
1984,209.0,209.0,CLE,Darrell Space,Northeastern Illinois University,,,,,,,,,,,,,,,,,,no career
1984,210.0,210.0,HOU,Robert Turner,Canisius,,,,,,,,,,,,,,,,,,no career
1984,211.0,211.0,LAC,Dick Mumma,Penn State,,,,,,,,,,,,,,,,,,no career
1984,212.0,212.0,WSB,Glynn Myrick,Stetson University,,,,,,,,,,,,,,,,,,no career
1984,213.0,213.0,GSW,Tim Bell,University of California Riverside,,,,,,,,,,,,,,,,,,no career
1984,214.0,214.0,SAS,Frank Rodriguez,New Mexico State,,,,,,,,,,,,,,,,,,no career
1984,215.0,215.0,DEN,Dexter Bailey,Xavier,,,,,,,,,,,,,,,,,,no career
1984,216.0,216.0,KCK,Victor Coleman,Northwest Missouri State University,,,,,,,,,,,,,,,,,,no career
1984,217.0,217.0,ATL,Doug Mills,Hofstra,,,,,,,,,,,,,,,,,,no career
1984,218.0,218.0,PHO,Ezra Hill,Liberty,,,,,,,,,,,,,,,,,,no career
1984,219.0,219.0,SEA,Greg Brandon,Creighton,,,,,,,,,,,,,,,,,,no career
1984,220.0,220.0,DAL,Napoleon Johnson,Grambling State University,,,,,,,,,,,,,,,,,,no career
1984,221.0,221.0,NJN,Phil Jamison,Saint Peter's College,,,,,,,,,,,,,,,,,,no career
1984,222.0,222.0,UTA,Mike Curran,Niagara University,,,,,,,,,,,,,,,,,,no career
1984,223.0,223.0,NYK,Mike Henderson,LIU Post,,,,,,,,,,,,,,,,,,no career
1984,224.0,224.0,POR,Randy Dunn,George Fox University,,,,,,,,,,,,,,,,,,no career
1984,225.0,225.0,DET,Dan Pelekoudas,Michigan,,,,,,,,,,,,,,,,,,no career
1984,226.0,226.0,MIL,Mike Toomer,Florida A&M,,,,,,,,,,,,,,,,,,no career
1984,227.0,227.0,PHI,Martin Clark,Boston College,,,,,,,,,,,,,,,,,,no career
1984,228.0,228.0,BOS,Dan Trant,Clark University,,,,,,,,,,,,,,,,,,no career
1985,30.0,30.0,CLE,Calvin Duncan,VCU,,,,,,,,,,,,,,,,,,no career
1985,34.0,34.0,CHI,Aubrey Sherrod,Wichita State,,,,,,,,,,,,,,,,,,no career
1985,39.0,39.0,POR,George Montgomery,Illinois,,,,,,,,,,,,,,,,,,no career
1985,42.0,42.0,GSW,Bobby Lee Hurt,Alabama,,,,,,,,,,,,,,,,,,no career
1985,48.0,48.0,IND,Kenny Patterson,DePaul,,,,,,,,,,,,,,,,,,no career
1985,50.0,50.0,DAL,Leonard Allen,San Diego State,,,,,,,,,,,,,,,,,,no career
1985,52.0,52.0,LAC,Anicet Lavodrama,Houston Baptist University,,,,,,,,,,,,,,,,,,no career
1985,53.0,53.0,SEA,Rolando Lamb,VCU,,,,,,,,,,,,,,,,,,no career
1985,55.0,55.0,CLE,Herb Johnson,Tulsa,,,,,,,,,,,,,,,,,,no career
1985,56.0,56.0,PHO,Jerry Everett,Lamar,,,,,,,,,,,,,,,,,,no career
1985,57.0,57.0,HOU,Michael Payne,Iowa,,,,,,,,,,,,,,,,,,no career
1985,58.0,58.0,WSB,Vernon Moore,Creighton,,,,,,,,,,,,,,,,,,no career
1985,60.0,60.0,DET,Andre Goode,Northwestern,,,,,,,,,,,,,,,,,,no career
1985,62.0,62.0,NJN,Nigel Miguel,UCLA,,,,,,,,,,,,,,,,,,no career
1985,64.0,64.0,DET,Richie Johnson,University of Evansville,,,,,,,,,,,,,,,,,,no career
1985,65.0,65.0,WSB,Kenny Perry,Southern Illinois,,,,,,,,,,,,,,,,,,no career
1985,67.0,67.0,PHI,Steve Black,La Salle,,,,,,,,,,,,,,,,,,no career
1985,68.0,68.0,MIL,Eugene McDowell,Florida,,,,,,,,,,,,,,,,,,no career
1985,70.0,70.0,BOS,Andre Battle,Loyola Chicago,,,,,,,,,,,,,,,,,,no career
1985,71.0,71.0,GSW,Luster Goodwin,Texas-El Paso,,,,,,,,,,,,,,,,,,no career
1985,72.0,72.0,IND,Vince Hamilton,Clemson,,,,,,,,,,,,,,,,,,no career
1985,74.0,74.0,LAC,Jim Deines,Arizona State,,,,,,,,,,,,,,,,,,no career
1985,76.0,76.0,SAC,Willie Simmons,Louisiana Tech,,,,,,,,,,,,,,,,,,no career
1985,77.0,77.0,ATL,Arvydas Sabonis,,7.0,470.0,11375.0,5629.0,3436.0,964.0,0.5,0.328,0.786,24.2,12.0,7.3,2.1,47.3,0.2,4.4,18.4,gap exceeds threshold
1985,78.0,78.0,PHO,Granger Hall,Temple,,,,,,,,,,,,,,,,,,no career
1985,80.0,80.0,CHI,Craig Beard,Samford University,,,,,,,,,,,,,,,,,,no career
1985,81.0,81.0,WSB,Richie Adams,UNLV,,,,,,,,,,,,,,,,,,no career
1985,85.0,85.0,POR,Joe Atkinson,Oklahoma State,,,,,,,,,,,,,,,,,,no career
1985,86.0,86.0,DAL,Bubba Jennings,Texas Tech,,,,,,,,,,,,,,,,,,no career
1985,93.0,93.0,BOS,Cliff Webber,Liberty,,,,,,,,,,,,,,,,,,no career
1985,94.0,94.0,IND,Kelvin Johnson,Richmond,,,,,,,,,,,,,,,,,,no career
1985,95.0,95.0,GSW,Greg Cavener,Missouri,,,,,,,,,,,,,,,,,,no career
1985,96.0,96.0,NYK,Mike Schlegel,VCU,,,,,,,,,,,,,,,,,,no career
1985,97.0,97.0,SEA,Lou Stefanovic,Illinois State,,,,,,,,,,,,,,,,,,no career
1985,98.0,98.0,SAC,Bob Lojewski,Saint Joseph's,,,,,,,,,,,,,,,,,,no career
1985,99.0,99.0,LAC,Wayne Carlander,USC,,,,,,,,,,,,,,,,,,no career
1985,100.0,100.0,ATL,Larry Hampton,Hampton,,,,,,,,,,,,,,,,,,no career
1985,101.0,101.0,CLE,Gunther Behnke,,,,,,,,,,,,,,,,,,,no career
1985,102.0,102.0,PHO,Shawn Campbell,Weber State,,,,,,,,,,,,,,,,,,no career
1985,103.0,103.0,CHI,Reid Gettys,Houston,,,,,,,,,,,,,,,,,,no career
1985,104.0,104.0,WSB,Dean Shaffer,Florida State,,,,,,,,,,,,,,,,,,no career
1985,105.0,105.0,UTA,Ray Hall,Canisius,,,,,,,,,,,,,,,,,,no career
1985,106.0,106.0,SAS,Clayton Olivier,USC,,,,,,,,,,,,,,,,,,no career
1985,107.0,107.0,POR,James Anderson,Union College,,,,,,,,,,,,,,,,,,no career
1985,108.0,108.0,NJN,Kelly Blaine,University of South Alabama,,,,,,,,,,,,,,,,,,no career
1985,109.0,109.0,DAL,Tommy Davis,Minnesota,,,,,,,,,,,,,,,,,,no career
1985,110.0,110.0,DET,Mike Lahm,Murray State,,,,,,,,,,,,,,,,,,no career
1985,111.0,111.0,IND,Ivan Daniels,University of Illinois at Chicago,,,,,,,,,,,,,,,,,,no career
1985,112.0,112.0,DEN,Kenny Brown,Texas A&M,,,,,,,,,,,,,,,,,,no career
1985,113.0,113.0,PHI,Carl Wright,SMU,,,,,,,,,,,,,,,,,,no career
1985,114.0,114.0,MIL,Ray Knight,Providence,,,,,,,,,,,,,,,,,,no career
1985,115.0,115.0,LAL,Timo Saarelainen,BYU,,,,,,,,,,,,,,,,,,no career
1985,116.0,116.0,BOS,Albert Butts,La Salle,,,,,,,,,,,,,,,,,,no career
1985,117.0,117.0,GSW,Gerald Crosby,Georgia,,,,,,,,,,,,,,,,,,no career
1985,118.0,118.0,IND,Stu Primus,Boston College,,,,,,,,,,,,,,,,,,no career
1985,119.0,119.0,NYK,Kent Lockhart,Texas-El Paso,,,,,,,,,,,,,,,,,,no career
1985,120.0,120.0,SAC,Charles Balentine,Arkansas,,,,,,,,,,,,,,,,,,no career
1985,121.0,121.0,LAC,Malcolm Thomas,Missouri,,,,,,,,,,,,,,,,,,no career
1985,122.0,122.0,SEA,Earl Walker,Mercer University,,,,,,,,,,,,,,,,,,no career
1985,123.0,123.0,ATL,Tony Duckett,Lafayette College,,,,,,,,,,,,,,,,,,no career
1985,124.0,124.0,PHO,Charles Rayne,Temple,,,,,,,,,,,,,,,,,,no career
1985,125.0,125.0,CLE,Rickie Johnson,Illinois State,,,,,,,,,,,,,,,,,,no career
1985,126.0,126.0,CHI,Dan Meagher,Duke,,,,,,,,,,,,,,,,,,no career
1985,127.0,127.0,WSB,Matt England,Houston Baptist University,,,,,,,,,,,,,,,,,,no career
1985,128.0,128.0,SAS,Chris Harper,Oregon,,,,,,,,,,,,,,,,,,no career
1985,129.0,129.0,UTA,Jim Miller,Virginia,,,,,,,,,,,,,,,,,,no career
1985,130.0,130.0,NJN,George Almones,Louisiana,,,,,,,,,,,,,,,,,,no career
1985,131.0,131.0,POR,Curtis Moore,Nebraska,,,,,,,,,,,,,,,,,,no career
1985,132.0,132.0,DAL,Carlton Cooper,Texas,,,,,,,,,,,,,,,,,,no career
1985,133.0,133.0,DET,Vincent Giles,Eastern Michigan,,,,,,,,,,,,,,,,,,no career
1985,134.0,134.0,HOU,Sam Potter,Oral Roberts,,,,,,,,,,,,,,,,,,no career
1985,135.0,135.0,DEN,Joe Carrabino,Harvard University,,,,,,,,,,,,,,,,,,no career
1985,136.0,136.0,PHI,Daryl Lloyd,Drake University,,,,,,,,,,,,,,,,,,no career
1985,137.0,137.0,MIL,Quentin Anderson,Texas Tech,,,,,,,,,,,,,,,,,,no career
1985,138.0,138.0,LAL,Tony Neal,Cal State Fullerton,,,,,,,,,,,,,,,,,,no career
1985,140.0,140.0,IND,Jeff Acres,Oral Roberts,,,,,,,,,,,,,,,,,,no career
1985,141.0,141.0,GSW,Eric Boyd,North Carolina A&T,,,,,,,,,,,,,,,,,,no career
1985,142.0,142.0,NYK,Ken Bantum,Cornell,,,,,,,,,,,,,,,,,,no career
1985,143.0,143.0,LAC,Gary Maloncon,UCLA,,,,,,,,,,,,,,,,,,no career
1985,145.0,145.0,SAC,Alton Lee Gipson,Florida State,,,,,,,,,,,,,,,,,,no career
1985,146.0,146.0,ATL,Bob Ferry Jr.,Harvard University,,,,,,,,,,,,,,,,,,no career
1985,147.0,147.0,CLE,Buzz Peterson,UNC,,,,,,,,,,,,,,,,,,no career
1985,149.0,149.0,CHI,Jeff Adkins,Maryland,,,,,,,,,,,,,,,,,,no career
1985,150.0,150.0,WSB,Keith Gray,Detroit Mercy,,,,,,,,,,,,,,,,,,no career
1985,151.0,151.0,UTA,Mike Wacker,Texas,,,,,,,,,,,,,,,,,,no career
1985,152.0,152.0,SAS,Al Young,Virginia Tech,,,,,,,,,,,,,,,,,,no career
1985,153.0,153.0,POR,Mark Owen,College of Idaho,,,,,,,,,,,,,,,,,,no career
1985,154.0,154.0,NJN,Gary McLain,Villanova,,,,,,,,,,,,,,,,,,no career
1985,155.0,155.0,DAL,Ed Catchings,UNLV,,,,,,,,,,,,,,,,,,no career
1985,156.0,156.0,DET,Frank James,UNLV,,,,,,,,,,,,,,,,,,no career
1985,157.0,157.0,IND,Don Turney,Marshall,,,,,,,,,,,,,,,,,,no career
1985,158.0,158.0,DEN,Eddie Smith,Arizona,,,,,,,,,,,,,,,,,,no career
1985,159.0,159.0,PHI,Jaye Andrews,Bucknell,,,,,,,,,,,,,,,,,,no career
1985,161.0,161.0,LAL,Keith Cieplicki,William & Mary,,,,,,,,,,,,,,,,,,no career
1985,162.0,162.0,BOS,Chris Remley,Rutgers University,,,,,,,,,,,,,,,,,,no career
1986,2.0,2.0,BOS,Len Bias,Maryland,,,,,,,,,,,,,,,,,,no career
1986,23.0,23.0,LAL,Ken Barlow,Notre Dame,,,,,,,,,,,,,,,,,,no career
1986,24.0,24.0,POR,Arvydas Sabonis,,7.0,470.0,11375.0,5629.0,3436.0,964.0,0.5,0.328,0.786,24.2,12.0,7.3,2.1,47.3,0.2,4.4,18.4,gap exceeds threshold
1986,31.0,31.0,PHO,Joe Ward,Georgia,,,,,,,,,,,,,,,,,,no career
1986,36.0,36.0,WSB,Steve Mitchell,UAB,,,,,,,,,,,,,,,,,,no career
1986,37.0,37.0,POR,Panagiotis Fasoulas,NC State,,,,,,,,,,,,,,,,,,no career
1986,38.0,38.0,SEA,Lemone Lampley,DePaul,,,,,,,,,,,,,,,,,,no career
1986,40.0,40.0,ATL,Augusto Binelli,,,,,,,,,,,,,,,,,,,no career
1986,42.0,42.0,ATL,Ron Kellogg,Kansas,,,,,,,,,,,,,,,,,,no career
1986,49.0,49.0,POR,Juden Smith,Texas-El Paso,,,,,,,,,,,,,,,,,,no career
1986,56.0,56.0,PHI,Keith Colbert,Virginia Tech,,,,,,,,,,,,,,,,,,no career
1986,59.0,59.0,GSW,Wendell Alexis,Syracuse,,,,,,,,,,,,,,,,,,no career
1986,62.0,62.0,DAL,Anthony Welch,Illinois,,,,,,,,,,,,,,,,,,no career
1986,63.0,63.0,UTA,Bill Breeding,Rocky Mountain College,,,,,,,,,,,,,,,,,,no career
1986,64.0,64.0,DEN,Don Redden,LSU,,,,,,,,,,,,,,,,,,no career
1986,68.0,68.0,MIL,Baskerville Holmes,Memphis,,,,,,,,,,,,,,,,,,no career
1986,71.0,71.0,NYK,Calvin Thompson,Kansas,,,,,,,,,,,,,,,,,,no career
1986,72.0,72.0,IND,Derrick Taylor,LSU,,,,,,,,,,,,,,,,,,no career
1986,73.0,73.0,CLE,Warren Martin,UNC,,,,,,,,,,,,,,,,,,no career
1986,75.0,75.0,GSW,Dan Bingenheimer,Missouri,,,,,,,,,,,,,,,,,,no career
1986,76.0,76.0,SEA,Michael Graham,Georgetown,,,,,,,,,,,,,,,,,,no career
1986,78.0,78.0,LAC,John Brownlee,Texas,,,,,,,,,,,,,,,,,,no career
1986,79.0,79.0,SAS,Carlos Briggs,Baylor,,,,,,,,,,,,,,,,,,no career
1986,80.0,80.0,SAC,Alvin Franklin,Houston,,,,,,,,,,,,,,,,,,no career
1986,81.0,81.0,NJN,Steve Hale,UNC,,,,,,,,,,,,,,,,,,no career
1986,82.0,82.0,WSB,Barry Mungar,St. Bonaventure,,,,,,,,,,,,,,,,,,no career
1986,83.0,83.0,POR,David Shaffer,Florida State,,,,,,,,,,,,,,,,,,no career
1986,84.0,84.0,UTA,Marty Embry,DePaul,,,,,,,,,,,,,,,,,,no career
1986,86.0,86.0,DET,Chauncey Robinson,Mississippi State,,,,,,,,,,,,,,,,,,no career
1986,87.0,87.0,DEN,Anthony Watson,San Diego State,,,,,,,,,,,,,,,,,,no career
1986,88.0,88.0,ATL,Efrem Winters,Illinois,,,,,,,,,,,,,,,,,,no career
1986,90.0,90.0,PHI,Wes Stallings,East Tennessee State University,,,,,,,,,,,,,,,,,,no career
1986,91.0,91.0,SAC,Bob Beecher,Virginia Tech,,,,,,,,,,,,,,,,,,no career
1986,92.0,92.0,LAL,Dale Blaney,West Virginia,,,,,,,,,,,,,,,,,,no career
1986,93.0,93.0,BOS,Tony Benford,Texas Tech,,,,,,,,,,,,,,,,,,no career
1986,94.0,94.0,NYK,Jerome Mincey,UAB,,,,,,,,,,,,,,,,,,no career
1986,96.0,96.0,CLE,Ben Davis,Gardner-Webb University,,,,,,,,,,,,,,,,,,no career
1986,98.0,98.0,CHI,Jimmy Gilbert,Texas A&M,,,,,,,,,,,,,,,,,,no career
1986,101.0,101.0,PHO,Greg Spurling,Carson-Newman College,,,,,,,,,,,,,,,,,,no career
1986,102.0,102.0,SAS,Earl Kelley,UConn,,,,,,,,,,,,,,,,,,no career
1986,103.0,103.0,SAC,Keith Morrison,Washington State,,,,,,,,,,,,,,,,,,no career
1986,104.0,104.0,WSB,Paul Fortier,Washington,,,,,,,,,,,,,,,,,,no career
1986,105.0,105.0,NJN,Archie Johnson,UAB,,,,,,,,,,,,,,,,,,no career
1986,106.0,106.0,POR,Jerry Adams,Oregon,,,,,,,,,,,,,,,,,,no career
1986,107.0,107.0,UTA,Kerry Boagni,Cal State Fullerton,,,,,,,,,,,,,,,,,,no career
1986,108.0,108.0,DAL,Jay Bilas,Duke,,,,,,,,,,,,,,,,,,no career
1986,109.0,109.0,DET,Clarence Hanley,Old Dominion,,,,,,,,,,,,,,,,,,no career
1986,110.0,110.0,DEN,Jon Collins,Eastern Illinois University,,,,,,,,,,,,,,,,,,no career
1986,111.0,111.0,ATL,Nicky Jones,VCU,,,,,,,,,,,,,,,,,,no career
1986,112.0,112.0,HOU,Andre Banks,Iowa,,,,,,,,,,,,,,,,,,no career
1986,113.0,113.0,PHI,Kevin Holmes,DePaul,,,,,,,,,,,,,,,,,,no career
1986,114.0,114.0,MIL,Bobby Deaton,Southwstern University,,,,,,,,,,,,,,,,,,no career
1986,115.0,115.0,LAL,Roger Harden,Kentucky,,,,,,,,,,,,,,,,,,no career
1986,116.0,116.0,BOS,Dave Colbert,Dayton,,,,,,,,,,,,,,,,,,no career
1986,117.0,117.0,NYK,Butch Wade,Michigan,,,,,,,,,,,,,,,,,,no career
1986,118.0,118.0,IND,Jeff Hall,Louisville,,,,,,,,,,,,,,,,,,no career
1986,119.0,119.0,CLE,Gilbert Wilburn,New Mexico State,,,,,,,,,,,,,,,,,,no career
1986,121.0,121.0,GSW,Bobby Lee Hurt,Alabama,,,,,,,,,,,,,,,,,,no career
1986,123.0,123.0,PHO,Jim McCaffrey,Holy Cross,,,,,,,,,,,,,,,,,,no career
1986,125.0,125.0,SAS,Kevin Lewis,SMU,,,,,,,,,,,,,,,,,,no career
1986,126.0,126.0,SAC,John Flowers,UNLV,,,,,,,,,,,,,,,,,,no career
1986,127.0,127.0,NJN,Troy Webster,George Washington,,,,,,,,,,,,,,,,,,no career
1986,128.0,128.0,WSB,Lorenzo Duncan,Sam Houston State University,,,,,,,,,,,,,,,,,,no career
1986,129.0,129.0,POR,Tony Hampton,Montana State,,,,,,,,,,,,,,,,,,no career
1986,130.0,130.0,UTA,Chuck Everson,Villanova,,,,,,,,,,,,,,,,,,no career
1986,135.0,135.0,HOU,Robert Worthy,Chancellor University,,,,,,,,,,,,,,,,,,no career
1986,136.0,136.0,PHI,Andre McCloud,Seton Hall,,,,,,,,,,,,,,,,,,no career
1986,137.0,137.0,MIL,John Kimbrell,Lipscomb,,,,,,,,,,,,,,,,,,no career
1986,138.0,138.0,LAL,Walter Downing,Marquette,,,,,,,,,,,,,,,,,,no career
1986,139.0,139.0,BOS,Greg Wendt,Detroit Mercy,,,,,,,,,,,,,,,,,,no career
1986,140.0,140.0,NYK,Duane Kendall,South Carolina,,,,,,,,,,,,,,,,,,no career
1986,141.0,141.0,IND,Steve Woodside,Oregon State,,,,,,,,,,,,,,,,,,no career
1986,142.0,142.0,CLE,Ralph Dalton,Georgetown,,,,,,,,,,,,,,,,,,no career
1986,143.0,143.0,GSW,Steve Kenilvort,Santa Clara,,,,,,,,,,,,,,,,,,no career
1986,144.0,144.0,CHI,Robert Henderson,Michigan,,,,,,,,,,,,,,,,,,no career
1986,145.0,145.0,SEA,Glen McCants,Clemson,,,,,,,,,,,,,,,,,,no career
1986,146.0,146.0,LAC,Johnny Brown,New Mexico,,,,,,,,,,,,,,,,,,no career
1986,147.0,147.0,PHO,Damon Goodwin,Dayton,,,,,,,,,,,,,,,,,,no career
1986,149.0,149.0,SAC,Ron Rankin,SE Missouri State,,,,,,,,,,,,,,,,,,no career
1986,150.0,150.0,WSB,Joe Price,Notre Dame,,,,,,,,,,,,,,,,,,no career
1986,151.0,151.0,NJN,Jim Dolan,Notre Dame,,,,,,,,,,,,,,,,,,no career
1986,152.0,152.0,POR,Randy Schiff,Linfield College,,,,,,,,,,,,,,,,,,no career
1986,153.0,153.0,UTA,Mark Mitchell,University of Hartford,,,,,,,,,,,,,,,,,,no career
1986,154.0,154.0,DAL,Kim Cooksey,Middle Tennessee,,,,,,,,,,,,,,,,,,no career
1986,155.0,155.0,DET,Larry Polec,Michigan State,,,,,,,,,,,,,,,,,,no career
1986,156.0,156.0,DEN,Mike Marshall,McNeese State University,,,,,,,,,,,,,,,,,,no career
1986,157.0,157.0,ATL,Valeri Tikhonenko,,,,,,,,,,,,,,,,,,,no career
1986,158.0,158.0,HOU,Rick Olson,Wisconsin,,,,,,,,,,,,,,,,,,no career
1986,159.0,159.0,PHI,Dan Palombizio,Ball State University,,,,,,,,,,,,,,,,,,no career
1986,160.0,160.0,MIL,Jeff Strong,Missouri,,,,,,,,,,,,,,,,,,no career
1986,161.0,161.0,LAL,Mark Coleman,Mississippi Valley State University,,,,,,,,,,,,,,,,,,no career
1986,162.0,162.0,BOS,Tom Ivey,Boston University,,,,,,,,,,,,,,,,,,no career
1987,24.0,24.0,DET,Freddie Banks,UNLV,,,,,,,,,,,,,,,,,,no career
1987,29.0,29.0,POR,Lester Fonville,Jackson State University,,,,,,,,,,,,,,,,,,no career
1987,37.0,37.0,WSB,Derrick Dowell,USC,,,,,,,,,,,,,,,,,,no career
1987,42.0,42.0,ATL,Terrance Bailey,Wagner College,,,,,,,,,,,,,,,,,,no career
1987,43.0,43.0,PHI,Andrew Kennedy,Virginia,,,,,,,,,,,,,,,,,,no career
1987,44.0,44.0,ATL,Terry Coner,Alabama,,,,,,,,,,,,,,,,,,no career
1987,46.0,46.0,PHO,Bruce Dalrymple,Georgia Tech,,,,,,,,,,,,,,,,,,no career
1987,47.0,47.0,LAC,Tim McCalister,Oklahoma,,,,,,,,,,,,,,,,,,no career
1987,49.0,49.0,NYK,Jerome Batiste,McNeese State University,,,,,,,,,,,,,,,,,,no career
1987,51.0,51.0,SAC,Sven Meyer,Oregon,,,,,,,,,,,,,,,,,,no career
1987,54.0,54.0,DEN,Tom Schafer,Iowa State,,,,,,,,,,,,,,,,,,no career
1987,55.0,55.0,SEA,Tommy Amaker,Duke,,,,,,,,,,,,,,,,,,no career
1987,56.0,56.0,CHI,John Fox,Millersville,,,,,,,,,,,,,,,,,,no career
1987,57.0,57.0,PHI,Hansi Gnad,University of Alaska Anchorage,,,,,,,,,,,,,,,,,,no career
1987,59.0,59.0,WSB,Danny Pearson,Jacksonville University,,,,,,,,,,,,,,,,,,no career
1987,60.0,60.0,IND,Sean Couch,Columbia University,,,,,,,,,,,,,,,,,,no career
1987,61.0,61.0,UTA,Clarence Martin,Western Kentucky,,,,,,,,,,,,,,,,,,no career
1987,62.0,62.0,PHI,Eric Riggins,Rutgers University,,,,,,,,,,,,,,,,,,no career
1987,64.0,64.0,MIL,J. J. Weber,Wisconsin,,,,,,,,,,,,,,,,,,no career
1987,66.0,66.0,DAL,Mike Richmond,Texas-El Paso,,,,,,,,,,,,,,,,,,no career
1987,67.0,67.0,ATL,Song Tao,,,,,,,,,,,,,,,,,,,no career
1987,69.0,69.0,LAL,Willie Glass,St. John's,,,,,,,,,,,,,,,,,,no career
1987,70.0,70.0,BOS,Tom Sheehey,Virginia,,,,,,,,,,,,,,,,,,no career
1987,71.0,71.0,NYK,Mike Morgan,Drake University,,,,,,,,,,,,,,,,,,no career
1987,72.0,72.0,NJN,Andrew Moten,Florida,,,,,,,,,,,,,,,,,,no career
1987,73.0,73.0,SAS,Todd May,Pikeville College,,,,,,,,,,,,,,,,,,no career
1987,76.0,76.0,PHO,Steve Beck,Arizona State,,,,,,,,,,,,,,,,,,no career
1987,77.0,77.0,DEN,David Boone,Marquette,,,,,,,,,,,,,,,,,,no career
1987,78.0,78.0,SEA,Todd Linder,University of Tampa,,,,,,,,,,,,,,,,,,no career
1987,80.0,80.0,CLE,Carven Holcombe,TCU,,,,,,,,,,,,,,,,,,no career
1987,81.0,81.0,WSB,Scott Thompson,University of San Diego,,,,,,,,,,,,,,,,,,no career
1987,82.0,82.0,HOU,Joe Niego,Lewis (IL),,,,,,,,,,,,,,,,,,no career
1987,83.0,83.0,GSW,Bennie Bolton,NC State,,,,,,,,,,,,,,,,,,no career
1987,84.0,84.0,UTA,Reuben Holmes,Alabama State University,,,,,,,,,,,,,,,,,,no career
1987,85.0,85.0,PHI,Brian Rahilly,Tulsa,,,,,,,,,,,,,,,,,,no career
1987,86.0,86.0,POR,Norwood Barber,Florida State,,,,,,,,,,,,,,,,,,no career
1987,87.0,87.0,MIL,Darryl Bedford,Austin Peay State University,,,,,,,,,,,,,,,,,,no career
1987,89.0,89.0,DAL,David Johnson,Oklahoma,,,,,,,,,,,,,,,,,,no career
1987,90.0,90.0,ATL,Theofanis Christodoulou,,,,,,,,,,,,,,,,,,,no career
1987,91.0,91.0,BOS,Darryl Kennedy,Oklahoma,,,,,,,,,,,,,,,,,,no career
1987,92.0,92.0,LAL,Ralph Tally,Norfolk State,,,,,,,,,,,,,,,,,,no career
1987,93.0,93.0,LAC,Chad Kessler,Georgia,,,,,,,,,,,,,,,,,,no career
1987,94.0,94.0,NJN,James Blackmon,Kentucky,,,,,,,,,,,,,,,,,,no career
1987,95.0,95.0,NYK,Glen Clem,Vanderbilt,,,,,,,,,,,,,,,,,,no career
1987,96.0,96.0,SAS,Dennis Willliams,Georgia,,,,,,,,,,,,,,,,,,no career
1987,97.0,97.0,SAC,Vernon Carr,Michigan State,,,,,,,,,,,,,,,,,,no career
1987,98.0,98.0,CLE,Carl Lott,TCU,,,,,,,,,,,,,,,,,,no career
1987,99.0,99.0,PHO,Brent Counts,University of the Pacific,,,,,,,,,,,,,,,,,,no career
1987,101.0,101.0,SEA,Michael Tait,Clemson,,,,,,,,,,,,,,,,,,no career
1987,102.0,102.0,CHI,Anthony Wilson,LSU,,,,,,,,,,,,,,,,,,no career
1987,103.0,103.0,IND,Mike Milling,UNC Charlotte,,,,,,,,,,,,,,,,,,no career
1987,104.0,104.0,HOU,Andre LaFleur,Northeastern University,,,,,,,,,,,,,,,,,,no career
1987,105.0,105.0,GSW,Terry Williams,SMU,,,,,,,,,,,,,,,,,,no career
1987,106.0,106.0,WSB,Patrick Fairs,Texas,,,,,,,,,,,,,,,,,,no career
1987,108.0,108.0,PHI,Frank Ross,American University,,,,,,,,,,,,,,,,,,no career
1987,109.0,109.0,POR,David Moss,Tulsa,,,,,,,,,,,,,,,,,,no career
1987,110.0,110.0,MIL,Brian Vaughns,UC Santa Barbara,,,,,,,,,,,,,,,,,,no career
1987,111.0,111.0,DET,Gerry Wright,Iowa,,,,,,,,,,,,,,,,,,no career
1987,112.0,112.0,DAL,Sam Hill,Iowa State,,,,,,,,,,,,,,,,,,no career
1987,113.0,113.0,ATL,Jose Antonio Montero,,,,,,,,,,,,,,,,,,,no career
1987,114.0,114.0,BOS,Dave Butler,California,,,,,,,,,,,,,,,,,,no career
1987,115.0,115.0,LAL,Kenny Travis,New Mexico State,,,,,,,,,,,,,,,,,,no career
1987,117.0,117.0,NYK,Howard Triche,Syracuse,,,,,,,,,,,,,,,,,,no career
1987,118.0,118.0,NJN,Perry Bromwell,Penn,,,,,,,,,,,,,,,,,,no career
1987,119.0,119.0,SAS,Ricky Brown,University of South Alabama,,,,,,,,,,,,,,,,,,no career
1987,120.0,120.0,SAC,Daryl Thomas,Indiana,,,,,,,,,,,,,,,,,,no career
1987,121.0,121.0,CLE,Harold Jensen,Villanova,,,,,,,,,,,,,,,,,,no career
1987,122.0,122.0,PHO,Marcel Boyce,University of Akron,,,,,,,,,,,,,,,,,,no career
1987,123.0,123.0,DEN,Kelvin Scarborough,New Mexico,,,,,,,,,,,,,,,,,,no career
1987,124.0,124.0,SEA,Tom Gneiting,BYU,,,,,,,,,,,,,,,,,,no career
1987,125.0,125.0,CHI,Doug Altenberger,Illinois,,,,,,,,,,,,,,,,,,no career
1987,126.0,126.0,IND,Gary Graham,UNLV,,,,,,,,,,,,,,,,,,no career
1987,128.0,128.0,WSB,Dwayne Scholten,Washington State,,,,,,,,,,,,,,,,,,no career
1987,129.0,129.0,HOU,Fred Jenkins,Tennessee,,,,,,,,,,,,,,,,,,no career
1987,130.0,130.0,UTA,Art Sabb,Bloomfield College,,,,,,,,,,,,,,,,,,no career
1987,131.0,131.0,PHI,Tracy Foster,UAB,,,,,,,,,,,,,,,,,,no career
1987,132.0,132.0,POR,Bernard Jackson,Loyola Chicago,,,,,,,,,,,,,,,,,,no career
1987,133.0,133.0,MIL,Gay Elmore,Virginia Military Institute,,,,,,,,,,,,,,,,,,no career
1987,134.0,134.0,DET,Antoine Joubert,Michigan,,,,,,,,,,,,,,,,,,no career
1987,135.0,135.0,DAL,Quintan Gates,Texas-El Paso,,,,,,,,,,,,,,,,,,no career
1987,136.0,136.0,ATL,Riccardo Morandotti,,,,,,,,,,,,,,,,,,,no career
1987,137.0,137.0,BOS,Tim Naegeli,University of Wisconsin-Stevens Point,,,,,,,,,,,,,,,,,,no career
1987,138.0,138.0,LAL,Frank Ford,Auburn,,,,,,,,,,,,,,,,,,no career
1987,139.0,139.0,LAC,Henry Carr,Wichita State,,,,,,,,,,,,,,,,,,no career
1987,140.0,140.0,NJN,Frank Booker,Bowling Green,,,,,,,,,,,,,,,,,,no career
1987,141.0,141.0,NYK,Wayne Williams,Saint Joseph's,,,,,,,,,,,,,,,,,,no career
1987,142.0,142.0,SAS,Raynard Davis,Texas,,,,,,,,,,,,,,,,,,no career
1987,143.0,143.0,SAC,Scott Adubato,Upsala College,,,,,,,,,,,,,,,,,,no career
1987,144.0,144.0,CLE,Michael Foster,South Carolina,,,,,,,,,,,,,,,,,,no career
1987,145.0,145.0,PHO,Roy Singleton,Grand Canyon University,,,,,,,,,,,,,,,,,,no career
1987,146.0,146.0,DEN,Rowan Gomes,Hampton,,,,,,,,,,,,,,,,,,no career
1987,147.0,147.0,SEA,Mike Giomi,NC State,,,,,,,,,,,,,,,,,,no career
1987,148.0,148.0,CHI,Ervin Leavy,Central Michigan University,,,,,,,,,,,,,,,,,,no career
1987,149.0,149.0,IND,Montel Hatcher,UCLA,,,,,,,,,,,,,,,,,,no career
1987,150.0,150.0,WSB,Jamie Dixon,TCU,,,,,,,,,,,,,,,,,,no career
1987,151.0,151.0,HOU,Clarence Grier,Campbell,,,,,,,,,,,,,,,,,,no career
1987,152.0,152.0,GSW,Ronnie Leggette,West Virginia State University,,,,,,,,,,,,,,,,,,no career
1987,153.0,153.0,UTA,Keith Webster,Harvard University,,,,,,,,,,,,,,,,,,no career
1987,154.0,154.0,PHI,Eric Semisch,West Virginia,,,,,,,,,,,,,,,,,,no career
1987,155.0,155.0,POR,Kenny Stone,George Fox University,,,,,,,,,,,,,,,,,,no career
1987,156.0,156.0,DEN,Curtis Hunter,UNC,,,,,,,,,,,,,,,,,,no career
1987,157.0,157.0,DET,Mark Gottfried,Alabama,,,,,,,,,,,,,,,,,,no career
1987,158.0,158.0,DAL,Gerald White,Auburn,,,,,,,,,,,,,,,,,,no career
1987,159.0,159.0,ATL,Franjo Arapovic,,,,,,,,,,,,,,,,,,,no career
1987,160.0,160.0,BOS,Gerry Corcoran,Northeastern University,,,,,,,,,,,,,,,,,,no career
1987,161.0,161.0,LAL,Ron Vanderschaaf,Central Washington University,,,,,,,,,,,,,,,,,,no career
1988,3.0,3.0,PHI,Charles Smith,Pitt,9.0,564.0,16378.0,8107.0,3246.0,798.0,0.475,0.194,0.774,29.0,14.4,5.8,1.4,40.9,0.12,-0.1,8.1,ambiguous candidates
1988,42.0,42.0,UTA,Jeff Moe,Iowa,,,,,,,,,,,,,,,,,,no career
1988,49.0,49.0,DAL,José Vargas,LSU,,,,,,,,,,,,,,,,,,no career
1988,52.0,52.0,NJN,Derrek Hamilton,Southern Miss,,,,,,,,,,,,,,,,,,no career
1988,54.0,54.0,ATL,Jorge Gonzalez,,,,,,,,,,,,,,,,,,,no career
1988,55.0,55.0,PHO,Rodney Johns,Grand Canyon University,,,,,,,,,,,,,,,,,,no career
1988,57.0,57.0,PHI,Hernán Montenegro,LSU,,,,,,,,,,,,,,,,,,no career
1988,58.0,58.0,CHH,Jeff Moore,Auburn,,,,,,,,,,,,,,,,,,no career
1988,60.0,60.0,WSB,Ed Davender,Kentucky,,,,,,,,,,,,,,,,,,no career
1988,61.0,61.0,IND,Herbert Crook,Louisville,,,,,,,,,,,,,,,,,,no career
1988,62.0,62.0,CHI,Derrick Lewis,Maryland,,,,,,,,,,,,,,,,,,no career
1988,63.0,63.0,MIL,Mike Jones,Auburn,,,,,,,,,,,,,,,,,,no career
1988,66.0,66.0,DEN,Dwight Boyd,Memphis,,,,,,,,,,,,,,,,,,no career
1988,68.0,68.0,ATL,Darryl Middleton,Baylor,,,,,,,,,,,,,,,,,,no career
1988,69.0,69.0,NYK,Phil Stinnie,VCU,,,,,,,,,,,,,,,,,,no career
1988,70.0,70.0,DAL,Jerry Johnson,Florida Southern College,,,,,,,,,,,,,,,,,,no career
1988,75.0,75.0,SAS,Archie Marshall,Kansas,,,,,,,,,,,,,,,,,,no career
1989,13.0,13.0,BOS,Michael Smith,BYU,3.0,141.0,1328.0,698.0,212.0,142.0,0.474,0.15,0.835,9.4,5.0,1.5,1.0,1.4,0.049,-3.6,-0.5,ambiguous candidates
1989,42.0,42.0,DEN,Michael Cutright,McNeese State University,,,,,,,,,,,,,,,,,,no career
1989,44.0,44.0,PHI,Reggie Cross,Hawaii,,,,,,,,,,,,,,,,,,no career
1989,47.0,47.0,DEN,Reggie Turner,UAB,,,,,,,,,,,,,,,,,,no career
1989,48.0,48.0,UTA,Junie Lewis,University of South Alabama,,,,,,,,,,,,,,,,,,no career
1989,53.0,53.0,DAL,Jeff Hodge,University of South Alabama,,,,,,,,,,,,,,,,,,no career
1989,54.0,54.0,PHI,Toney Mack,Georgia,,,,,,,,,,,,,,,,,,no career
1990,49.0,49.0,DAL,Phil Henderson,Duke,,,,,,,,,,,,,,,,,,no career
1990,53.0,53.0,SEA,Abdul Shamsid-Deen,Providence,,,,,,,,,,,,,,,,,,no career
1991,25.0,25.0,GSW,Shaun Vandiver,Colorado,,,,,,,,,,,,,,,,,,no career
1991,29.0,29.0,MIA,George Ackles,UNLV,,,,,,,,,,,,,,,,,,no career
1991,38.0,38.0,LAC,Joe Wylie,Miami (FL),,,,,,,,,,,,,,,,,,no career
1991,42.0,42.0,SAC,Steve Hood,James Madison University,,,,,,,,,,,,,,,,,,no career
1991,44.0,44.0,PHI,Alvaro Teheran,Houston,,,,,,,,,,,,,,,,,,no career
1991,47.0,47.0,HOU,Keith Hughes,Rutgers University,,,,,,,,,,,,,,,,,,no career
1991,50.0,50.0,PHO,Joey Wright,Texas,,,,,,,,,,,,,,,,,,no career
1991,53.0,53.0,NJN,Von McDade,UW-Milwaukee,,,,,,,,,,,,,,,,,,no career
1991,54.0,54.0,POR,Marcus Kennedy,Eastern Michigan,,,,,,,,,,,,,,,,,,no career
1992,40.0,40.0,NJN,Steve Rogers,Alabama State University,,,,,,,,,,,,,,,,,,no career
1992,44.0,44.0,SAS,Henry Williams,UNC Charlotte,,,,,,,,,,,,,,,,,,no career
1992,49.0,49.0,PHO,Ron Ellis,Louisiana Tech,,,,,,,,,,,,,,,,,,no career
1992,51.0,51.0,MIN,Tim Burroughs,Jacksonville University,,,,,,,,,,,,,,,,,,no career
1992,53.0,53.0,HOU,Curtis Blair,Richmond,,,,,,,,,,,,,,,,,,no career
1992,54.0,54.0,SAC,Brett Roberts,Morehead State University,,,,,,,,,,,,,,,,,,no career
1993,29.0,29.0,MIN,Sherron Mills,VCU,,,,,,,,,,,,,,,,,,no career
1993,36.0,36.0,NJN,John Best,Tennessee Technological University,,,,,,,,,,,,,,,,,,no career
1993,38.0,38.0,WSB,Conrad McRae,Syracuse,,,,,,,,,,,,,,,,,,no career
1993,39.0,39.0,IND,Thomas Hill,Duke,,,,,,,,,,,,,,,,,,no career
1993,41.0,41.0,CHI,Anthony Reed,Tulane,,,,,,,,,,,,,,,,,,no career
1993,44.0,44.0,SAC,Alex Holcombe,Baylor,,,,,,,,,,,,,,,,,,no career
1993,49.0,49.0,PHO,Mark Buford,Mississippi Valley State University,,,,,,,,,,,,,,,,,,no career
1993,50.0,50.0,HOU,Marcelo Nicola,,,,,,,,,,,,,,,,,,,no career
1993,51.0,51.0,IND,Spencer Dunkley,University of Delaware,,,,,,,,,,,,,,,,,,no career
1993,53.0,53.0,LAC,Leonard White,Southern University and A&M College,,,,,,,,,,,,,,,,,,no career
1993,54.0,54.0,PHO,Byron Wilson,Utah,,,,,,,,,,,,,,,,,,no career
1994,28.0,28.0,DAL,Deon Thomas,Illinois,,,,,,,,,,,,,,,,,,no career
1994,31.0,31.0,ORL,Rodney Dent,Kentucky,,,,,,,,,,,,,,,,,,no career
1994,35.0,35.0,SAC,Michael Smith,Providence,7.0,449.0,10552.0,2527.0,3193.0,661.0,0.538,0.143,0.529,23.5,5.6,7.1,1.5,23.4,0.107,-0.1,5.1,ambiguous candidates
1994,36.0,36.0,BOS,Andrei Fetisov,,,,,,,,,,,,,,,,,,,no career
1994,41.0,41.0,IND,William Njoku,,,,,,,,,,,,,,,,,,,no career
1994,42.0,42.0,CLE,Gary Collier,Tulsa,,,,,,,,,,,,,,,,,,no career
1994,44.0,44.0,IND,Damon Bailey,Indiana,,,,,,,,,,,,,,,,,,no career
1994,48.0,48.0,DET,Jevon Crudup,Missouri,,,,,,,,,,,,,,,,,,no career
1994,49.0,49.0,CHI,Kris Bruton,Benedict College,,,,,,,,,,,,,,,,,,no career
1994,53.0,53.0,HOU,Albert Burditt,Texas,,,,,,,,,,,,,,,,,,no career
1995,38.0,38.0,MIL,Rashard Griffith,Wisconsin,,,,,,,,,,,,,,,,,,no career
1995,41.0,41.0,HOU,Erik Meek,Duke,,,,,,,,,,,,,,,,,,no career
1995,44.0,44.0,DEN,Anthony Pelle,Fresno State,,,,,,,,,,,,,,,,,,no career
1995,45.0,45.0,ATL,Troy Brown,Providence,,,,,,,,,,,,,,,,,,no career
1995,46.0,46.0,MIA,George Banks,Texas-El Paso,,,,,,,,,,,,,,,,,,no career
1995,48.0,48.0,MIN,Mark Davis,Texas Tech,5.0,230.0,3681.0,1261.0,697.0,294.0,0.442,0.246,0.655,16.0,5.5,3.0,1.3,2.3,0.03,-2.4,-0.4,ambiguous candidates
1995,51.0,51.0,SAC,Dejan Bodiroga,,,,,,,,,,,,,,,,,,,no career
1995,53.0,53.0,LAC,Constantin Popa,Miami (FL),,,,,,,,,,,,,,,,,,no career
1995,54.0,54.0,SEA,Eurelijus Žukauskas,,,,,,,,,,,,,,,,,,,no career
1996,32.0,32.0,PHI,Ryan Minor,Oklahoma,,,,,,,,,,,,,,,,,,no career
1996,34.0,34.0,DAL,Shawn Harvey,West Virginia State University,,,,,,,,,,,,,,,,,,no career
1996,35.0,35.0,SEA,Joseph Blair,Arizona,,,,,,,,,,,,,,,,,,no career
1996,36.0,36.0,LAC,Doron Sheffer,UConn,,,,,,,,,,,,,,,,,,no career
1996,39.0,39.0,PHO,Russ Millard,Iowa,,,,,,,,,,,,,,,,,,no career
1996,40.0,40.0,GSW,Marcus Mann,Mississippi Valley State University,,,,,,,,,,,,,,,,,,no career
1996,45.0,45.0,SEA,Joe Vogel,Colorado State,,,,,,,,,,,,,,,,,,no career
1996,47.0,47.0,SEA,Ron Riley,Arizona State,,,,,,,,,,,,,,,,,,no career
1996,50.0,50.0,HOU,Terrell Bell,Georgia,,,,,,,,,,,,,,,,,,no career
1996,55.0,55.0,WSB,Ronnie Henderson,LSU,,,,,,,,,,,,,,,,,,no career
1996,58.0,58.0,DAL,Darnell Robinson,Arkansas,,,,,,,,,,,,,,,,,,no career
1997,26.0,26.0,MIA,Charles Smith,New Mexico,5.0,142.0,1973.0,729.0,200.0,124.0,0.409,0.288,0.606,13.9,5.1,1.4,0.9,1.5,0.036,-1.1,0.4,ambiguous candidates
1997,30.0,30.0,HOU,Serge Zwikker,UNC,,,,,,,,,,,,,,,,,,no career
1997,31.0,31.0,MIA,Mark Sanford,Washington,,,,,,,,,,,,,,,,,,no career
1997,41.0,41.0,SEA,Eddie Elisma,Georgia Tech,,,,,,,,,,,,,,,,,,no career
1997,44.0,44.0,MIN,Gordon Malone,West Virginia,,,,,,,,,,,,,,,,,,no career
1997,50.0,50.0,ATL,Alain Digbeu,,,,,,,,,,,,,,,,,,,no career
1997,53.0,53.0,VAN,C.J. Bruton,Indian Hills Community College,,,,,,,,,,,,,,,,,,no career
1997,54.0,54.0,LAL,Paul Rogers,Gonzaga,,,,,,,,,,,,,,,,,,no career
1997,56.0,56.0,BOS,Ben Pepper,,,,,,,,,,,,,,,,,,,no career
1997,57.0,57.0,UTA,Nate Erdmann,Oklahoma,,,,,,,,,,,,,,,,,,no career
1997,58.0,58.0,CHI,Roberto Duenas,,,,,,,,,,,,,,,,,,,no career
1998,50.0,50.0,CHH,Andrew Betts,Cal State Long Beach,,,,,,,,,,,,,,,,,,no career
1998,51.0,51.0,MIA,Corey Brewer,Oklahoma,,,,,,,,,,,,,,,,,,no career
1999,15.0,15.0,NYK,Frédéric Weis,,,,,,,,,,,,,,,,,,,no career
1999,31.0,31.0,LAC,Rico Hill,Illinois State,,,,,,,,,,,,,,,,,,no career
1999,42.0,42.0,MIN,Louis Bullock,Michigan,,,,,,,,,,,,,,,,,,no career
1999,44.0,44.0,HOU,Tyrone Washington,Mississippi State,,,,,,,,,,,,,,,,,,no career
1999,46.0,46.0,NYK,J.R. Koch,Iowa,,,,,,,,,,,,,,,,,,no career
1999,48.0,48.0,MIL,Galen Young,UNC Charlotte,,,,,,,,,,,,,,,,,,no career
1999,50.0,50.0,HOU,Venson Hamilton,Nebraska,,,,,,,,,,,,,,,,,,no career
1999,51.0,51.0,VAN,Antwain Smith,Saint Paul's College,,,,,,,,,,,,,,,,,,no career
1999,52.0,52.0,POR,Roberto Bergersen,Boise State,,,,,,,,,,,,,,,,,,no career
1999,54.0,54.0,DET,Melvin Levett,Cincinnati,,,,,,,,,,,,,,,,,,no career
1999,55.0,55.0,BOS,Kris Clack,Texas,,,,,,,,,,,,,,,,,,no career
1999,58.0,58.0,UTA,Eddie Lucas,Virginia Tech,,,,,,,,,,,,,,,,,,no career
2000,41.0,41.0,SAS,Chris Carrawell,Duke,,,,,,,,,,,,,,,,,,no career
2000,46.0,46.0,TOR,DeeAndre Hulett,College of the Sequoias,,,,,,,,,,,,,,,,,,no career
2000,47.0,47.0,SEA,Josip Sesar,,,,,,,,,,,,,,,,,,,no career
2000,48.0,48.0,PHI,Mark Karcher,Temple,,,,,,,,,,,,,,,,,,no career
2000,54.0,54.0,SAS,Cory Hightower,Indian Hills Community College,,,,,,,,,,,,,,,,,,no career
2000,56.0,56.0,IND,Jaquay Walls,Colorado,,,,,,,,,,,,,,,,,,no career
2000,57.0,57.0,ATL,Scoonie Penn,Ohio State,,,,,,,,,,,,,,,,,,no career
2000,58.0,58.0,DAL,Pete Mickeal,Cincinnati,,,,,,,,,,,,,,,,,,no career
2001,39.0,39.0,NYK,Michael Wright,Arizona,,,,,,,,,,,,,,,,,,no career
2001,43.0,43.0,NYK,Eric Chenowith,Kansas,,,,,,,,,,,,,,,,,,no career
2001,44.0,44.0,DAL,Kyle Hill,Eastern Illinois University,,,,,,,,,,,,,,,,,,no career
2001,47.0,47.0,DEN,Ousmane Cisse,,,,,,,,,,,,,,,,,,,no career
2001,52.0,52.0,MIL,Andre Hutson,Michigan State,,,,,,,,,,,,,,,,,,no career
2001,55.0,55.0,SAC,Maurice Jeffers,Saint Louis,,,,,,,,,,,,,,,,,,no career
2001,56.0,56.0,SAS,Robertas Javtokas,,,,,,,,,,,,,,,,,,,no career
2001,58.0,58.0,SAS,Bryan Bracey,Oregon,,,,,,,,,,,,,,,,,,no career
2002,30.0,30.0,GSW,Steve Logan,Cincinnati,,,,,,,,,,,,,,,,,,no career
2002,36.0,36.0,NYK,Milos Vujanic,,,,,,,,,,,,,,,,,,,no career
2002,39.0,39.0,WAS,Rod Grizzard,Alabama,,,,,,,,,,,,,,,,,,no career
2002,43.0,43.0,POR,Jason Jennings,Arkansas State University,,,,,,,,,,,,,,,,,,no career
2002,45.0,45.0,PHI,Sam Clancy,USC,,,,,,,,,,,,,,,,,,no career
2002,49.0,49.0,SEA,Peter Fehse,,,,,,,,,,,,,,,,,,,no career
2002,51.0,51.0,POR,Federico Kammerichs,,,,,,,,,,,,,,,,,,,no career
2002,52.0,52.0,MIN,Marcus Taylor,Michigan State,,,,,,,,,,,,,,,,,,no career
2002,55.0,55.0,DAL,Mladen Sekularac,,,,,,,,,,,,,,,,,,,no career
2003,34.0,34.0,LAC,Sofoklis Schortsanitis,,,,,,,,,,,,,,,,,,,no career
2003,35.0,35.0,MIL,Szymon Szewczyk,,,,,,,,,,,,,,,,,,,no career
2003,36.0,36.0,CHI,Mario Austin,Mississippi State,,,,,,,,,,,,,,,,,,no career
2003,44.0,44.0,HOU,Malick Badiane,,,,,,,,,,,,,,,,,,,no career
2003,46.0,46.0,DEN,Sani Bečirovič,,,,,,,,,,,,,,,,,,,no career
2003,50.0,50.0,PHI,Paccelis Morlende,,,,,,,,,,,,,,,,,,,no career
2003,52.0,52.0,TOR,Remon van de Hare,,,,,,,,,,,,,,,,,,,no career
2003,53.0,53.0,CHI,Tommy Smith,Arizona State,,,,,,,,,,,,,,,,,,no career
2003,54.0,54.0,POR,Nedžad Sinanović,,,,,,,,,,,,,,,,,,,no career
2003,55.0,55.0,MIN,Rick Rickert,Minnesota,,,,,,,,,,,,,,,,,,no career
2003,57.0,57.0,DAL,Xue Yuyang,,,,,,,,,,,,,,,,,,,no career
2004,40.0,39.0,TOR,Albert Miralles,,,,,,,,,,,,,,,,,,,no career
2004,42.0,41.0,SEA,David Young,NC Central,,,,,,,,,,,,,,,,,,no career
2004,43.0,42.0,ATL,Viktor Sanikidze,,,,,,,,,,,,,,,,,,,no career
2004,45.0,44.0,NOH,Tim Pickett,Florida State,,,,,,,,,,,,,,,,,,no career
2004,49.0,48.0,SAC,Ricky Minard,Morehead State University,,,,,,,,,,,,,,,,,,no career
2004,50.0,49.0,MEM,Sergei Lishouk,,,,,,,,,,,,,,,,,,,no career
2004,52.0,51.0,NJN,Christian Drejer,Florida,,,,,,,,,,,,,,,,,,no career
2004,53.0,52.0,SAS,Romain Sato,Xavier,,,,,,,,,,,,,,,,,,no career
2004,55.0,54.0,DET,Rickey Paulding,Missouri,,,,,,,,,,,,,,,,,,no career
2004,57.0,56.0,LAL,Marcus Douthit,Providence,,,,,,,,,,,,,,,,,,no career
2004,58.0,57.0,SAS,Sergei Karaulov,,,,,,,,,,,,,,,,,,,no career
2004,59.0,58.0,MIN,Blake Stepp,Gonzaga,,,,,,,,,,,,,,,,,,no career
2004,60.0,59.0,IND,Rashad Wright,Georgia,,,,,,,,,,,,,,,,,,no career
2005,11.0,11.0,ORL,Fran Vázquez,,,,,,,,,,,,,,,,,,,no career
2005,35.0,35.0,POR,Ricky Sánchez,,,,,,,,,,,,,,,,,,,no career
2005,46.0,46.0,IND,Erazem Lorbek,,,,,,,,,,,,,,,,,,,no career
2005,52.0,52.0,DEN,Axel Hervelle,,,,,,,,,,,,,,,,,,,no career
2005,59.0,59.0,ATL,Cenk Akyol,,,,,,,,,,,,,,,,,,,no career
2006,22.0,22.0,NJN,Marcus Williams,UConn,4.0,203.0,3095.0,1128.0,361.0,574.0,0.386,0.321,0.767,15.2,5.6,1.8,2.8,0.0,-0.001,-3.3,-1.0,ambiguous candidates
2006,40.0,40.0,SEA,Denham Brown,UConn,,,,,,,,,,,,,,,,,,no career
2006,44.0,44.0,ORL,Lior Eliyahu,,,,,,,,,,,,,,,,,,,no career
2006,48.0,48.0,WAS,Vladimir Veremeenko,,,,,,,,,,,,,,,,,,,no career
2006,53.0,53.0,SEA,Yotam Halperin,,,,,,,,,,,,,,,,,,,no career
2006,55.0,55.0,CLE,Ejike Ugboaja,,,,,,,,,,,,,,,,,,,no career
2006,56.0,56.0,TOR,Edin Bavčić,,,,,,,,,,,,,,,,,,,no career
2006,57.0,57.0,MIN,Loukas Mavrokefalidis,,,,,,,,,,,,,,,,,,,no career
2006,58.0,58.0,DAL,J.R. Pinnock,George Washington,,,,,,,,,,,,,,,,,,no career
2007,30.0,30.0,PHI,Petteri Koponen,,,,,,,,,,,,,,,,,,,no career
2007,33.0,33.0,SAS,Marcus Williams,Arizona,2.0,13.0,39.0,14.0,12.0,3.0,0.318,,,3.0,1.1,0.9,0.2,-0.1,-0.084,-5.4,0.0,ambiguous candidates
2007,39.0,39.0,MIA,Stanko Barać,,,,,,,,,,,,,,,,,,,no career
2007,43.0,43.0,NOK,Adam Haluska,Iowa,,,,,,,,,,,,,,,,,,no career
2007,44.0,44.0,ORL,Reyshawn Terry,UNC,,,,,,,,,,,,,,,,,,no career
2007,45.0,45.0,LAC,Jared Jordan,Marist College,,,,,,,,,,,,,,,,,,no career
2007,50.0,50.0,DAL,Renaldas Seibutis,,,,,,,,,,,,,,,,,,,no career
2007,54.0,54.0,HOU,Brad Newley,,,,,,,,,,,,,,,,,,,no career
2007,55.0,55.0,UTA,Herbert Hill,Providence,,,,,,,,,,,,,,,,,,no career
2007,57.0,57.0,DET,Sammy Mejia,DePaul,,,,,,,,,,,,,,,,,,no career
2007,58.0,58.0,SAS,Georgios Printezis,,,,,,,,,,,,,,,,,,,no career
2007,60.0,60.0,DAL,Milovan Raković,,,,,,,,,,,,,,,,,,,no career
2008,44.0,44.0,UTA,Ante Tomić,,,,,,,,,,,,,,,,,,,no career
2008,46.0,46.0,SEA,Trent Plaisted,BYU,,,,,,,,,,,,,,,,,,no career
2008,49.0,49.0,GSW,Richard Hendrix,Alabama,,,,,,,,,,,,,,,,,,no career
2008,50.0,50.0,SEA,DeVon Hardin,California,,,,,,,,,,,,,,,,,,no career
2008,51.0,51.0,DAL,Shan Foster,Vanderbilt,,,,,,,,,,,,,,,,,,no career
2008,53.0,53.0,UTA,Tadija Dragićević,,,,,,,,,,,,,,,,,,,no career
2008,54.0,54.0,HOU,Maarty Leunen,Oregon,,,,,,,,,,,,,,,,,,no career
2008,57.0,57.0,SAS,James Gist,Maryland,,,,,,,,,,,,,,,,,,no career
2008,59.0,59.0,DET,Deron Washington,Virginia Tech,,,,,,,,,,,,,,,,,,no career
2009,34.0,34.0,DEN,Sergio Llull,,,,,,,,,,,,,,,,,,,no career
2009,47.0,47.0,MIN,Henk Norel,,,,,,,,,,,,,,,,,,,no career
2009,49.0,49.0,ATL,Sergiy Gladyr,,,,,,,,,,,,,,,,,,,no career
2009,50.0,50.0,UTA,Goran Suton,Michigan State,,,,,,,,,,,,,,,,,,no career
2009,51.0,51.0,SAS,Jack McClinton,Miami (FL),,,,,,,,,,,,,,,,,,no career
2009,54.0,54.0,CHA,Robert Vaden,UAB,,,,,,,,,,,,,,,,,,no career
2009,56.0,56.0,DAL,Ahmad Nivins,Saint Joseph's,,,,,,,,,,,,,,,,,,no career
2009,57.0,57.0,PHO,Emir Preldžić,,,,,,,,,,,,,,,,,,,no career
2009,59.0,59.0,LAL,Chinemelu Elonu,Texas A&M,,,,,,,,,,,,,,,,,,no career
2009,60.0,60.0,MIA,Robert Dozier,Memphis,,,,,,,,,,,,,,,,,,no career
2010,36.0,36.0,DET,Terrico White,Ole Miss,,,,,,,,,,,,,,,,,,no career
2010,42.0,42.0,MIA,Da'Sean Butler,West Virginia,,,,,,,,,,,,,,,,,,no career
2010,45.0,45.0,MIN,Paulão Prestes,,,,,,,,,,,,,,,,,,,no career
2010,47.0,47.0,MIL,Tiny Gallon,Oklahoma,,,,,,,,,,,,,,,,,,no career
2010,48.0,48.0,MIA,Latavious Williams,,,,,,,,,,,,,,,,,,,no career
2010,49.0,49.0,SAS,Ryan Richards,,,,,,,,,,,,,,,,,,,no career
2010,51.0,51.0,OKC,Magnum Rolle,Louisiana Tech,,,,,,,,,,,,,,,,,,no career
2010,59.0,59.0,ORL,Stanley Robinson,UConn,,,,,,,,,,,,,,,,,,no career
2010,60.0,60.0,PHO,Dwayne Collins,Miami (FL),,,,,,,,,,,,,,,,,,no career
2011,51.0,51.0,POR,Jon Diebler,Ohio State,,,,,,,,,,,,,,,,,,no career
2011,54.0,54.0,CLE,Milan Mačvan,,,,,,,,,,,,,,,,,,,no career
2011,56.0,56.0,LAL,Chukwudiebere Maduabum,,,,,,,,,,,,,,,,,,,no career
2011,57.0,57.0,DAL,Tanguy Ngombo,,,,,,,,,,,,,,,,,,,no career
2011,58.0,58.0,LAL,Ater Majok,,,,,,,,,,,,,,,,,,,no career
2011,59.0,59.0,SAS,Ádám Hanga,,,,,,,,,,,,,,,,,,,no career
2012,50.0,50.0,DEN,İzzet Türkyılmaz,,,,,,,,,,,,,,,,,,,no career
2012,56.0,56.0,TOR,Tomislav Zubčić,,,,,,,,,,,,,,,,,,,no career
2012,57.0,57.0,NJN,İlkan Karaman,,,,,,,,,,,,,,,,,,,no career
2012,59.0,59.0,SAS,Marcus Denmon,Missouri,,,,,,,,,,,,,,,,,,no career
2013,50.0,50.0,DEN,İzzet Türkyılmaz,,,,,,,,,,,,,,,,,,,no career
2013,56.0,56.0,TOR,Tomislav Zubčić,,,,,,,,,,,,,,,,,,,no career
2013,57.0,57.0,NJN,İlkan Karaman,,,,,,,,,,,,,,,,,,,no career
2013,59.0,59.0,SAS,Marcus Denmon,Missouri,,,,,,,,,,,,,,,,,,no career
2014,37.0,37.0,TOR,DeAndre Daniels,UConn,,,,,,,,,,,,,,,,,,no career
2014,50.0,50.0,PHO,Alec Brown,Green Bay,,,,,,,,,,,,,,,,,,no career
2014,52.0,52.0,PHI,Vasilije Micić,,2.0,101.0,1961.0,691.0,177.0,390.0,0.395,0.315,0.819,19.4,6.8,1.8,3.9,-0.6,-0.015,-5.6,-1.8,gap exceeds threshold
2014,53.0,53.0,MIN,Alessandro Gentile,,,,,,,,,,,,,,,,,,,no career
2014,54.0,54.0,PHI,Nemanja Dangubić,,,,,,,,,,,,,,,,,,,no career
2014,57.0,57.0,IND,Louis Labeyrie,,,,,,,,,,,,,,,,,,,no career
2014,59.0,59.0,TOR,Xavier Thames,San Diego State,,,,,,,,,,,,,,,,,,no career
2015,26.0,26.0,SAS,Nikola Milutinov,,,,,,,,,,,,,,,,,,,no career
2015,39.0,39.0,CHO,Juan Pablo Vaulet,,,,,,,,,,,,,,,,,,,no career
2015,42.0,42.0,UTA,Olivier Hanlan,Boston College,,,,,,,,,,,,,,,,,,no career
2015,47.0,47.0,PHI,Artūras Gudaitis,,,,,,,,,,,,,,,,,,,no career
2015,49.0,49.0,WAS,Aaron White,Iowa,,,,,,,,,,,,,,,,,,no career
2015,50.0,50.0,ATL,Marcus Eriksson,,,,,,,,,,,,,,,,,,,no career
2015,51.0,51.0,ORL,Tyler Harvey,Eastern Washington,,,,,,,,,,,,,,,,,,no career
2015,52.0,52.0,DAL,Satnam Singh,,,,,,,,,,,,,,,,,,,no career
2015,53.0,53.0,CLE,Sir'Dominic Pointer,St. John's,,,,,,,,,,,,,,,,,,no career
2015,54.0,54.0,UTA,Dani Díez,,,,,,,,,,,,,,,,,,,no career
2015,55.0,55.0,SAS,Cady Lalanne,UMass,,,,,,,,,,,,,,,,,,no career
2015,57.0,57.0,DEN,Nikola Radičević,,,,,,,,,,,,,,,,,,,no career
2015,58.0,58.0,PHI,J.P. Tokoto,UNC,,,,,,,,,,,,,,,,,,no career
2015,59.0,59.0,ATL,Dimitrios Agravanis,,,,,,,,,,,,,,,,,,,no career
2015,60.0,60.0,PHI,Luka Mitrović,,,,,,,,,,,,,,,,,,,no career
2016,35.0,35.0,BOS,Rade Zagorac,,,,,,,,,,,,,,,,,,,no career
2016,39.0,39.0,NOP,David Michineau,,,,,,,,,,,,,,,,,,,no career
2016,44.0,44.0,ATL,Isaïa Cordinier,,,,,,,,,,,,,,,,,,,no career
2016,57.0,57.0,MEM,Wang Zhelin,,,,,,,,,,,,,,,,,,,no career
2016,59.0,59.0,SAC,Isaiah Cousins,Oklahoma,,,,,,,,,,,,,,,,,,no career
2017,50.0,50.0,PHI,Mathias Lessort,,,,,,,,,,,,,,,,,,,no career
2017,58.0,58.0,NYK,Ognjen Jaramaz,,,,,,,,,,,,,,,,,,,no career
2017,60.0,60.0,ATL,Alpha Kaba,,,,,,,,,,,,,,,,,,,no career
2018,44.0,44.0,WAS,Issuf Sanon,,,,,,,,,,,,,,,,,,,no career
2018,51.0,51.0,NOP,Tony Carr,Penn State,,,,,,,,,,,,,,,,,,no career
2018,52.0,52.0,UTA,Vince Edwards,Purdue,1.0,2.0,16.0,3.0,2.0,0.0,0.25,0.25,,8.0,1.5,1.0,0.0,0.0,-0.014,-6.4,0.0,no name match
2019,56.0,56.0,LAC,Jaylen Hands,UCLA,,,,,,,,,,,,,,,,,,no career
2019,60.0,60.0,SAC,Vanja Marinković,,,,,,,,,,,,,,,,,,,no career
2020,47.0,47.0,BOS,Yam Madar,,,,,,,,,,,,,,,,,,,no career
2020,51.0,51.0,GSW,Justinian Jessup,Boise State,,,,,,,,,,,,,,,,,,no career
2020,52.0,52.0,SAC,KJ Martin,,5.0,309.0,6674.0,2652.0,1247.0,371.0,0.545,0.329,0.673,21.6,8.6,4.0,1.2,12.4,0.089,-1.8,0.4,no name match
2021,34.0,34.0,OKC,Rokas Jokubaitis,,,,,,,,,,,,,,,,,,,no career
2021,45.0,45.0,BOS,Juhann Begarin,,,,,,,,,,,,,,,,,,,no career
2021,49.0,49.0,BRK,Marcus Zegarowski,Creighton,,,,,,,,,,,,,,,,,,no career
2021,57.0,57.0,CHO,Balša Koprivica,Florida State,,,,,,,,,,,,,,,,,,no career
2022,36.0,36.0,POR,Gabriele Procida,,,,,,,,,,,,,,,,,,,no career
2022,39.0,39.0,CLE,Khalifa Diop,,,,,,,,,,,,,,,,,,,no career
2022,46.0,46.0,DET,Ismael Kamagate,,,,,,,,,,,,,,,,,,,no career
2022,50.0,50.0,MIN,Matteo Spagnolo,,,,,,,,,,,,,,,,,,,no career
2022,52.0,52.0,NOP,Karlo Matković,,2.0,104.0,1703.0,677.0,438.0,96.0,0.589,0.378,0.753,16.4,6.5,4.2,0.9,4.3,0.12,-0.6,0.6,no name match
2022,54.0,54.0,WAS,Yannick Nzosa,,,,,,,,,,,,,,,,,,,no career
2022,56.0,56.0,CLE,Luke Travers,,2.0,24.0,191.0,40.0,44.0,17.0,0.25,0.04,1.0,8.0,1.7,1.8,0.7,-0.1,-0.025,-6.2,-0.2,no name match
2022,58.0,58.0,IND,Hugo Besson,,,,,,,,,,,,,,,,,,,no career
2023,31.0,31.0,DET,James Nnaji,,,,,,,,,,,,,,,,,,,no career
2023,47.0,47.0,LAL,Mojave King,,,,,,,,,,,,,,,,,,,no career
2023,53.0,53.0,MIN,Jaylen Clark,UCLA,2.0,108.0,1410.0,438.0,173.0,69.0,0.445,0.362,0.702,13.1,4.1,1.6,0.6,3.3,0.111,-1.6,0.1,no name match
2023,56.0,56.0,MEM,Tarik Biberovic,,,,,,,,,,,,,,,,,,,no career
2024,1.0,1.0,ATL,Zaccharie Risacher,,2.0,142.0,3346.0,1583.0,525.0,168.0,0.457,0.36,0.686,23.6,11.1,3.7,1.2,4.1,0.058,-3.1,-0.9,no data yet (post-2024 draft class)
2024,2.0,2.0,WAS,Alex Sarr,,2.0,115.0,3119.0,1652.0,790.0,291.0,0.433,0.316,0.685,27.1,14.4,6.9,2.5,1.3,0.021,-1.6,0.3,no data yet (post-2024 draft class)
2024,3.0,3.0,HOU,Reed Sheppard,Kentucky,2.0,134.0,2801.0,1339.0,316.0,352.0,0.414,0.383,0.804,20.9,10.0,2.4,2.6,6.6,0.113,1.6,2.6,no data yet (post-2024 draft class)
2024,4.0,4.0,SAS,Stephon Castle,UConn,2.0,149.0,4200.0,2323.0,659.0,834.0,0.448,0.305,0.729,28.2,15.6,4.4,5.6,6.9,0.079,-0.7,1.4,no data yet (post-2024 draft class)
2024,5.0,5.0,DET,Ron Holland,,2.0,159.0,2817.0,1162.0,533.0,177.0,0.45,0.246,0.782,17.7,7.3,3.4,1.1,4.6,0.078,-2.4,-0.3,no data yet (post-2024 draft class)
2024,6.0,6.0,CHO,Tidjane Salaün,,2.0,97.0,1819.0,575.0,429.0,101.0,0.385,0.326,0.694,18.8,5.9,4.4,1.0,1.5,0.038,-3.8,-0.8,no data yet (post-2024 draft class)
2024,7.0,7.0,POR,Donovan Clingan,UConn,2.0,144.0,3418.0,1370.0,1419.0,239.0,0.527,0.332,0.651,23.7,9.5,9.9,1.7,12.6,0.177,1.7,3.2,no data yet (post-2024 draft class)
2024,8.0,8.0,SAS,Rob Dillingham,Kentucky,2.0,114.0,1486.0,628.0,181.0,241.0,0.411,0.324,0.7,13.0,5.5,1.6,2.1,-1.0,-0.032,-6.2,-1.6,no data yet (post-2024 draft class)
2024,9.0,9.0,MEM,Zach Edey,Purdue,2.0,77.0,1700.0,760.0,670.0,77.0,0.589,0.333,0.723,22.1,9.9,8.7,1.0,5.6,0.159,0.0,0.9,no data yet (post-2024 draft class)
2024,10.0,10.0,UTA,Cody Williams,Colorado,2.0,117.0,2691.0,818.0,311.0,196.0,0.419,0.237,0.711,23.0,7.0,2.7,1.7,-1.0,-0.018,-6.2,-2.9,no data yet (post-2024 draft class)
2024,11.0,11.0,CHI,Matas Buzelis,,2.0,157.0,3759.0,1940.0,726.0,237.0,0.46,0.353,0.795,23.9,12.4,4.6,1.5,4.4,0.057,-1.6,0.4,no data yet (post-2024 draft class)
2024,12.0,12.0,OKC,Nikola Topić,,1.0,10.0,160.0,52.0,19.0,44.0,0.431,0.4,0.4,16.0,5.2,1.9,4.4,0.0,-0.014,-8.4,-0.3,no data yet (post-2024 draft class)
2024,13.0,13.0,SAC,Devin Carter,Providence,2.0,74.0,1096.0,477.0,201.0,142.0,0.401,0.274,0.674,14.8,6.4,2.7,1.9,0.5,0.023,-2.8,-0.2,no data yet (post-2024 draft class)
2024,14.0,14.0,POR,Bub Carrington,Pitt,2.0,164.0,4729.0,1685.0,617.0,745.0,0.412,0.374,0.765,28.8,10.3,3.8,4.5,-0.2,-0.002,-4.7,-3.2,no data yet (post-2024 draft class)
2024,15.0,15.0,MIA,Kel'el Ware,Indiana,2.0,141.0,3126.0,1446.0,1167.0,116.0,0.54,0.369,0.718,22.2,10.3,8.3,0.8,10.3,0.159,1.1,2.4,no data yet (post-2024 draft class)
2024,16.0,16.0,PHI,Jared McCain,Duke,2.0,90.0,1752.0,910.0,193.0,150.0,0.438,0.385,0.87,19.5,10.1,2.1,1.7,2.2,0.059,-1.5,0.2,no data yet (post-2024 draft class)
2024,17.0,17.0,LAL,Dalton Knecht,Tennessee,2.0,132.0,2047.0,934.0,291.0,87.0,0.46,0.368,0.755,15.5,7.1,2.2,0.7,3.1,0.073,-2.3,-0.2,no data yet (post-2024 draft class)
2024,18.0,18.0,ORL,Tristan Da Silva,Colorado,2.0,151.0,3528.0,1295.0,529.0,237.0,0.433,0.357,0.88,23.4,8.6,3.5,1.6,5.8,0.079,-1.5,0.4,no data yet (post-2024 draft class)
2024,19.0,19.0,TOR,Ja'Kobe Walter,Baylor,2.0,124.0,2577.0,990.0,345.0,167.0,0.425,0.385,0.792,20.8,8.0,2.8,1.3,4.9,0.092,-1.4,0.4,no data yet (post-2024 draft class)
2024,20.0,20.0,CLE,Jaylon Tyson,California,2.0,113.0,2230.0,1039.0,434.0,191.0,0.481,0.43,0.748,19.7,9.2,3.8,1.7,4.8,0.103,-0.5,0.9,no data yet (post-2024 draft class)
2024,21.0,21.0,NOP,Yves Missi,Baylor,2.0,139.0,3253.0,1042.0,986.0,183.0,0.546,0.0,0.601,23.4,7.5,7.1,1.3,6.3,0.093,-2.5,-0.4,no data yet (post-2024 draft class)
2024,22.0,22.0,PHO,DaRon Holmes,Dayton,1.0,25.0,210.0,93.0,35.0,16.0,0.508,0.444,0.786,8.4,3.7,1.4,0.6,0.4,0.103,-0.5,0.1,no data yet (post-2024 draft class)
2024,23.0,23.0,MIL,AJ Johnson,,2.0,77.0,1093.0,380.0,114.0,123.0,0.357,0.245,0.857,14.2,4.9,1.5,1.6,-1.3,-0.056,-8.4,-1.8,no data yet (post-2024 draft class)
2024,24.0,24.0,NYK,Kyshawn George,Miami (FL),2.0,116.0,3193.0,1300.0,530.0,383.0,0.406,0.347,0.781,27.5,11.2,4.6,3.3,0.8,0.011,-2.8,-0.7,no data yet (post-2024 draft class)
2024,25.0,25.0,NYK,Pacôme Dadiet,,2.0,47.0,247.0,78.0,45.0,17.0,0.329,0.255,0.765,5.3,1.7,1.0,0.4,0.2,0.035,-4.7,-0.2,no data yet (post-2024 draft class)
2024,26.0,26.0,WAS,Dillon Jones,Weber State,2.0,61.0,591.0,144.0,128.0,62.0,0.373,0.25,0.656,9.7,2.4,2.1,1.0,0.9,0.072,-3.9,-0.3,no data yet (post-2024 draft class)
2024,27.0,27.0,MIN,Terrence Shannon Jr.,Illinois,2.0,75.0,877.0,379.0,96.0,70.0,0.463,0.393,0.802,11.7,5.1,1.3,0.9,1.6,0.09,-3.0,-0.2,no data yet (post-2024 draft class)
2024,28.0,28.0,DEN,Ryan Dunn,Virginia,2.0,144.0,2765.0,918.0,564.0,159.0,0.44,0.319,0.488,19.2,6.4,3.9,1.1,3.6,0.062,-2.5,-0.4,no data yet (post-2024 draft class)
2024,29.0,29.0,UTA,Isaiah Collier,USC,2.0,130.0,3356.0,1303.0,385.0,869.0,0.457,0.257,0.705,25.8,10.0,3.0,6.7,0.9,0.012,-4.0,-1.7,no data yet (post-2024 draft class)
2024,30.0,30.0,BOS,Baylor Scheierman,Creighton,2.0,108.0,1813.0,540.0,334.0,149.0,0.429,0.378,0.86,16.8,5.0,3.1,1.4,4.6,0.121,0.1,1.0,no data yet (post-2024 draft class)
2024,31.0,31.0,TOR,Jonathan Mogbo,San Francisco,2.0,103.0,1535.0,450.0,379.0,171.0,0.455,0.239,0.719,14.9,4.4,3.7,1.7,2.5,0.079,-1.7,0.1,no data yet (post-2024 draft class)
2024,32.0,32.0,UTA,Kyle Filipowski,Duke,2.0,149.0,3323.0,1569.0,992.0,338.0,0.496,0.337,0.71,22.3,10.5,6.7,2.3,5.5,0.08,-1.0,0.8,no data yet (post-2024 draft class)
2024,33.0,33.0,MIL,Tyler Smith,,2.0,35.0,288.0,123.0,58.0,9.0,0.45,0.354,0.714,8.2,3.5,1.7,0.3,0.4,0.06,-3.2,-0.1,no data yet (post-2024 draft class)
2024,34.0,34.0,POR,Tyler Kolek,Marquette,2.0,103.0,1023.0,355.0,125.0,240.0,0.409,0.36,0.73,9.9,3.4,1.2,2.3,1.8,0.083,-1.2,0.2,no data yet (post-2024 draft class)
2024,35.0,35.0,SAS,Johnny Furphy,Kansas,2.0,85.0,1022.0,283.0,224.0,60.0,0.436,0.314,0.614,12.0,3.3,2.6,0.7,1.0,0.049,-3.3,-0.3,no data yet (post-2024 draft class)
2024,36.0,36.0,IND,Juan Nunez,,,,,,,,,,,,,,,,,,,no data yet (post-2024 draft class)
2024,37.0,37.0,MIN,Bobi Klintman,,2.0,20.0,113.0,37.0,26.0,13.0,0.405,0.333,0.2,5.7,1.9,1.3,0.7,0.1,0.05,-5.1,-0.1,no data yet (post-2024 draft class)
2024,38.0,38.0,NYK,Ajay Mitchell,UC Santa Barbara,2.0,93.0,2070.0,1008.0,258.0,270.0,0.487,0.356,0.863,22.3,10.8,2.8,2.9,6.3,0.147,0.9,1.5,no data yet (post-2024 draft class)
2024,39.0,39.0,MEM,Jaylen Wells,Washington State,2.0,148.0,3864.0,1688.0,488.0,246.0,0.428,0.353,0.801,26.1,11.4,3.3,1.7,5.1,0.063,-2.6,-0.6,no data yet (post-2024 draft class)
2024,40.0,40.0,POR,Oso Ighodaro,Marquette,2.0,143.0,2853.0,786.0,640.0,256.0,0.637,0.0,0.491,20.0,5.5,4.5,1.8,6.3,0.107,-0.9,0.8,no data yet (post-2024 draft class)
2024,41.0,41.0,PHI,Adem Bona,UCLA,2.0,129.0,2139.0,681.0,552.0,59.0,0.646,0.286,0.69,16.6,5.3,4.3,0.5,5.2,0.116,-2.8,-0.4,no data yet (post-2024 draft class)
2024,42.0,42.0,CHO,KJ Simpson,Colorado,2.0,56.0,1099.0,373.0,146.0,155.0,0.345,0.265,0.765,19.6,6.7,2.6,2.8,-0.6,-0.024,-5.3,-0.9,no data yet (post-2024 draft class)
2024,43.0,43.0,MIA,Nikola Djurisic,,,,,,,,,,,,,,,,,,,no data yet (post-2024 draft class)
2024,44.0,44.0,HOU,Pelle Larsson,Arizona,2.0,125.0,2631.0,1051.0,336.0,301.0,0.48,0.328,0.771,21.0,8.4,2.7,2.4,5.5,0.1,-1.8,0.2,no data yet (post-2024 draft class)
2024,45.0,45.0,SAC,Jamal Shead,Houston,2.0,157.0,3319.0,1078.0,258.0,760.0,0.386,0.322,0.778,21.1,6.9,1.6,4.8,3.5,0.051,-3.1,-0.9,no data yet (post-2024 draft class)
2024,46.0,46.0,LAC,Cam Christie,Minnesota,2.0,68.0,539.0,174.0,90.0,37.0,0.368,0.226,0.741,7.9,2.6,1.3,0.5,0.2,0.013,-4.3,-0.3,no data yet (post-2024 draft class)
2024,47.0,47.0,ORL,Antonio Reeves,Kentucky,2.0,54.0,728.0,332.0,71.0,42.0,0.459,0.408,0.8,13.5,6.1,1.3,0.8,0.6,0.039,-2.8,-0.1,no data yet (post-2024 draft class)
2024,48.0,48.0,SAS,Harrison Ingram,UNC,2.0,12.0,61.0,15.0,12.0,4.0,0.7,0.5,,5.1,1.3,1.0,0.3,0.2,0.129,0.3,0.0,no data yet (post-2024 draft class)
2024,49.0,49.0,IND,Tristen Newton,UConn,2.0,9.0,28.0,15.0,7.0,2.0,0.294,0.25,0.75,3.1,1.7,0.8,0.2,0.0,-0.069,-8.2,0.0,no data yet (post-2024 draft class)
2024,50.0,50.0,IND,Enrique Freeman,University of Akron,2.0,26.0,218.0,59.0,40.0,11.0,0.444,0.214,0.696,8.4,2.3,1.5,0.4,0.3,0.065,-5.2,-0.2,no data yet (post-2024 draft class)
2024,51.0,51.0,NYK,Melvin Ajinça,,,,,,,,,,,,,,,,,,,no data yet (post-2024 draft class)
2024,52.0,52.0,GSW,Quinten Post,Boston College,2.0,109.0,1845.0,853.0,417.0,150.0,0.443,0.364,0.786,16.9,7.8,3.8,1.4,3.5,0.092,-0.6,0.6,no data yet (post-2024 draft class)
2024,53.0,53.0,DET,Cam Spencer,UConn,2.0,97.0,1966.0,904.0,213.0,434.0,0.466,0.438,0.948,20.3,9.3,2.2,4.5,6.1,0.15,2.0,2.0,no data yet (post-2024 draft class)
2024,54.0,54.0,BOS,Anton Watson,Gonzaga,1.0,9.0,22.0,8.0,3.0,2.0,0.444,0.0,,2.4,0.9,0.3,0.2,0.0,-0.07,-10.1,0.0,no data yet (post-2024 draft class)
2024,55.0,55.0,LAL,Bronny James,USC,2.0,69.0,556.0,184.0,41.0,73.0,0.374,0.348,0.81,8.1,2.7,0.6,1.1,0.0,-0.002,-5.2,-0.5,no data yet (post-2024 draft class)
2024,56.0,56.0,PHO,Kevin McCullar Jr.,Kansas,2.0,25.0,184.0,56.0,36.0,22.0,0.407,0.32,0.571,7.4,2.2,1.4,0.9,0.2,0.059,-3.5,-0.1,no data yet (post-2024 draft class)
2024,57.0,57.0,MEM,Ulrich Chomche,,1.0,7.0,32.0,5.0,8.0,2.0,0.4,,0.5,4.6,0.7,1.1,0.3,0.0,0.001,-7.4,0.0,no data yet (post-2024 draft class)
2024,58.0,58.0,DAL,Ariel Hukporti,,2.0,79.0,715.0,165.0,210.0,40.0,0.595,0.25,0.696,9.1,2.1,2.7,0.5,1.3,0.086,-3.3,-0.2,no data yet (post-2024 draft class)
2025,1.0,1.0,DAL,Cooper Flagg,Duke,1.0,70.0,2344.0,1473.0,466.0,316.0,0.468,0.295,0.827,33.5,21.0,6.7,4.5,3.8,0.078,1.4,2.0,no data yet (post-2024 draft class)
2025,2.0,2.0,SAS,Dylan Harper,Rutgers University,1.0,69.0,1558.0,813.0,234.0,266.0,0.505,0.343,0.756,22.6,11.8,3.4,3.9,4.2,0.13,1.4,1.3,no data yet (post-2024 draft class)
2025,3.0,3.0,PHI,VJ Edgecombe,Baylor,1.0,75.0,2623.0,1199.0,423.0,315.0,0.438,0.354,0.818,35.0,16.0,5.6,4.2,4.4,0.081,-0.5,1.0,no data yet (post-2024 draft class)
2025,4.0,4.0,CHO,Kon Knueppel,Duke,1.0,81.0,2551.0,1498.0,432.0,274.0,0.475,0.425,0.863,31.5,18.5,5.3,3.4,8.0,0.151,2.8,3.1,no data yet (post-2024 draft class)
2025,5.0,5.0,UTA,Ace Bailey,Rutgers University,1.0,72.0,1988.0,993.0,302.0,131.0,0.443,0.344,0.75,27.6,13.8,4.2,1.8,-0.1,-0.001,-4.4,-1.2,no data yet (post-2024 draft class)
2025,6.0,6.0,WAS,Tre Johnson,Texas,1.0,60.0,1443.0,733.0,170.0,122.0,0.419,0.358,0.874,24.1,12.2,2.8,2.0,-0.7,-0.024,-5.0,-1.1,no data yet (post-2024 draft class)
2025,7.0,7.0,NOP,Jeremiah Fears,Oklahoma,1.0,82.0,2112.0,1169.0,300.0,279.0,0.434,0.33,0.789,25.8,14.3,3.7,3.4,0.6,0.015,-2.7,-0.4,no data yet (post-2024 draft class)
2025,8.0,8.0,BRK,Egor Dёmin,BYU,1.0,52.0,1308.0,536.0,165.0,173.0,0.399,0.385,0.831,25.2,10.3,3.2,3.3,0.9,0.032,-1.6,0.1,no data yet (post-2024 draft class)
2025,9.0,9.0,TOR,Collin Murray-Boyles,South Carolina,1.0,57.0,1246.0,484.0,285.0,106.0,0.579,0.34,0.657,21.9,8.5,5.0,1.9,4.0,0.154,1.0,1.0,no data yet (post-2024 draft class)
2025,10.0,10.0,HOU,Khaman Maluach,Duke,1.0,46.0,411.0,139.0,133.0,6.0,0.533,0.238,0.71,8.9,3.0,2.9,0.1,0.8,0.099,-3.7,-0.2,no data yet (post-2024 draft class)
2025,11.0,11.0,POR,Cedric Coward,Washington State,1.0,62.0,1598.0,843.0,364.0,171.0,0.471,0.338,0.843,25.8,13.6,5.9,2.8,2.5,0.076,-0.2,0.7,no data yet (post-2024 draft class)
2025,12.0,12.0,CHI,Noa Essengue,,1.0,2.0,6.0,0.0,0.0,0.0,0.0,0.0,,3.0,0.0,0.0,0.0,-0.1,-0.417,-23.7,0.0,no data yet (post-2024 draft class)
2025,13.0,13.0,ATL,Derik Queen,Maryland,1.0,81.0,2023.0,948.0,572.0,298.0,0.473,0.261,0.795,25.0,11.7,7.1,3.7,2.7,0.063,-0.8,0.6,no data yet (post-2024 draft class)
2025,14.0,14.0,SAS,Carter Bryant,Arizona,1.0,71.0,818.0,298.0,178.0,47.0,0.408,0.335,0.714,11.5,4.2,2.5,0.7,1.3,0.076,-3.0,-0.2,no data yet (post-2024 draft class)
2025,15.0,15.0,OKC,Thomas Sorber,Georgetown,,,,,,,,,,,,,,,,,,no data yet (post-2024 draft class)
2025,16.0,16.0,MEM,Yang Hansen,,1.0,43.0,300.0,95.0,66.0,22.0,0.31,0.119,0.824,7.0,2.2,1.5,0.5,-0.5,-0.075,-9.5,-0.6,no data yet (post-2024 draft class)
2025,17.0,17.0,MIN,Joan Beringer,,1.0,40.0,314.0,156.0,92.0,12.0,0.663,,0.703,7.9,3.9,2.3,0.3,1.5,0.222,0.4,0.2,no data yet (post-2024 draft class)
2025,18.0,18.0,WAS,Walter Clayton,Florida,1.0,69.0,1410.0,538.0,139.0,279.0,0.384,0.307,0.901,20.4,7.8,2.0,4.0,0.3,0.009,-4.3,-0.8,no data yet (post-2024 draft class)
2025,19.0,19.0,BRK,Nolan Traoré,,1.0,56.0,1243.0,499.0,99.0,213.0,0.38,0.318,0.787,22.2,8.9,1.8,3.8,-1.6,-0.063,-6.8,-1.5,no data yet (post-2024 draft class)
2025,20.0,20.0,MIA,Kasparas Jakučionis,Illinois,1.0,53.0,945.0,328.0,138.0,137.0,0.429,0.423,0.879,17.8,6.2,2.6,2.6,2.3,0.114,-0.4,0.4,no data yet (post-2024 draft class)
2025,21.0,21.0,UTA,Will Riley,Illinois,1.0,74.0,1633.0,764.0,212.0,146.0,0.439,0.316,0.8,22.1,10.3,2.9,2.0,0.4,0.012,-4.5,-1.0,no data yet (post-2024 draft class)
2025,22.0,22.0,ATL,Drake Powell,UNC,1.0,63.0,1320.0,408.0,111.0,91.0,0.402,0.28,0.896,21.0,6.5,1.8,1.4,-0.1,-0.003,-6.0,-1.3,no data yet (post-2024 draft class)
2025,23.0,23.0,IND,Asa Newell,Georgia,1.0,44.0,500.0,227.0,96.0,26.0,0.538,0.387,0.552,11.4,5.2,2.2,0.6,1.2,0.113,-1.5,0.1,no data yet (post-2024 draft class)
2025,24.0,24.0,OKC,Nique Clifford,Colorado State,1.0,75.0,1882.0,645.0,282.0,179.0,0.418,0.333,0.722,25.1,8.6,3.8,2.4,-0.6,-0.014,-4.9,-1.4,no data yet (post-2024 draft class)
2025,25.0,25.0,ORL,Jase Richardson,Michigan State,1.0,54.0,587.0,239.0,63.0,58.0,0.473,0.354,0.717,10.9,4.4,1.2,1.1,1.0,0.082,-2.5,-0.1,no data yet (post-2024 draft class)
2025,26.0,26.0,BRK,Ben Saraf,,1.0,44.0,916.0,332.0,92.0,145.0,0.396,0.211,0.83,20.8,7.5,2.1,3.3,-1.1,-0.057,-7.3,-1.2,no data yet (post-2024 draft class)
2025,27.0,27.0,BRK,Danny Wolf,Michigan,1.0,57.0,1187.0,508.0,281.0,127.0,0.405,0.322,0.771,20.8,8.9,4.9,2.2,0.8,0.032,-2.5,-0.2,no data yet (post-2024 draft class)
2025,28.0,28.0,BOS,Hugo González,,1.0,74.0,1084.0,289.0,246.0,40.0,0.476,0.362,0.5,14.6,3.9,3.3,0.5,2.2,0.099,-1.5,0.1,no data yet (post-2024 draft class)
2025,29.0,29.0,PHO,Liam McNeeley,UConn,1.0,31.0,368.0,132.0,73.0,24.0,0.4,0.4,0.821,11.9,4.3,2.4,0.8,0.9,0.112,-1.3,0.1,no data yet (post-2024 draft class)
2025,30.0,30.0,LAC,Yanic Konan Niederhäuser,Penn State,1.0,41.0,424.0,176.0,117.0,12.0,0.64,0.2,0.758,10.3,4.3,2.9,0.3,1.3,0.152,-2.2,0.0,no data yet (post-2024 draft class)
2025,31.0,31.0,MIN,Rasheer Fleming,Saint Joseph's,1.0,55.0,673.0,238.0,124.0,16.0,0.405,0.346,0.559,12.2,4.3,2.3,0.3,0.8,0.055,-3.8,-0.3,no data yet (post-2024 draft class)
2025,32.0,32.0,BOS,Noah Penda,,1.0,59.0,757.0,227.0,187.0,70.0,0.404,0.323,0.688,12.8,3.8,3.2,1.2,1.1,0.07,-1.5,0.1,no data yet (post-2024 draft class)
2025,33.0,33.0,CHO,Sion James,Duke,1.0,82.0,1843.0,441.0,287.0,163.0,0.371,0.352,0.837,22.5,5.4,3.5,2.0,3.1,0.08,-2.0,0.0,no data yet (post-2024 draft class)
2025,34.0,34.0,CHO,Ryan Kalkbrenner,Creighton,1.0,69.0,1479.0,521.0,377.0,54.0,0.753,0.0,0.716,21.4,7.6,5.5,0.8,5.7,0.185,1.8,1.4,no data yet (post-2024 draft class)
2025,35.0,35.0,PHI,Johni Broome,Auburn,1.0,11.0,55.0,10.0,16.0,4.0,0.167,0.0,0.333,5.0,0.9,1.5,0.4,-0.2,-0.212,-16.2,-0.2,no data yet (post-2024 draft class)
2025,36.0,36.0,BRK,Adou Thiero,Arkansas,1.0,25.0,149.0,47.0,28.0,10.0,0.516,0.333,0.636,6.0,1.9,1.1,0.4,0.2,0.071,-4.4,-0.1,no data yet (post-2024 draft class)
2025,37.0,37.0,DET,Chaz Lanier,Tennessee,1.0,34.0,262.0,80.0,23.0,17.0,0.315,0.284,0.833,7.7,2.4,0.7,0.5,0.3,0.046,-5.1,-0.2,no data yet (post-2024 draft class)
2025,38.0,38.0,SAS,Kam Jones,Marquette,1.0,37.0,616.0,162.0,60.0,119.0,0.402,0.293,0.5,16.6,4.4,1.6,3.2,0.0,0.002,-6.2,-0.6,no data yet (post-2024 draft class)
2025,39.0,39.0,TOR,Alijah Martin,Florida,1.0,23.0,146.0,51.0,21.0,12.0,0.32,0.19,0.789,6.3,2.2,0.9,0.5,0.0,0.015,-4.3,-0.1,no data yet (post-2024 draft class)
2025,40.0,40.0,WAS,Micah Peavy,Georgetown,1.0,61.0,913.0,262.0,117.0,61.0,0.385,0.259,0.759,15.0,4.3,1.9,1.0,0.4,0.02,-5.2,-0.7,no data yet (post-2024 draft class)
2025,41.0,41.0,GSW,Koby Brea,Kentucky,1.0,12.0,84.0,45.0,8.0,10.0,0.417,0.433,1.0,7.0,3.8,0.7,0.8,0.2,0.117,0.2,0.0,no data yet (post-2024 draft class)
2025,42.0,42.0,SAC,Maxime Raynaud,Stanford,1.0,74.0,1964.0,922.0,556.0,100.0,0.571,0.324,0.786,26.5,12.5,7.5,1.4,3.6,0.088,-2.4,-0.2,no data yet (post-2024 draft class)
2025,43.0,43.0,UTA,Jamir Watkins,Florida State,1.0,50.0,1032.0,368.0,194.0,67.0,0.446,0.297,0.695,20.6,7.4,3.9,1.3,1.1,0.049,-3.3,-0.3,no data yet (post-2024 draft class)
2025,44.0,44.0,OKC,Brooks Barnhizer,Northwestern,1.0,40.0,348.0,68.0,78.0,22.0,0.38,0.292,0.7,8.7,1.7,2.0,0.6,0.6,0.082,-3.1,-0.1,no data yet (post-2024 draft class)
2025,45.0,45.0,CHI,Rocco Zikarsky,,1.0,5.0,36.0,14.0,14.0,2.0,0.625,,1.0,7.2,2.8,2.8,0.4,0.2,0.237,2.4,0.0,no data yet (post-2024 draft class)
2025,46.0,46.0,ORL,Amari Williams,Kentucky,1.0,22.0,146.0,30.0,40.0,10.0,0.5,,0.714,6.6,1.4,1.8,0.5,0.2,0.077,-2.1,0.0,no data yet (post-2024 draft class)
2025,47.0,47.0,MIL,Bogoljub Markovic,,,,,,,,,,,,,,,,,,,no data yet (post-2024 draft class)
2025,48.0,48.0,MEM,Javon Small,West Virginia,1.0,41.0,830.0,396.0,128.0,151.0,0.465,0.423,0.829,20.2,9.7,3.1,3.7,1.9,0.112,1.0,0.6,no data yet (post-2024 draft class)
2025,49.0,49.0,CLE,Tyrese Proctor,Duke,1.0,50.0,545.0,272.0,64.0,74.0,0.413,0.351,0.889,10.9,5.4,1.3,1.5,0.7,0.066,-2.8,-0.1,no data yet (post-2024 draft class)
2025,50.0,50.0,NYK,Kobe Sanders,Nevada,1.0,68.0,1351.0,495.0,153.0,109.0,0.466,0.408,0.826,19.9,7.3,2.3,1.6,1.4,0.051,-2.9,-0.3,no data yet (post-2024 draft class)
2025,51.0,51.0,LAC,Mohamed Diawara,,1.0,69.0,634.0,246.0,94.0,53.0,0.423,0.369,0.75,9.2,3.6,1.4,0.8,0.9,0.072,-1.7,0.0,no data yet (post-2024 draft class)
2025,52.0,52.0,PHO,Alex Toohey,,,,,,,,,,,,,,,,,,,no data yet (post-2024 draft class)
2025,53.0,53.0,UTA,John Tonje,Wisconsin,1.0,6.0,42.0,15.0,6.0,2.0,0.286,0.3,1.0,7.0,2.5,1.0,0.3,0.1,0.101,-5.1,0.0,no data yet (post-2024 draft class)
2025,54.0,54.0,IND,Taelon Peter,Liberty,1.0,38.0,492.0,171.0,59.0,40.0,0.38,0.328,0.625,12.9,4.5,1.6,1.1,0.0,-0.001,-4.6,-0.3,no data yet (post-2024 draft class)
2025,55.0,55.0,LAL,Lachlan Olbrich,,1.0,37.0,344.0,89.0,112.0,42.0,0.468,0.105,0.375,9.3,2.4,3.0,1.1,0.5,0.075,-3.4,-0.1,no data yet (post-2024 draft class)
2025,56.0,56.0,MEM,Will Richard,Florida,1.0,69.0,1377.0,441.0,172.0,93.0,0.468,0.335,0.852,20.0,6.4,2.5,1.3,2.5,0.089,-1.7,0.1,no data yet (post-2024 draft class)
2025,57.0,57.0,ORL,Max Shulga,VCU,1.0,11.0,36.0,7.0,6.0,2.0,0.25,0.25,1.0,3.3,0.6,0.5,0.2,0.0,-0.038,-11.5,-0.1,no data yet (post-2024 draft class)
2025,58.0,58.0,CLE,Saliou Niang,,,,,,,,,,,,,,,,,,,no data yet (post-2024 draft class)
2025,59.0,59.0,HOU,Jahmai Mashack,Tennessee,1.0,31.0,673.0,192.0,81.0,69.0,0.395,0.253,0.543,21.7,6.2,2.6,2.2,-0.5,-0.036,-7.0,-0.8,no data yet (post-2024 draft class)
2026,1.0,1.0,WAS,AJ Dybantsa,BYU,,,,,,,,,,,,,,,,,,no data yet (post-2024 draft class)
2026,2.0,2.0,UTA,Darryn Peterson,Kansas,,,,,,,,,,,,,,,,,,no data yet (post-2024 draft class)
2026,3.0,3.0,MEM,Cameron Boozer,Duke,,,,,,,,,,,,,,,,,,no data yet (post-2024 draft class)
2026,4.0,4.0,CHI,Caleb Wilson,UNC,,,,,,,,,,,,,,,,,,no data yet (post-2024 draft class)
2026,5.0,5.0,LAC,Keaton Wagler,Illinois,,,,,,,,,,,,,,,,,,no data yet (post-2024 draft class)
2026,6.0,6.0,BRK,Mikel Brown Jr.,Louisville,,,,,,,,,,,,,,,,,,no data yet (post-2024 draft class)
2026,7.0,7.0,SAC,Darius Acuff Jr.,Arkansas,,,,,,,,,,,,,,,,,,no data yet (post-2024 draft class)
2026,8.0,8.0,ATL,Kingston Flemings,Houston,,,,,,,,,,,,,,,,,,no data yet (post-2024 draft class)
2026,9.0,9.0,DAL,Morez Johnson Jr.,Michigan,,,,,,,,,,,,,,,,,,no data yet (post-2024 draft class)
2026,10.0,10.0,MIL,Brayden Burries,Arizona,,,,,,,,,,,,,,,,,,no data yet (post-2024 draft class)
2026,11.0,11.0,GSW,Yaxel Lendeborg,Michigan,,,,,,,,,,,,,,,,,,no data yet (post-2024 draft class)
2026,12.0,12.0,OKC,Aday Mara,Michigan,,,,,,,,,,,,,,,,,,no data yet (post-2024 draft class)
2026,13.0,13.0,MIA,Nate Ament,Tennessee,,,,,,,,,,,,,,,,,,no data yet (post-2024 draft class)
2026,14.0,14.0,CHA,Hannes Steinbach,Washington,,,,,,,,,,,,,,,,,,no data yet (post-2024 draft class)
2026,15.0,15.0,CHI,Dailyn Swain,Texas,,,,,,,,,,,,,,,,,,no data yet (post-2024 draft class)
2026,16.0,16.0,MEM,Bennett Stirtz,Iowa,,,,,,,,,,,,,,,,,,no data yet (post-2024 draft class)
2026,17.0,17.0,OKC,Ebuka Okorie,Stanford,,,,,,,,,,,,,,,,,,no data yet (post-2024 draft class)
2026,18.0,18.0,CHA,Christian Anderson Jr.,Texas Tech,,,,,,,,,,,,,,,,,,no data yet (post-2024 draft class)
2026,19.0,19.0,TOR,Allen Graves,Santa Clara,,,,,,,,,,,,,,,,,,no data yet (post-2024 draft class)
2026,20.0,20.0,SAS,Jayden Quaintance,Kentucky,,,,,,,,,,,,,,,,,,no data yet (post-2024 draft class)
2026,21.0,21.0,DET,Karim López,,,,,,,,,,,,,,,,,,,no data yet (post-2024 draft class)
2026,22.0,22.0,PHI,Labaron Philon Jr.,Alabama,,,,,,,,,,,,,,,,,,no data yet (post-2024 draft class)
2026,23.0,23.0,ATL,Zuby Ejiofor,St. John's,,,,,,,,,,,,,,,,,,no data yet (post-2024 draft class)
2026,24.0,24.0,NYK,Cameron Carr,Baylor,,,,,,,,,,,,,,,,,,no data yet (post-2024 draft class)
2026,25.0,25.0,LAL,Sergio de Larrea,,,,,,,,,,,,,,,,,,,no data yet (post-2024 draft class)
2026,26.0,26.0,DEN,Tarris Reed Jr.,UConn,,,,,,,,,,,,,,,,,,no data yet (post-2024 draft class)
2026,27.0,27.0,BOS,Chris Cenac Jr.,Houston,,,,,,,,,,,,,,,,,,no data yet (post-2024 draft class)
2026,28.0,28.0,MIN,Joshua Jefferson,Iowa State,,,,,,,,,,,,,,,,,,no data yet (post-2024 draft class)
2026,29.0,29.0,CLE,Alex Karaban,UConn,,,,,,,,,,,,,,,,,,no data yet (post-2024 draft class)
2026,30.0,30.0,DAL,Koa Peat,Arizona,,,,,,,,,,,,,,,,,,no data yet (post-2024 draft class)
2026,31.0,31.0,NYK,Bruce Thornton,Ohio State,,,,,,,,,,,,,,,,,,no data yet (post-2024 draft class)
2026,32.0,32.0,MEM,Richie Saunders,BYU,,,,,,,,,,,,,,,,,,no data yet (post-2024 draft class)
2026,33.0,33.0,BRK,Isaiah Evans,Duke,,,,,,,,,,,,,,,,,,no data yet (post-2024 draft class)
2026,34.0,34.0,SAC,Meleek Thomas,Arkansas,,,,,,,,,,,,,,,,,,no data yet (post-2024 draft class)
2026,35.0,35.0,SAS,Trevon Brazile,Arkansas,,,,,,,,,,,,,,,,,,no data yet (post-2024 draft class)
2026,36.0,36.0,LAC,Baba Miller,Cincinnati,,,,,,,,,,,,,,,,,,no data yet (post-2024 draft class)
2026,37.0,37.0,OKC,Ryan Conwell,Louisville,,,,,,,,,,,,,,,,,,no data yet (post-2024 draft class)
2026,38.0,38.0,CHI,Braden Smith,Purdue,,,,,,,,,,,,,,,,,,no data yet (post-2024 draft class)
2026,39.0,39.0,HOU,Jack Kayil,,,,,,,,,,,,,,,,,,,no data yet (post-2024 draft class)
2026,40.0,40.0,BOS,Dillon Mitchell,St. John's,,,,,,,,,,,,,,,,,,no data yet (post-2024 draft class)
2026,41.0,41.0,MIA,Otega Oweh,Kentucky,,,,,,,,,,,,,,,,,,no data yet (post-2024 draft class)
2026,42.0,42.0,SAS,Ja'Kobi Gillespie,Tennessee,,,,,,,,,,,,,,,,,,no data yet (post-2024 draft class)
2026,43.0,43.0,BRK,Tyler Bilodeau,UCLA,,,,,,,,,,,,,,,,,,no data yet (post-2024 draft class)
2026,44.0,44.0,SAS,Maliq Brown,Duke,,,,,,,,,,,,,,,,,,no data yet (post-2024 draft class)
2026,45.0,45.0,SAC,Emanuel Sharp,Houston,,,,,,,,,,,,,,,,,,no data yet (post-2024 draft class)
2026,46.0,46.0,ORL,Felix Okpara,Tennessee,,,,,,,,,,,,,,,,,,no data yet (post-2024 draft class)
2026,47.0,47.0,PHO,Tyler Nickel,Vanderbilt,,,,,,,,,,,,,,,,,,no data yet (post-2024 draft class)
2026,48.0,48.0,DAL,Tobi Lawal,Virginia Tech,,,,,,,,,,,,,,,,,,no data yet (post-2024 draft class)
2026,49.0,49.0,DEN,Bryce Hopkins,St. John's,,,,,,,,,,,,,,,,,,no data yet (post-2024 draft class)
2026,50.0,50.0,TOR,Jaden Bradley,Arizona,,,,,,,,,,,,,,,,,,no data yet (post-2024 draft class)
2026,51.0,51.0,WAS,Izaiyah Nelson,South Florida,,,,,,,,,,,,,,,,,,no data yet (post-2024 draft class)
2026,52.0,52.0,LAC,Henri Veesaar,UNC,,,,,,,,,,,,,,,,,,no data yet (post-2024 draft class)
2026,53.0,53.0,HOU,Ugonna Onyenso,Virginia,,,,,,,,,,,,,,,,,,no data yet (post-2024 draft class)
2026,54.0,54.0,GSW,Lajae Jones,Florida State,,,,,,,,,,,,,,,,,,no data yet (post-2024 draft class)
2026,55.0,55.0,NYK,Nick Martinelli,Northwestern,,,,,,,,,,,,,,,,,,no data yet (post-2024 draft class)
2026,56.0,56.0,CHI,Vsevolod Ishchenko,,,,,,,,,,,,,,,,,,,no data yet (post-2024 draft class)
2026,57.0,57.0,ATL,Narcisse Ngoy,,,,,,,,,,,,,,,,,,,no data yet (post-2024 draft class)
2026,58.0,58.0,NOP,Jaron Pierre Jr.,SMU,,,,,,,,,,,,,,,,,,no data yet (post-2024 draft class)
2026,59.0,59.0,MIN,Trey Kaufman-Renn,Purdue,,,,,,,,,,,,,,,,,,no data yet (post-2024 draft class)
2026,60.0,60.0,WAS,Malique Lewis,,,,,,,,,,,,,,,,,,,no data yet (post-2024 draft class)
