personId,PlayerName,season_year,G,MP,FG,FGA,3P,3PA,FT,FTA,ORB,DRB,TRB,AST,STL,BLK,TOV,PF,PTS,SeasonStart,Age
1713,Vince Carter,2017-18,58,1025.9666666666667,114,283,57,165,28,37,18,130,148,69,42,26,36,96,313,2018,41.0
1713,Vince Carter,2018-19,76,1330.3833333333334,196,468,123,316,47,66,31,163,194,87,44,27,48,141,562,2019,42.0
1713,Vince Carter,2019-20,60,875.5666666666666,107,304,61,202,23,29,18,106,124,48,23,25,33,90,298,2020,43.0
1717,Dirk Nowitzki,2017-18,77,1900.35,346,758,138,337,97,108,22,416,438,120,43,45,51,146,927,2018,39.0
1717,Dirk Nowitzki,2018-19,51,795.1333333333333,135,376,64,205,39,50,5,153,158,35,9,18,18,76,373,2019,40.0
1891,Jason Terry,2017-18,51,813.6833333333333,59,154,40,115,8,9,5,43,48,59,42,13,25,52,166,2018,40.0
1938,Manu Ginobili,2017-18,65,1298.9166666666667,201,463,64,192,110,131,19,123,142,163,43,16,105,126,576,2018,40.0
2037,Jamal Crawford,2017-18,80,1653.2666666666667,308,742,104,314,102,113,21,78,99,185,40,9,95,85,822,2018,37.0
2037,Jamal Crawford,2018-19,64,1210.9166666666667,174,438,67,202,93,110,8,77,85,229,33,12,99,75,508,2019,38.0
2037,Jamal Crawford,2019-20,1,5.966666666666667,2,4,1,2,0,0,0,0,0,3,0,0,0,1,5,2020,39.0
2199,Tyson Chandler,2017-18,46,1150.7166666666667,121,187,0,0,58,93,134,284,418,53,16,27,59,106,300,2018,35.0
2199,Tyson Chandler,2018-19,55,874.8,61,99,0,1,51,87,92,215,307,37,21,23,42,110,173,2019,36.0
2199,Tyson Chandler,2019-20,26,219.21666666666667,14,18,0,0,6,13,25,41,66,6,6,8,8,32,34,2020,37.0
2200,Pau Gasol,2017-18,77,1811.9166666666667,287,627,43,120,158,209,129,490,619,238,24,79,108,121,775,2018,37.0
2200,Pau Gasol,2018-19,30,360.55,42,94,6,13,28,40,22,115,137,52,5,15,16,29,118,2019,38.0
2207,Joe Johnson,2017-18,55,1204.7666666666667,146,360,40,145,40,45,14,158,172,83,18,7,49,67,372,2018,36.0
2207,Joe Johnson,2021-22,1,1.95,1,1,0,0,0,0,0,0,0,0,0,0,0,0,2,2022,40.0
2210,Richard Jefferson,2017-18,20,163.38333333333333,12,27,2,7,4,7,2,15,17,15,2,1,5,11,30,2018,37.0
2216,Zach Randolph,2017-18,59,1507.6666666666667,361,763,51,147,84,107,97,300,397,127,42,10,116,119,857,2018,36.0
2225,Tony Parker,2017-18,55,1070.8833333333334,178,388,10,37,55,78,7,88,95,195,28,1,68,52,421,2018,35.0
2225,Tony Parker,2018-19,56,1002.8166666666666,213,463,13,51,91,124,14,69,83,207,21,7,75,53,530,2019,36.0
2403,Nene Hilario,2017-18,52,758.4,136,239,0,2,68,107,54,122,176,45,28,14,38,123,340,2018,35.0
2403,Nene Hilario,2018-19,42,545.8166666666667,60,116,0,3,31,47,34,89,123,26,18,15,11,87,151,2019,36.0
2544,LeBron James,2017-18,82,3025.6666666666665,857,1580,149,406,388,531,97,612,709,747,116,71,347,136,2251,2018,33.0
2544,LeBron James,2018-19,55,1937.4333333333334,558,1095,111,327,278,418,57,408,465,454,72,33,197,94,1505,2019,34.0
2544,LeBron James,2019-20,67,2316.3,643,1303,148,425,264,381,66,459,525,684,78,36,261,118,1698,2020,35.0
2544,LeBron James,2020-21,45,1503.7166666666667,422,823,104,285,178,255,29,317,346,350,48,25,168,70,1126,2021,36.0
2544,LeBron James,2021-22,56,2084.366666666667,640,1221,161,448,254,336,63,396,459,349,73,59,196,121,1695,2022,37.0
2544,LeBron James,2022-23,55,1953.9333333333334,609,1219,121,377,251,327,65,392,457,375,50,32,178,88,1590,2023,38.0
2544,LeBron James,2023-24,71,2503.75,685,1269,149,363,303,404,61,457,518,589,89,38,245,78,1822,2024,39.0
2546,Carmelo Anthony,2017-18,78,2501.15,472,1168,169,474,148,193,67,386,453,103,47,49,99,197,1261,2018,33.0
2546,Carmelo Anthony,2018-19,10,294.15,49,121,21,64,15,22,9,45,54,5,4,7,8,32,134,2019,34.0
2546,Carmelo Anthony,2019-20,58,1902.05,336,782,87,226,136,161,71,297,368,85,49,27,100,171,895,2020,35.0
2546,Carmelo Anthony,2020-21,69,1690.15,327,777,133,325,137,154,32,182,214,104,46,38,61,144,924,2021,36.0
2546,Carmelo Anthony,2021-22,69,1793.2333333333333,319,723,149,397,132,159,62,226,288,68,47,52,59,166,919,2022,37.0
2548,Dwyane Wade,2017-18,67,1536.1333333333334,299,682,32,111,135,189,50,202,252,228,61,47,140,124,765,2018,36.0
2548,Dwyane Wade,2018-19,72,1885.25,416,960,86,261,165,233,69,216,285,301,59,38,166,118,1083,2019,37.0
2555,Nick Collison,2017-18,15,74.81666666666666,13,19,0,0,5,13,7,13,20,4,0,0,7,7,31,2018,37.0
2561,David West,2017-18,73,998.7,216,378,3,8,60,79,64,174,238,138,47,75,80,120,495,2018,37.0
2570,Kendrick Perkins,2017-18,1,14.533333333333333,1,2,0,0,1,2,0,1,1,2,1,0,1,1,3,2018,33.0
2585,Zaza Pachulia,2017-18,69,971.75,149,264,0,1,75,93,89,232,321,109,38,17,72,122,373,2018,33.0
2585,Zaza Pachulia,2018-19,68,878.1666666666666,85,193,0,4,97,124,99,166,265,91,31,17,57,151,267,2019,34.0
2594,Kyle Korver,2017-18,73,1573.8833333333334,222,484,164,376,64,72,9,156,165,88,31,27,55,130,672,2018,36.0
2594,Kyle Korver,2018-19,70,1333.9,201,483,138,348,60,73,9,153,162,81,25,12,59,106,600,2019,37.0
2594,Kyle Korver,2019-20,58,960.0,126,293,99,237,35,41,15,107,122,68,26,12,48,78,386,2020,38.0
2617,Udonis Haslem,2017-18,14,71.66666666666667,3,15,1,8,1,2,3,7,10,5,0,2,2,3,8,2018,37.0
2617,Udonis Haslem,2018-19,10,74.5,11,33,0,12,3,4,3,24,27,2,0,0,3,9,25,2019,38.0
2617,Udonis Haslem,2019-20,4,44.13333333333333,4,11,1,3,3,4,1,15,16,1,0,0,1,6,12,2020,39.0
2617,Udonis Haslem,2020-21,1,2.6666666666666665,2,2,0,0,0,0,0,1,1,0,0,0,0,0,4,2021,40.0
2617,Udonis Haslem,2021-22,13,83.21666666666667,14,31,1,4,3,3,4,21,25,4,1,1,5,15,32,2022,41.0
2617,Udonis Haslem,2022-23,7,72.11666666666666,10,29,3,9,4,5,4,7,11,0,1,2,1,11,27,2023,42.0
2730,Dwight Howard,2017-18,81,2463.4166666666665,506,911,1,7,334,582,255,757,1012,105,48,131,208,249,1347,2018,32.0
2730,Dwight Howard,2018-19,9,229.53333333333333,43,69,0,0,29,48,24,59,83,4,7,4,16,34,115,2019,33.0
2730,Dwight Howard,2019-20,69,1305.7,202,277,3,5,110,214,172,335,507,45,31,79,84,222,517,2020,34.0
2730,Dwight Howard,2020-21,69,1195.5166666666667,178,303,5,20,121,210,190,390,580,61,30,62,112,200,482,2021,35.0
2730,Dwight Howard,2021-22,60,970.7333333333333,134,219,8,15,96,146,118,238,356,35,34,36,47,115,372,2022,36.0
2731,Emeka Okafor,2017-18,26,353.23333333333335,48,95,0,0,18,22,47,73,120,8,8,25,13,30,114,2018,35.0
2733,Shaun Livingston,2017-18,71,1129.3333333333333,172,343,0,5,50,61,32,99,131,140,35,21,58,117,394,2018,32.0
2733,Shaun Livingston,2018-19,64,966.9166666666666,109,210,0,2,40,51,42,75,117,114,31,27,38,74,258,2019,33.0
2734,Devin Harris,2017-18,71,1339.5333333333333,187,454,79,227,142,170,12,115,127,152,47,12,76,158,595,2018,34.0
2734,Devin Harris,2018-19,68,1070.5833333333333,132,347,62,200,102,134,12,100,112,122,35,16,56,133,428,2019,35.0
2736,Luol Deng,2017-18,1,13.133333333333333,1,2,0,0,0,0,0,0,0,1,1,0,1,0,2,2018,32.0
2736,Luol Deng,2018-19,22,392.23333333333335,59,118,14,44,25,35,20,53,73,18,15,8,14,24,157,2019,33.0
2738,Andre Iguodala,2017-18,64,1622.4666666666667,148,320,33,117,55,87,50,196,246,210,54,38,67,99,384,2018,34.0
2738,Andre Iguodala,2018-19,68,1577.9,151,302,48,144,39,67,48,204,252,216,61,51,52,95,389,2019,35.0
2738,Andre Iguodala,2019-20,21,418.18333333333334,38,88,14,47,6,15,17,61,78,51,14,21,26,35,96,2020,36.0
2738,Andre Iguodala,2020-21,63,1338.9333333333334,95,248,60,182,25,38,38,183,221,142,57,35,67,90,275,2021,37.0
2738,Andre Iguodala,2021-22,31,602.8,46,121,17,74,15,20,21,79,100,114,27,22,28,34,124,2022,38.0
2738,Andre Iguodala,2022-23,8,112.56666666666666,7,15,1,9,2,3,3,14,17,19,4,3,9,11,17,2023,39.0
2744,Al Jefferson,2017-18,36,483.5833333333333,111,208,0,3,30,36,30,113,143,30,16,23,21,66,252,2018,33.0
2746,Josh Smith,2017-18,3,11.833333333333332,1,4,0,0,0,0,3,1,4,0,0,0,0,3,2,2018,32.0
2749,Jameer Nelson,2017-18,50,1013.1666666666666,95,244,41,124,16,20,13,91,104,179,27,4,67,81,247,2018,35.0
2754,Tony Allen,2017-18,22,272.56666666666666,44,91,4,12,11,21,20,27,47,9,11,3,19,49,103,2018,36.0
2760,Anderson Varejao,2020-21,5,35.93333333333334,4,16,0,1,5,9,7,13,20,3,0,2,1,3,13,2021,38.0
2772,Trevor Ariza,2017-18,67,2269.2166666666667,268,651,170,462,76,89,33,261,294,105,98,13,52,132,782,2018,32.0
2772,Trevor Ariza,2018-19,69,2348.8333333333335,294,736,145,434,130,164,50,321,371,252,91,21,106,130,863,2019,33.0
2772,Trevor Ariza,2019-20,53,1492.3,142,324,77,207,62,74,34,212,246,91,69,15,56,111,423,2020,34.0
2772,Trevor Ariza,2020-21,30,840.9666666666667,99,241,50,143,34,44,27,117,144,55,31,18,21,55,282,2021,35.0
2772,Trevor Ariza,2021-22,24,462.3,33,99,20,74,10,18,10,72,82,27,13,6,11,20,96,2022,36.0
2863,Damien Wilkins,2017-18,19,152.41666666666666,13,39,4,18,3,4,5,11,16,9,2,1,5,7,33,2018,38.0
101106,Andrew Bogut,2017-18,24,216.4,17,25,0,0,2,2,26,52,78,15,4,13,19,40,36,2018,33.0
101106,Andrew Bogut,2018-19,11,134.36666666666667,18,36,0,0,3,3,12,43,55,11,3,8,8,22,39,2019,34.0
101107,Marvin Williams,2017-18,78,2005.85,258,563,126,305,102,123,74,296,370,96,56,38,66,116,744,2018,31.0
101107,Marvin Williams,2018-19,75,2133.266666666667,275,652,140,382,66,86,76,331,407,92,71,61,47,156,756,2019,32.0
101107,Marvin Williams,2019-20,58,1128.9333333333334,119,267,56,156,49,57,30,153,183,60,36,30,33,103,343,2020,33.0
101108,Chris Paul,2017-18,58,1846.5666666666666,367,798,144,379,203,221,37,276,313,457,96,14,128,141,1081,2018,32.0
101108,Chris Paul,2018-19,58,1856.8,302,720,127,355,175,203,36,229,265,473,114,18,152,146,906,2019,33.0
101108,Chris Paul,2019-20,70,2207.85,434,887,111,304,253,279,26,323,349,472,111,11,161,158,1232,2020,34.0
101108,Chris Paul,2020-21,70,2199.5333333333333,439,879,102,258,169,181,25,287,312,622,99,19,156,166,1149,2021,35.0
101108,Chris Paul,2021-22,65,2138.95,363,736,63,199,169,202,22,261,283,702,121,20,153,134,958,2022,36.0
101108,Chris Paul,2022-23,59,1888.6166666666666,294,668,98,261,133,160,27,224,251,524,91,22,114,126,819,2023,37.0
101108,Chris Paul,2023-24,58,1530.8833333333332,206,467,78,210,43,52,18,207,225,393,70,6,76,108,533,2024,38.0
101109,Raymond Felton,2017-18,82,1364.75,224,552,81,230,36,44,25,131,156,203,49,16,76,91,565,2018,33.0
101109,Raymond Felton,2018-19,33,379.3666666666667,55,135,20,61,12,13,4,30,34,52,10,6,14,29,142,2019,34.0
101112,Channing Frye,2017-18,53,694.8666666666667,104,212,39,115,17,19,12,123,135,38,18,13,21,69,264,2018,34.0
101112,Channing Frye,2018-19,36,341.0,43,117,32,79,11,14,4,48,52,20,6,5,13,44,129,2019,35.0
101123,Gerald Green,2017-18,41,929.15,168,413,110,298,51,60,15,118,133,25,24,15,31,87,497,2018,32.0
101123,Gerald Green,2018-19,73,1472.9833333333333,231,578,156,441,57,68,30,152,182,40,33,27,55,126,675,2019,33.0
101127,Jarrett Jack,2017-18,62,1547.5833333333333,189,443,25,86,63,75,22,169,191,348,35,4,115,98,466,2018,34.0
101133,Ian Mahinmi,2017-18,77,1145.3166666666666,138,248,0,2,90,128,135,177,312,53,38,42,100,230,366,2018,31.0
101133,Ian Mahinmi,2018-19,34,497.75,47,104,3,16,42,61,48,80,128,25,25,16,21,84,139,2019,32.0
101133,Ian Mahinmi,2019-20,38,807.8166666666667,104,210,5,26,70,113,78,140,218,49,31,44,45,114,283,2020,33.0
101141,Ersan Ilyasova,2017-18,69,1729.6666666666667,277,613,91,253,105,135,118,287,405,90,61,26,72,157,750,2018,30.0
101141,Ersan Ilyasova,2018-19,67,1231.3,167,381,58,160,61,74,94,208,302,52,32,20,48,172,453,2019,31.0
101141,Ersan Ilyasova,2019-20,63,986.3666666666667,146,313,50,137,72,87,62,240,302,49,24,17,34,95,414,2020,32.0
101141,Ersan Ilyasova,2020-21,17,147.53333333333333,21,54,18,41,5,5,7,22,29,4,10,3,8,29,65,2021,33.0
101150,Lou Williams,2017-18,79,2589.15,582,1337,186,518,432,491,40,158,198,417,85,19,234,106,1782,2018,31.0
101150,Lou Williams,2018-19,75,1992.65,484,1138,105,291,425,485,40,182,222,402,57,11,181,80,1498,2019,32.0
101150,Lou Williams,2019-20,65,1863.7833333333333,391,936,111,315,292,339,31,170,201,365,43,12,182,80,1185,2020,33.0
101150,Lou Williams,2020-21,66,1422.9666666666667,265,646,69,173,150,173,21,117,138,225,47,6,108,62,749,2021,34.0
101150,Lou Williams,2021-22,56,798.8833333333333,125,320,37,102,67,78,16,71,87,105,28,3,43,48,354,2022,35.0
101161,Amir Johnson,2017-18,74,1170.3166666666666,140,260,10,32,52,85,123,207,330,118,45,44,55,192,342,2018,30.0
101161,Amir Johnson,2018-19,51,529.1666666666666,79,157,12,40,31,41,47,100,147,60,16,13,45,99,201,2019,31.0
101162,Marcin Gortat,2017-18,82,2074.483333333333,290,560,0,0,110,163,181,442,623,151,40,61,99,175,690,2018,33.0
101162,Marcin Gortat,2018-19,47,750.4666666666667,99,186,0,0,35,48,67,194,261,65,6,24,50,92,233,2019,34.0
101181,Jose Calderon,2017-18,57,914.3,93,185,45,97,24,30,14,70,84,117,27,2,41,81,255,2018,36.0
101181,Jose Calderon,2018-19,49,631.95,45,120,14,57,9,11,11,49,60,115,16,3,35,64,113,2019,37.0
200746,LaMarcus Aldridge,2017-18,75,2508.616666666667,687,1347,27,92,334,399,246,389,635,152,43,90,111,161,1735,2018,32.0
200746,LaMarcus Aldridge,2018-19,81,2686.6666666666665,684,1319,10,42,349,412,251,493,744,194,43,107,144,179,1727,2019,33.0
200746,LaMarcus Aldridge,2019-20,53,1753.9333333333334,391,793,61,157,158,191,103,289,392,129,36,87,74,128,1001,2020,34.0
200746,LaMarcus Aldridge,2020-21,26,674.3833333333333,140,296,31,80,41,47,19,99,118,49,11,29,27,47,352,2021,35.0
200746,LaMarcus Aldridge,2021-22,47,1050.1,252,458,14,46,89,102,73,185,258,42,14,47,44,78,607,2022,36.0
200752,Rudy Gay,2017-18,57,1231.1666666666667,253,537,37,118,112,145,76,215,291,73,46,38,78,98,655,2018,31.0
200752,Rudy Gay,2018-19,69,1842.3166666666666,376,746,74,184,120,147,63,407,470,182,54,34,114,159,946,2019,32.0
200752,Rudy Gay,2019-20,67,1460.6,266,596,74,220,120,136,61,301,362,114,35,33,88,103,726,2020,33.0
200752,Rudy Gay,2020-21,63,1357.6666666666667,264,628,106,278,82,102,42,261,303,88,45,40,65,115,716,2021,34.0
200752,Rudy Gay,2021-22,55,1038.25,157,379,70,203,62,79,55,187,242,56,25,19,47,95,446,2022,35.0
200752,Rudy Gay,2022-23,56,815.5833333333334,109,288,33,131,42,49,33,130,163,57,19,18,37,68,293,2023,36.0
200757,Thabo Sefolosha,2017-18,38,805.6,118,240,32,84,44,54,29,132,161,33,52,12,30,59,312,2018,33.0
200757,Thabo Sefolosha,2018-19,50,608.65,71,149,34,78,14,22,8,115,123,27,43,5,25,41,190,2019,34.0
200757,Thabo Sefolosha,2019-20,41,435.85,37,91,15,54,3,8,21,72,93,25,24,12,15,43,92,2020,35.0
200765,Rajon Rondo,2017-18,65,1704.95,231,494,50,150,25,46,31,232,263,533,70,10,151,119,537,2018,31.0
200765,Rajon Rondo,2018-19,46,1368.6,175,432,51,142,23,36,34,209,243,367,57,7,127,100,424,2019,32.0
200765,Rajon Rondo,2019-20,48,984.25,137,328,41,125,27,41,23,119,142,240,40,2,91,58,342,2020,33.0
200765,Rajon Rondo,2020-21,45,769.3333333333334,95,215,36,89,16,17,18,92,110,199,37,4,79,53,242,2021,34.0
200765,Rajon Rondo,2021-22,39,697.9333333333333,68,176,31,88,19,26,15,93,108,170,30,6,68,56,186,2022,35.0
200768,Kyle Lowry,2017-18,78,2509.633333333333,403,944,238,596,223,261,66,368,434,537,85,19,183,192,1267,2018,31.0
200768,Kyle Lowry,2018-19,65,2213.3,304,739,157,453,161,194,41,271,312,564,91,31,182,166,926,2019,32.0
200768,Kyle Lowry,2019-20,58,2098.3333333333335,334,803,164,466,294,343,32,260,292,433,82,26,178,190,1126,2020,33.0
200768,Kyle Lowry,2020-21,46,1601.5166666666667,260,596,131,331,140,160,35,212,247,338,45,14,126,143,791,2021,34.0
200768,Kyle Lowry,2021-22,63,2133.1666666666665,276,627,144,382,148,174,33,249,282,474,67,17,168,177,844,2022,35.0
200768,Kyle Lowry,2022-23,55,1717.7333333333333,196,485,107,310,116,135,43,182,225,281,57,21,103,143,615,2023,36.0
200768,Kyle Lowry,2023-24,60,1689.8,163,377,98,250,63,75,34,160,194,253,59,21,85,146,487,2024,37.0
200782,P.J. Tucker,2017-18,82,2281.2,172,441,115,310,43,60,93,364,457,77,78,26,74,205,502,2018,32.0
200782,P.J. Tucker,2018-19,82,2802.133333333333,207,523,146,387,41,59,121,358,479,96,132,39,63,252,601,2019,33.0
200782,P.J. Tucker,2019-20,72,2467.233333333333,177,426,107,299,39,48,112,364,476,115,77,36,72,229,500,2020,34.0
200782,P.J. Tucker,2020-21,52,1355.6333333333332,66,177,40,119,21,28,51,153,204,61,39,20,40,125,193,2021,35.0
200782,P.J. Tucker,2021-22,71,1980.7666666666667,207,428,80,193,45,61,100,287,387,149,58,15,66,161,539,2022,36.0
200782,P.J. Tucker,2022-23,75,1920.1,96,225,55,140,19,23,95,200,295,60,39,15,44,180,266,2023,37.0
200782,P.J. Tucker,2023-24,31,486.3333333333333,18,50,13,35,3,3,28,57,85,16,16,7,8,54,52,2024,38.0
200794,Paul Millsap,2017-18,38,1143.45,202,435,39,113,112,161,65,180,245,105,39,44,73,99,555,2018,32.0
200794,Paul Millsap,2018-19,70,1894.55,322,665,58,159,181,249,153,352,505,141,83,54,95,183,883,2019,33.0
200794,Paul Millsap,2019-20,51,1239.95,211,438,54,124,115,141,98,195,293,83,44,30,70,150,591,2020,34.0
200794,Paul Millsap,2020-21,56,1162.3,191,401,49,143,71,98,76,186,262,98,51,36,51,111,502,2021,35.0
200794,Paul Millsap,2021-22,33,375.73333333333335,45,115,8,35,17,24,41,73,114,29,10,13,19,67,115,2022,36.0
200826,J.J. Barea,2017-18,69,1603.3333333333333,303,690,115,313,80,102,15,186,201,434,35,3,143,83,801,2018,33.0
200826,J.J. Barea,2018-19,38,751.8333333333334,161,385,38,128,55,78,13,82,95,211,22,1,72,50,415,2019,34.0
200826,J.J. Barea,2019-20,29,449.68333333333334,85,207,32,85,20,22,10,43,53,112,5,2,38,27,222,2020,35.0
201142,Kevin Durant,2017-18,68,2325.1,630,1222,173,413,359,404,31,433,464,366,50,119,207,133,1792,2018,29.0
201142,Kevin Durant,2018-19,78,2701.5333333333333,721,1383,137,388,448,506,33,464,497,457,58,84,225,155,2027,2019,30.0
201142,Kevin Durant,2020-21,35,1156.7666666666667,324,603,85,189,210,238,13,234,247,195,25,45,120,70,943,2021,32.0
201142,Kevin Durant,2021-22,55,2047.4,578,1115,115,300,372,409,29,378,407,351,48,52,191,113,1643,2022,33.0
201142,Kevin Durant,2022-23,47,1671.7333333333333,483,862,93,230,307,334,17,296,313,235,34,67,156,99,1366,2023,34.0
201142,Kevin Durant,2023-24,75,2790.6,751,1436,168,407,362,423,41,454,495,378,69,91,244,133,2032,2024,35.0
201143,Al Horford,2017-18,72,2277.0833333333335,368,753,97,226,94,120,103,428,531,339,43,78,132,138,927,2018,31.0
201143,Al Horford,2018-19,68,1972.6666666666667,387,723,73,203,78,95,120,338,458,283,59,86,102,126,925,2019,32.0
201143,Al Horford,2019-20,67,2025.5833333333333,319,709,99,283,61,80,103,353,456,270,52,61,80,142,798,2020,33.0
201143,Al Horford,2020-21,28,781.7666666666667,162,360,56,152,18,22,29,159,188,94,25,26,29,48,398,2021,34.0
201143,Al Horford,2021-22,69,2004.8333333333333,266,569,89,265,80,95,108,422,530,232,49,92,65,130,701,2022,35.0
201143,Al Horford,2022-23,63,1921.4,228,479,145,325,15,21,73,317,390,189,30,61,37,121,616,2023,36.0
201143,Al Horford,2023-24,65,1739.8166666666666,214,419,108,258,26,30,82,331,413,168,38,62,48,93,562,2024,37.0
201144,Mike Conley,2017-18,12,373.23333333333335,64,168,24,77,53,66,0,27,27,49,12,3,18,24,205,2018,30.0
201144,Mike Conley,2018-19,70,2341.8166666666666,490,1120,155,426,343,406,40,199,239,449,94,22,130,123,1478,2019,31.0
201144,Mike Conley,2019-20,47,1363.3,232,567,96,256,115,139,33,118,151,208,36,5,92,104,675,2020,32.0
201144,Mike Conley,2020-21,51,1497.6333333333332,284,640,138,335,121,142,36,141,177,305,70,9,99,98,827,2021,33.0
201144,Mike Conley,2021-22,72,2058.116666666667,344,791,169,414,129,162,47,170,217,385,96,21,123,142,986,2022,34.0
201144,Mike Conley,2022-23,67,2028.0666666666666,261,610,135,351,141,169,33,149,182,450,73,14,103,139,798,2023,35.0
201144,Mike Conley,2023-24,76,2193.4666666666667,294,644,179,405,102,112,37,181,218,449,88,17,102,128,869,2024,36.0
201145,Jeff Green,2017-18,78,1827.8666666666666,295,618,53,170,203,234,60,186,246,99,41,34,75,149,846,2018,31.0
201145,Jeff Green,2018-19,77,2096.6833333333334,326,687,111,320,183,206,57,252,309,137,43,39,101,160,946,2019,32.0
201145,Jeff Green,2019-20,48,960.1,159,344,62,183,73,91,24,109,133,50,26,19,42,89,453,2020,33.0
201145,Jeff Green,2020-21,68,1835.2,261,530,103,250,125,161,34,229,263,108,36,27,54,122,750,2021,34.0
201145,Jeff Green,2021-22,75,1848.9666666666667,277,529,53,168,165,198,41,190,231,96,28,27,71,151,772,2022,35.0
201145,Jeff Green,2022-23,56,1091.1166666666668,160,328,30,104,87,117,38,106,144,69,18,17,46,99,437,2023,36.0
201145,Jeff Green,2023-24,78,1307.3666666666668,167,366,53,160,122,149,46,132,178,70,16,31,46,100,509,2024,37.0
201147,Corey Brewer,2017-18,72,1208.5333333333333,142,316,31,110,65,90,43,111,154,65,79,14,49,139,380,2018,31.0
201147,Corey Brewer,2018-19,31,491.56666666666666,53,123,14,44,31,43,26,50,76,39,32,7,19,63,151,2019,32.0
201147,Corey Brewer,2019-20,5,32.550000000000004,2,4,0,1,1,3,2,6,8,2,4,0,2,7,5,2020,33.0
201148,Brandan Wright,2017-18,28,380.8666666666667,59,102,0,0,21,33,33,62,95,13,13,26,8,32,139,2018,30.0
201149,Joakim Noah,2017-18,7,40.15,5,10,0,0,2,4,6,8,14,4,2,2,4,5,12,2018,32.0
201149,Joakim Noah,2018-19,42,692.5333333333333,110,213,0,1,78,109,58,180,238,89,20,31,50,96,298,2019,33.0
201149,Joakim Noah,2019-20,5,50.16666666666667,4,8,0,0,6,8,5,11,16,7,1,1,6,9,14,2020,34.0
201152,Thaddeus Young,2017-18,81,2607.1,421,864,58,181,55,92,184,328,512,152,135,36,105,175,955,2018,29.0
201152,Thaddeus Young,2018-19,81,2488.9,443,841,51,146,87,135,192,331,523,204,123,36,123,194,1024,2019,30.0
201152,Thaddeus Young,2019-20,64,1590.65,269,601,79,222,42,72,94,221,315,117,92,23,102,134,659,2020,31.0
201152,Thaddeus Young,2020-21,68,1652.2166666666667,370,662,12,45,71,113,168,255,423,291,74,40,137,152,823,2021,32.0
201152,Thaddeus Young,2021-22,52,845.2166666666667,141,272,17,48,23,49,80,128,208,104,54,18,52,81,322,2022,33.0
201152,Thaddeus Young,2022-23,54,795.4833333333333,108,198,6,34,18,26,71,95,166,75,54,5,42,88,240,2023,34.0
201152,Thaddeus Young,2023-24,33,439.51666666666665,65,108,1,7,6,15,46,57,103,57,23,5,15,49,137,2024,35.0
201156,Nick Young,2017-18,80,1393.1833333333334,201,488,123,326,56,65,20,105,125,36,38,7,39,100,581,2018,32.0
201156,Nick Young,2018-19,4,37.13333333333333,3,9,3,8,0,0,0,1,1,2,0,1,2,4,9,2019,33.0
201158,Marco Belinelli,2017-18,80,1946.7166666666667,337,764,149,395,148,163,20,131,151,148,66,12,94,91,971,2018,31.0
201158,Marco Belinelli,2018-19,79,1815.3666666666666,285,690,147,395,112,124,16,182,198,132,35,8,72,121,829,2019,32.0
201158,Marco Belinelli,2019-20,57,883.4166666666666,123,314,67,178,48,58,7,92,99,69,12,1,19,45,361,2020,33.0
201160,Jason Smith,2017-18,33,284.75,45,115,4,32,19,21,18,35,53,14,3,13,16,44,113,2018,31.0
201160,Jason Smith,2018-19,20,190.51666666666668,21,59,9,26,14,16,16,36,52,14,3,7,13,30,65,2019,32.0
201162,Jared Dudley,2017-18,48,686.5,48,122,29,80,27,35,8,86,94,78,24,11,28,85,152,2018,32.0
201162,Jared Dudley,2018-19,59,1219.65,101,239,53,151,32,46,34,121,155,83,36,16,43,131,287,2019,33.0
201162,Jared Dudley,2019-20,45,363.56666666666666,24,60,18,42,2,2,6,46,52,28,15,3,8,41,68,2020,34.0
201162,Jared Dudley,2020-21,12,80.65,2,9,2,6,0,0,4,17,21,5,1,1,2,7,6,2021,35.0
201163,Wilson Chandler,2017-18,74,2346.2999999999997,281,631,88,246,88,114,102,296,398,159,43,39,92,156,738,2018,30.0
201163,Wilson Chandler,2018-19,51,1176.3166666666666,114,273,59,158,18,25,48,167,215,82,25,21,46,123,305,2019,31.0
201163,Wilson Chandler,2019-20,35,734.0833333333334,74,183,37,121,20,23,11,134,145,39,16,12,34,79,205,2020,32.0
201166,Aaron Brooks,2017-18,32,189.39999999999998,28,69,11,31,8,11,7,10,17,20,6,0,11,28,75,2018,33.0
201167,Arron Afflalo,2017-18,53,681.5833333333334,65,162,27,70,22,26,4,62,66,30,4,9,21,56,179,2018,32.0
201177,Josh McRoberts,2017-18,2,5.75,0,1,0,1,0,0,0,0,0,0,0,0,0,2,0,2018,30.0
201188,Marc Gasol,2017-18,73,2408.35,434,1033,109,320,281,337,78,514,592,305,54,101,194,185,1258,2018,33.0
201188,Marc Gasol,2018-19,79,2436.0,390,870,99,273,192,253,80,547,627,349,84,86,155,217,1071,2019,34.0
201188,Marc Gasol,2019-20,44,1161.15,119,279,57,148,36,49,31,244,275,147,34,38,59,124,331,2020,35.0
201188,Marc Gasol,2020-21,52,993.1166666666667,88,194,50,122,36,50,38,177,215,109,26,58,53,115,262,2021,36.0
201196,Ramon Sessions,2017-18,28,392.45,42,117,8,26,44,57,6,32,38,77,14,2,30,29,136,2018,31.0
201229,Anthony Tolliver,2017-18,79,1757.05,219,472,159,365,106,133,50,191,241,90,32,21,58,144,703,2018,32.0
201229,Anthony Tolliver,2018-19,65,1079.3666666666666,99,259,81,215,47,60,15,162,177,46,17,21,36,91,326,2019,33.0
201229,Anthony Tolliver,2019-20,55,871.9166666666666,65,182,49,145,21,29,34,120,154,42,19,11,34,74,200,2020,34.0
201229,Anthony Tolliver,2020-21,11,98.96666666666667,4,17,4,14,5,6,3,7,10,2,3,2,3,7,17,2021,35.0
201563,Michael Beasley,2017-18,74,1653.4666666666667,409,807,34,86,124,159,97,317,414,123,36,43,143,145,976,2018,29.0
201563,Michael Beasley,2018-19,26,277.48333333333335,75,153,3,17,28,39,13,47,60,25,9,10,27,42,181,2019,30.0
201565,Derrick Rose,2017-18,25,419.25,81,186,7,30,40,46,13,22,35,37,7,4,35,16,209,2018,29.0
201565,Derrick Rose,2018-19,51,1392.1833333333334,363,753,54,146,137,160,33,107,140,220,31,12,82,57,917,2019,30.0
201565,Derrick Rose,2019-20,50,1297.6833333333334,369,753,45,147,121,139,27,94,121,278,40,16,126,49,904,2020,31.0
201565,Derrick Rose,2020-21,50,1278.85,287,611,50,129,110,127,20,110,130,209,49,19,78,56,734,2021,32.0
201565,Derrick Rose,2021-22,26,635.8833333333333,122,274,37,92,30,31,21,57,78,103,22,12,39,15,311,2022,33.0
201565,Derrick Rose,2022-23,27,337.8666666666667,61,159,19,63,11,12,8,32,40,46,7,5,22,18,152,2023,34.0
201565,Derrick Rose,2023-24,24,399.3333333333333,76,165,15,41,24,27,7,38,45,78,8,2,31,21,191,2024,35.0
201566,Russell Westbrook,2017-18,80,2913.6666666666665,757,1687,97,326,417,566,152,652,804,820,147,20,381,200,2028,2018,29.0
201566,Russell Westbrook,2018-19,73,2629.4666666666667,630,1473,119,411,296,451,109,698,807,784,142,33,325,245,1675,2019,30.0
201566,Russell Westbrook,2019-20,57,2049.1833333333334,604,1281,55,213,290,380,100,351,451,401,93,20,255,200,1553,2020,31.0
201566,Russell Westbrook,2020-21,65,2368.8333333333335,544,1238,86,273,271,413,109,641,750,763,89,23,312,190,1445,2021,32.0
201566,Russell Westbrook,2021-22,78,2677.883333333333,548,1233,79,265,266,399,110,470,580,550,75,20,295,235,1441,2022,33.0
201566,Russell Westbrook,2022-23,73,2125.85,432,991,89,286,206,314,89,334,423,551,76,33,255,162,1159,2023,34.0
201566,Russell Westbrook,2023-24,68,1528.8333333333333,301,663,42,154,110,160,93,250,343,306,74,23,144,121,754,2024,35.0
201567,Kevin Love,2017-18,59,1651.05,334,729,137,330,234,266,101,445,546,103,43,24,90,120,1039,2018,29.0
201567,Kevin Love,2018-19,22,597.9333333333334,109,283,53,147,103,114,33,206,239,48,6,5,42,54,374,2019,30.0
201567,Kevin Love,2019-20,56,1779.9333333333334,327,727,146,390,187,219,54,493,547,178,33,19,140,90,987,2020,31.0
201567,Kevin Love,2020-21,25,622.1666666666666,103,252,57,156,42,51,17,169,186,63,16,2,38,26,305,2021,32.0
201567,Kevin Love,2021-22,74,1664.8666666666666,327,761,187,477,166,198,87,449,536,160,26,18,98,101,1007,2022,33.0
201567,Kevin Love,2022-23,62,1239.4833333333333,165,424,99,296,80,91,59,340,399,116,16,12,70,97,509,2023,34.0
201567,Kevin Love,2023-24,55,924.3,158,359,84,244,85,108,59,279,338,115,18,10,48,97,485,2024,35.0
201568,Danilo Gallinari,2017-18,21,671.0666666666666,102,256,36,111,81,87,9,92,101,41,13,10,26,30,321,2018,29.0
201568,Danilo Gallinari,2018-19,68,2059.2166666666667,409,884,161,372,367,406,54,363,417,178,49,23,99,129,1346,2019,30.0
201568,Danilo Gallinari,2019-20,62,1833.9333333333334,358,817,178,439,266,298,34,288,322,119,42,5,76,75,1160,2020,31.0
201568,Danilo Gallinari,2020-21,51,1221.8833333333334,206,475,103,254,161,174,17,194,211,76,30,10,43,105,676,2021,32.0
201568,Danilo Gallinari,2021-22,66,1672.0666666666666,259,597,112,294,141,156,35,273,308,101,28,12,38,93,771,2022,33.0
201568,Danilo Gallinari,2023-24,49,629.3,83,190,30,93,84,98,20,88,108,55,14,6,23,50,280,2024,35.0
201569,Eric Gordon,2017-18,69,2153.9833333333336,415,970,218,608,195,241,25,145,170,154,44,27,130,116,1243,2018,29.0
201569,Eric Gordon,2018-19,68,2158.016666666667,384,938,216,600,119,152,17,131,148,129,41,27,90,143,1103,2019,30.0
201569,Eric Gordon,2019-20,36,1016.2,171,463,96,303,82,107,9,62,71,54,23,13,43,70,520,2020,31.0
201569,Eric Gordon,2020-21,27,788.7166666666667,159,367,69,210,94,114,8,50,58,71,14,13,51,44,481,2021,32.0
201569,Eric Gordon,2021-22,57,1669.55,268,564,124,301,105,135,15,98,113,154,28,18,107,63,765,2022,33.0
201569,Eric Gordon,2022-23,69,1965.5166666666667,291,653,132,356,142,173,16,118,134,183,43,25,104,78,856,2023,34.0
201569,Eric Gordon,2023-24,68,1892.65,274,618,150,397,51,64,16,106,122,139,66,30,73,79,749,2024,35.0
201571,D.J. Augustin,2017-18,75,1760.0666666666666,244,540,114,272,164,189,30,130,160,287,54,0,123,94,766,2018,30.0
201571,D.J. Augustin,2018-19,81,2269.0,318,677,131,311,181,209,41,162,203,426,52,4,128,115,948,2019,31.0
201571,D.J. Augustin,2019-20,57,1420.4,184,461,70,201,161,181,22,100,122,262,34,1,86,72,599,2020,32.0
201571,D.J. Augustin,2020-21,57,1128.85,135,343,83,217,85,94,20,74,94,188,28,1,65,56,438,2021,33.0
201571,D.J. Augustin,2021-22,55,883.2666666666667,94,222,68,164,38,43,11,57,68,107,17,1,56,39,294,2022,34.0
201572,Brook Lopez,2017-18,74,1735.0166666666667,369,793,112,325,111,158,74,220,294,126,30,98,98,195,961,2018,29.0
201572,Brook Lopez,2018-19,81,2321.5833333333335,355,786,187,512,112,133,33,363,396,98,51,179,82,189,1009,2019,30.0
201572,Brook Lopez,2019-20,68,1817.0166666666667,292,671,102,325,127,152,58,254,312,99,46,163,70,163,813,2020,31.0
201572,Brook Lopez,2020-21,70,1901.8,322,640,95,281,120,142,104,243,347,50,40,103,64,149,859,2021,32.0
201572,Brook Lopez,2021-22,13,298.4,61,131,19,53,20,23,19,34,53,6,8,15,12,34,161,2022,33.0
201572,Brook Lopez,2022-23,78,2372.483333333333,477,899,136,364,149,190,157,363,520,99,37,193,107,203,1239,2023,34.0
201572,Brook Lopez,2023-24,79,2411.116666666667,366,755,148,404,110,134,117,292,409,127,43,189,79,191,990,2024,35.0
201573,Jerryd Bayless,2017-18,39,924.6833333333333,109,262,54,146,35,44,15,65,80,54,23,6,46,91,307,2018,29.0
201573,Jerryd Bayless,2018-19,34,657.0166666666667,82,230,29,98,16,28,11,51,62,119,18,2,32,56,209,2019,30.0
201577,Robin Lopez,2017-18,64,1689.8166666666666,342,645,4,14,68,90,134,156,290,124,14,53,107,109,756,2018,29.0
201577,Robin Lopez,2018-19,74,1605.75,304,535,7,31,89,123,140,146,286,89,11,78,96,124,704,2019,30.0
201577,Robin Lopez,2019-20,66,958.1166666666667,147,299,35,105,28,53,56,105,161,45,10,45,63,96,357,2020,31.0
201577,Robin Lopez,2020-21,71,1353.6,269,425,5,18,99,137,141,131,272,55,15,44,75,109,642,2021,32.0
201577,Robin Lopez,2021-22,36,611.9,110,199,2,6,32,54,68,58,126,54,2,18,44,67,254,2022,33.0
201577,Robin Lopez,2022-23,37,298.5,48,75,2,4,14,18,23,28,51,19,2,8,25,43,112,2023,34.0
201577,Robin Lopez,2023-24,16,64.73333333333333,7,19,2,8,2,2,3,2,5,4,1,3,2,7,18,2024,35.0
201578,Marreese Speights,2017-18,52,675.0333333333333,138,349,86,233,40,55,21,112,133,40,8,22,40,106,402,2018,30.0
201580,JaVale McGee,2017-18,65,615.4,136,219,0,6,38,52,59,110,169,33,21,57,27,91,310,2018,30.0
201580,JaVale McGee,2018-19,75,1670.6833333333334,400,641,1,12,96,152,195,371,566,52,47,148,108,208,897,2019,31.0
201580,JaVale McGee,2019-20,68,1130.1166666666666,195,306,3,6,53,82,125,265,390,37,36,94,55,159,446,2020,32.0
201580,JaVale McGee,2020-21,46,678.3833333333333,144,282,5,24,44,67,77,162,239,39,19,54,60,121,337,2021,33.0
201580,JaVale McGee,2021-22,74,1171.8,288,458,2,9,102,146,163,333,496,42,22,81,98,181,680,2022,34.0
201580,JaVale McGee,2022-23,42,354.55,80,125,2,5,24,41,30,77,107,11,4,26,36,54,186,2023,35.0
201580,JaVale McGee,2023-24,46,339.3666666666667,79,132,1,7,26,45,42,84,126,17,14,20,34,46,185,2024,36.0
201583,Ryan Anderson,2017-18,66,1725.3833333333332,207,480,131,339,72,93,94,237,331,60,24,21,42,126,617,2018,29.0
201583,Ryan Anderson,2018-19,25,321.2833333333333,21,69,9,40,12,16,18,36,54,19,4,1,14,25,63,2019,30.0
201583,Ryan Anderson,2019-20,2,13.966666666666669,2,7,1,5,0,0,0,7,7,2,1,0,1,1,5,2020,31.0
201584,Courtney Lee,2017-18,76,2309.983333333333,343,755,113,278,114,124,30,194,224,180,80,17,84,109,913,2018,32.0
201584,Courtney Lee,2018-19,34,428.25,53,129,16,55,14,21,9,45,54,37,21,3,14,32,136,2019,33.0
201584,Courtney Lee,2019-20,24,345.48333333333335,40,82,21,47,6,7,7,25,32,12,18,6,11,33,107,2020,34.0
201585,Kosta Koufos,2017-18,71,1391.0833333333333,222,389,0,0,33,74,149,323,472,87,47,32,49,146,477,2018,28.0
201585,Kosta Koufos,2018-19,42,501.56666666666666,73,153,0,0,10,24,52,125,177,36,15,18,27,68,156,2019,29.0
201586,Serge Ibaka,2017-18,76,2093.2166666666667,379,784,107,297,94,118,78,400,478,62,29,99,90,209,959,2018,28.0
201586,Serge Ibaka,2018-19,74,2010.3333333333333,464,877,49,169,135,177,156,445,601,99,29,103,114,211,1112,2019,29.0
201586,Serge Ibaka,2019-20,55,1484.6666666666667,343,670,70,182,89,124,114,338,452,77,28,46,109,153,845,2020,30.0
201586,Serge Ibaka,2020-21,41,954.6666666666666,186,365,39,115,43,53,73,202,275,74,9,47,44,76,454,2021,31.0
201586,Serge Ibaka,2021-22,54,877.6333333333333,148,296,37,99,32,44,62,188,250,49,11,33,43,102,365,2022,32.0
201586,Serge Ibaka,2022-23,16,185.35,26,54,6,18,8,13,15,29,44,4,2,7,11,23,66,2023,33.0
201587,Nicolas Batum,2017-18,64,1980.8333333333333,270,650,92,274,108,130,57,249,306,349,65,23,131,72,740,2018,29.0
201587,Nicolas Batum,2018-19,75,2354.0333333333333,253,562,116,298,77,89,71,319,390,247,71,43,117,140,699,2019,30.0
201587,Nicolas Batum,2019-20,22,504.9833333333333,28,81,14,49,9,10,25,75,100,66,17,8,22,41,79,2020,31.0
201587,Nicolas Batum,2020-21,67,1834.8166666666666,191,412,110,272,48,58,50,266,316,148,69,37,53,102,540,2021,32.0
201587,Nicolas Batum,2021-22,59,1462.6166666666668,179,387,108,270,25,38,29,225,254,100,58,42,40,80,491,2022,33.0
201587,Nicolas Batum,2022-23,78,1709.5666666666666,160,381,124,317,34,48,62,237,299,121,54,44,50,149,478,2023,34.0
201587,Nicolas Batum,2023-24,60,1529.6166666666668,116,256,73,185,15,21,70,178,248,128,48,38,40,109,320,2024,35.0
201588,George Hill,2017-18,67,1812.1166666666668,236,513,85,205,110,140,42,139,181,186,61,27,88,128,667,2018,31.0
201588,George Hill,2018-19,60,1302.2666666666667,170,376,48,153,70,85,39,109,148,135,52,8,51,102,458,2019,32.0
201588,George Hill,2019-20,59,1271.2333333333333,194,376,81,176,85,101,50,127,177,180,47,5,57,84,554,2020,33.0
201588,George Hill,2020-21,30,671.6166666666667,95,197,31,80,40,50,16,45,61,73,23,5,31,31,261,2021,34.0
201588,George Hill,2021-22,54,1253.2166666666667,118,275,41,134,57,62,38,117,155,120,42,6,41,70,334,2022,35.0
201588,George Hill,2022-23,46,833.3333333333334,78,166,34,95,42,55,15,70,85,110,26,6,34,55,232,2023,36.0
201589,Darrell Arthur,2017-18,19,140.78333333333333,22,47,8,23,2,3,3,12,15,9,8,3,15,22,54,2018,29.0
201596,Mario Chalmers,2017-18,66,1421.3833333333332,168,443,53,191,118,138,13,144,157,197,79,14,117,179,507,2018,31.0
201599,DeAndre Jordan,2017-18,77,2423.483333333333,373,578,0,0,181,312,329,842,1171,117,39,70,137,203,927,2018,29.0
201599,DeAndre Jordan,2018-19,69,2047.2166666666667,286,446,0,0,186,264,225,677,902,156,42,73,153,167,758,2019,30.0
201599,DeAndre Jordan,2019-20,56,1234.15,191,287,0,0,83,122,141,420,561,105,18,52,74,114,465,2020,31.0
201599,DeAndre Jordan,2020-21,57,1245.9833333333333,190,249,0,1,46,92,117,310,427,93,17,65,85,116,426,2021,32.0
201599,DeAndre Jordan,2021-22,48,622.4166666666666,92,143,0,0,22,40,83,181,264,21,12,35,37,71,206,2022,33.0
201599,DeAndre Jordan,2022-23,39,585.8666666666667,88,115,1,1,22,48,52,150,202,34,12,23,48,71,199,2023,34.0
201599,DeAndre Jordan,2023-24,36,395.73333333333335,58,93,0,0,26,53,54,103,157,26,6,16,23,56,142,2024,35.0
201600,Omer Asik,2017-18,18,182.13333333333333,9,22,0,0,4,13,9,38,47,3,2,4,9,20,22,2018,31.0
201609,Goran Dragic,2017-18,75,2377.5666666666666,484,1075,111,300,217,271,54,252,306,359,63,12,166,180,1296,2018,31.0
201609,Goran Dragic,2018-19,36,990.5333333333333,179,433,57,164,79,101,20,91,111,174,30,5,71,81,494,2019,32.0
201609,Goran Dragic,2019-20,59,1662.9166666666667,319,724,124,338,191,246,29,158,187,301,40,10,144,124,953,2020,33.0
201609,Goran Dragic,2020-21,50,1336.5,240,555,91,244,101,122,25,144,169,219,33,8,118,113,672,2021,34.0
201609,Goran Dragic,2021-22,21,497.5,57,151,16,63,27,33,13,52,65,86,19,4,34,45,157,2022,35.0
201609,Goran Dragic,2022-23,58,870.0500000000001,141,335,52,145,31,45,16,65,81,151,13,4,63,65,365,2023,36.0
201628,Bobby Brown,2017-18,20,114.93333333333334,19,58,11,40,1,2,0,7,7,11,4,0,9,6,50,2018,33.0
201933,Blake Griffin,2017-18,58,1969.8333333333333,436,996,111,322,259,330,73,355,428,334,40,18,165,139,1242,2018,28.0
201933,Blake Griffin,2018-19,75,2622.3333333333335,619,1341,189,522,414,550,100,465,565,402,52,28,253,199,1841,2019,29.0
201933,Blake Griffin,2019-20,18,512.2833333333333,88,250,27,111,76,98,17,67,84,59,7,7,40,27,279,2020,30.0
201933,Blake Griffin,2020-21,46,1186.6333333333334,174,411,70,205,87,117,35,190,225,140,32,15,62,111,505,2021,31.0
201933,Blake Griffin,2021-22,56,958.1,133,313,38,145,55,76,60,168,228,105,27,14,31,95,359,2022,32.0
201933,Blake Griffin,2022-23,41,568.9,63,130,23,66,21,32,47,108,155,61,14,9,22,75,170,2023,33.0
201935,James Harden,2017-18,72,2550.8166666666666,651,1449,265,722,624,727,41,348,389,630,126,50,315,169,2191,2018,28.0
201935,James Harden,2018-19,78,2866.733333333333,843,1909,378,1028,754,858,66,452,518,586,158,58,387,244,2818,2019,29.0
201935,James Harden,2019-20,68,2482.55,672,1514,299,843,692,800,70,376,446,512,125,60,308,227,2335,2020,30.0
201935,James Harden,2020-21,44,1608.8666666666668,342,734,121,334,278,323,35,313,348,475,53,33,177,99,1083,2021,31.0
201935,James Harden,2021-22,65,2419.733333333333,407,992,148,448,470,536,55,445,500,667,82,36,284,153,1432,2022,32.0
201935,James Harden,2022-23,58,2135.0333333333333,371,842,161,418,313,361,40,314,354,618,71,31,195,112,1216,2023,33.0
201935,James Harden,2023-24,72,2469.7333333333336,352,822,186,488,302,344,34,335,369,614,77,57,185,127,1192,2024,34.0
201936,Tyreke Evans,2017-18,52,1607.2,366,809,114,286,164,209,44,221,265,269,57,17,117,96,1010,2018,28.0
201936,Tyreke Evans,2018-19,69,1402.0,257,660,77,216,115,160,33,168,201,166,58,18,118,117,706,2019,29.0
201937,Ricky Rubio,2017-18,77,2254.4333333333334,346,827,96,273,220,254,44,307,351,410,121,11,207,206,1008,2018,27.0
201937,Ricky Rubio,2018-19,68,1898.9666666666667,295,730,79,254,195,228,33,210,243,416,91,10,180,180,864,2019,28.0
201937,Ricky Rubio,2019-20,65,2016.3833333333334,287,692,78,216,195,226,46,258,304,570,94,11,173,167,847,2020,29.0
201937,Ricky Rubio,2020-21,68,1771.6,193,498,66,214,130,150,28,195,223,433,98,4,111,139,582,2021,30.0
201937,Ricky Rubio,2021-22,34,970.15,149,411,59,174,88,103,15,126,141,225,49,7,90,75,445,2022,31.0
201937,Ricky Rubio,2022-23,33,566.05,61,178,21,82,28,35,9,61,70,115,26,6,31,51,171,2023,32.0
201939,Stephen Curry,2017-18,51,1630.8166666666666,428,864,212,501,278,302,36,225,261,310,80,8,153,114,1346,2018,29.0
201939,Stephen Curry,2018-19,69,2331.2166666666667,632,1340,354,810,263,287,45,324,369,361,92,25,192,166,1881,2019,30.0
201939,Stephen Curry,2019-20,5,139.31666666666666,33,82,12,49,26,26,4,22,26,33,5,2,16,11,104,2020,31.0
201939,Stephen Curry,2020-21,63,2151.5166666666664,658,1365,337,801,362,395,29,316,345,363,77,8,213,119,2015,2021,32.0
201939,Stephen Curry,2021-22,64,2211.1666666666665,535,1224,285,750,275,298,34,301,335,404,85,23,206,130,1630,2022,33.0
201939,Stephen Curry,2022-23,56,1941.1666666666667,559,1133,273,639,257,281,39,302,341,352,52,20,179,117,1648,2023,34.0
201939,Stephen Curry,2023-24,74,2421.6,650,1445,357,876,299,324,37,293,330,379,54,28,210,117,1956,2024,35.0
201942,DeMar DeRozan,2017-18,80,2711.733333333333,645,1413,89,287,461,559,59,256,315,417,85,22,175,151,1840,2018,28.0
201942,DeMar DeRozan,2018-19,77,2688.1666666666665,631,1313,7,45,366,441,54,408,462,475,86,36,199,177,1635,2019,29.0
201942,DeMar DeRozan,2019-20,68,2316.2833333333333,557,1049,9,35,381,451,44,331,375,380,70,20,164,180,1504,2020,30.0
201942,DeMar DeRozan,2020-21,61,2056.4666666666667,455,920,19,74,387,440,40,219,259,422,56,15,119,128,1316,2021,31.0
201942,DeMar DeRozan,2021-22,76,2742.9666666666667,774,1535,50,142,520,593,56,336,392,374,68,24,181,178,2118,2022,32.0
201942,DeMar DeRozan,2022-23,74,2681.5833333333335,657,1303,46,142,456,523,34,309,343,377,83,36,153,186,1816,2023,33.0
201942,DeMar DeRozan,2023-24,79,2988.6,650,1355,75,225,522,612,43,297,340,421,90,45,135,161,1897,2024,34.0
201943,Brandon Jennings,2017-18,14,205.15,27,72,9,33,10,10,5,26,31,44,6,4,18,11,73,2018,28.0
201949,James Johnson,2017-18,73,1943.3166666666666,309,614,57,185,113,162,61,297,358,280,70,51,141,192,788,2018,30.0
201949,James Johnson,2018-19,55,1163.8333333333333,164,379,50,149,50,70,22,154,176,135,35,27,74,114,428,2019,31.0
201949,James Johnson,2019-20,32,619.5666666666666,103,215,33,91,31,48,25,93,118,74,25,32,48,80,270,2020,32.0
201949,James Johnson,2020-21,51,1042.9833333333333,146,327,31,120,45,76,32,145,177,98,42,42,55,120,368,2021,33.0
201949,James Johnson,2021-22,62,1191.25,144,307,23,85,29,55,51,164,215,130,30,34,48,162,340,2022,34.0
201949,James Johnson,2022-23,18,162.36666666666667,22,49,3,15,4,8,4,26,30,15,7,6,8,32,51,2023,35.0
201949,James Johnson,2023-24,9,47.2,3,10,0,2,2,2,1,3,4,8,5,1,5,9,8,2024,36.0
201950,Jrue Holiday,2017-18,81,2926.8,615,1244,120,356,187,238,62,303,365,486,123,64,213,201,1537,2018,27.0
201950,Jrue Holiday,2018-19,67,2401.95,547,1159,118,363,208,271,75,259,334,518,109,54,210,148,1420,2019,28.0
201950,Jrue Holiday,2019-20,61,2116.8,458,1006,122,346,129,182,77,216,293,408,99,48,184,145,1167,2020,29.0
201950,Jrue Holiday,2020-21,59,1906.7833333333333,414,823,111,283,107,136,73,195,268,357,96,37,127,98,1046,2021,30.0
201950,Jrue Holiday,2021-22,67,2207.45,478,954,132,321,137,180,69,232,301,457,108,29,183,133,1225,2022,31.0
201950,Jrue Holiday,2022-23,67,2182.5333333333333,490,1023,158,411,152,177,79,262,341,495,79,25,197,116,1290,2023,32.0
201950,Jrue Holiday,2023-24,69,2263.2833333333333,331,689,138,322,60,72,84,289,373,333,61,53,124,108,860,2024,33.0
201952,Jeff Teague,2017-18,70,2311.3,354,794,84,228,202,239,24,185,209,492,102,23,177,171,994,2018,29.0
201952,Jeff Teague,2018-19,42,1264.05,176,416,35,105,123,153,16,90,106,343,43,18,97,90,510,2019,30.0
201952,Jeff Teague,2019-20,59,1464.2666666666667,213,489,43,117,172,197,27,115,142,308,44,19,116,106,641,2020,31.0
201952,Jeff Teague,2020-21,55,950.1333333333333,123,284,36,82,89,105,15,73,88,132,34,12,64,56,371,2021,32.0
201954,Darren Collison,2017-18,69,2018.35,316,638,96,205,127,144,37,141,178,368,92,15,86,122,855,2018,30.0
201954,Darren Collison,2018-19,76,2143.15,308,659,79,194,158,190,36,196,232,459,110,9,125,138,853,2019,31.0
201954,Darren Collison,2021-22,3,37.16666666666667,2,7,0,3,0,0,0,4,4,2,1,0,1,5,4,2022,34.0
201956,Omri Casspi,2017-18,53,741.5666666666666,120,207,10,22,50,69,30,170,200,51,18,19,37,71,300,2018,29.0
201956,Omri Casspi,2018-19,36,520.45,86,161,15,43,39,58,17,98,115,26,20,9,23,35,226,2019,30.0
201959,Taj Gibson,2017-18,82,2726.4,425,737,7,35,142,185,194,390,584,99,62,59,89,218,999,2018,32.0
201959,Taj Gibson,2018-19,70,1686.4,304,537,11,34,134,177,172,286,458,84,53,39,73,186,753,2019,33.0
201959,Taj Gibson,2019-20,62,1025.1666666666667,167,286,4,14,41,56,111,156,267,52,27,30,47,122,379,2020,34.0
201959,Taj Gibson,2020-21,45,935.7166666666667,99,158,3,15,40,55,99,151,250,36,31,49,22,99,241,2021,35.0
201959,Taj Gibson,2021-22,52,945.7333333333333,86,166,15,38,42,52,88,141,229,32,22,40,27,137,229,2022,36.0
201959,Taj Gibson,2022-23,49,480.4666666666667,65,125,8,24,30,42,32,61,93,34,15,12,26,84,168,2023,37.0
201959,Taj Gibson,2023-24,20,204.48333333333335,15,37,2,10,2,2,12,25,37,11,3,7,5,31,34,2024,38.0
201960,DeMarre Carroll,2017-18,73,2179.7666666666664,325,785,145,391,188,246,105,374,479,147,59,30,103,165,983,2018,31.0
201960,DeMarre Carroll,2018-19,67,1703.45,227,575,106,310,184,242,68,281,349,85,31,10,73,114,744,2019,32.0
201960,DeMarre Carroll,2019-20,24,289.8666666666667,25,66,8,33,29,42,12,43,55,25,8,5,17,32,87,2020,33.0
201961,Wayne Ellington,2017-18,77,2041.2166666666667,285,700,227,579,67,78,23,195,218,79,53,8,52,94,864,2018,30.0
201961,Wayne Ellington,2018-19,53,1296.8333333333333,184,457,138,372,39,49,14,93,107,72,54,6,40,92,545,2019,31.0
201961,Wayne Ellington,2019-20,36,558.3833333333333,61,174,50,143,11,13,4,61,65,44,13,4,18,41,183,2020,32.0
201961,Wayne Ellington,2020-21,46,1011.8666666666667,149,338,116,275,28,35,12,73,85,67,18,9,33,59,442,2021,33.0
201961,Wayne Ellington,2021-22,43,810.2333333333333,98,237,82,211,9,11,10,67,77,30,23,5,19,42,287,2022,34.0
201967,Dante Cunningham,2017-18,73,1561.9666666666667,164,364,58,168,31,52,78,220,298,48,39,30,33,111,417,2018,30.0
201967,Dante Cunningham,2018-19,64,928.4666666666667,75,158,30,65,14,18,48,140,188,50,27,13,22,71,194,2019,31.0
201973,Jonas Jerebko,2017-18,74,1133.5166666666667,159,341,65,157,46,57,53,193,246,42,24,12,27,127,429,2018,30.0
201973,Jonas Jerebko,2018-19,73,1217.9666666666667,163,355,69,188,64,80,72,216,288,96,27,18,43,137,459,2019,31.0
201975,Jodie Meeks,2017-18,77,1118.7166666666667,157,393,72,210,101,117,15,111,126,70,29,4,37,55,487,2018,30.0
201975,Jodie Meeks,2018-19,8,104.03333333333333,21,39,8,18,1,1,1,11,12,8,1,1,2,5,51,2019,31.0
201976,Patrick Beverley,2017-18,11,333.5333333333333,48,119,24,60,14,17,16,29,45,32,19,5,25,34,134,2018,29.0
201976,Patrick Beverley,2018-19,78,2137.2833333333333,194,477,112,282,96,123,76,312,388,300,67,43,85,265,596,2019,30.0
201976,Patrick Beverley,2019-20,51,1341.7166666666667,147,341,80,206,31,47,57,209,266,183,54,25,66,156,405,2020,31.0
201976,Patrick Beverley,2020-21,37,832.5,93,220,56,141,36,45,29,90,119,76,29,28,34,108,278,2021,32.0
201976,Patrick Beverley,2021-22,58,1475.7833333333333,177,436,83,242,96,133,62,178,240,268,67,52,73,174,533,2022,33.0
201976,Patrick Beverley,2022-23,67,1816.5666666666666,144,360,80,239,47,65,44,203,247,194,63,41,60,187,415,2023,34.0
201976,Patrick Beverley,2023-24,73,1462.5,158,379,61,181,74,90,49,190,239,212,43,31,65,128,451,2024,35.0
201980,Danny Green,2017-18,70,1791.1166666666666,217,561,116,320,50,65,41,208,249,110,63,80,74,122,600,2018,30.0
201980,Danny Green,2018-19,80,2215.483333333333,293,630,198,435,37,44,60,257,317,126,73,53,75,171,821,2019,31.0
201980,Danny Green,2019-20,68,1686.7333333333333,197,474,120,327,33,48,51,174,225,91,85,32,63,136,547,2020,32.0
201980,Danny Green,2020-21,69,1934.3666666666666,224,544,175,432,31,40,55,205,260,118,92,56,67,125,654,2021,33.0
201980,Danny Green,2021-22,62,1353.4333333333334,126,320,103,271,11,14,32,125,157,64,60,37,45,105,366,2022,34.0
201980,Danny Green,2022-23,11,138.71666666666667,22,49,16,37,1,1,3,11,14,6,6,3,10,16,61,2023,35.0
201980,Danny Green,2023-24,2,18.45,0,2,0,1,0,0,0,2,2,1,1,0,0,1,0,2024,36.0
201988,Patty Mills,2017-18,82,2107.266666666667,280,682,154,414,105,118,26,128,154,229,55,11,106,128,819,2018,29.0
201988,Patty Mills,2018-19,82,1907.7333333333333,282,663,159,404,88,103,24,158,182,245,49,10,93,129,811,2019,30.0
201988,Patty Mills,2019-20,66,1484.7833333333333,258,598,154,403,97,112,22,86,108,118,53,6,54,105,767,2020,31.0
201988,Patty Mills,2020-21,68,1684.8,252,611,161,429,71,78,18,98,116,162,42,3,66,81,736,2021,32.0
201988,Patty Mills,2021-22,81,2345.7,324,794,227,568,48,59,18,138,156,183,51,17,73,112,923,2022,33.0
201988,Patty Mills,2022-23,40,566.6833333333334,86,209,49,134,25,30,8,36,44,56,15,3,30,32,246,2023,34.0
201988,Patty Mills,2023-24,32,415.31666666666666,46,131,24,87,11,11,9,26,35,34,20,1,16,32,127,2024,35.0
202066,Garrett Temple,2017-18,65,1615.0833333333333,199,476,89,227,60,78,22,130,152,124,57,27,79,135,547,2018,31.0
202066,Garrett Temple,2018-19,75,2040.6,208,493,90,264,80,107,28,188,216,106,76,30,70,204,586,2019,32.0
202066,Garrett Temple,2019-20,62,1729.8166666666666,222,587,127,386,70,87,29,189,218,156,49,29,62,108,641,2020,33.0
202066,Garrett Temple,2020-21,56,1528.25,158,381,67,200,40,50,29,131,160,124,43,30,58,126,423,2021,34.0
202066,Garrett Temple,2021-22,59,1098.3833333333334,111,295,59,185,28,41,29,114,143,74,43,23,42,81,309,2022,35.0
202066,Garrett Temple,2022-23,25,161.83333333333334,18,45,11,26,3,4,5,12,17,13,9,2,4,15,50,2023,36.0
202066,Garrett Temple,2023-24,27,288.76666666666665,29,78,12,40,18,22,18,27,45,28,12,3,14,28,88,2024,37.0
202083,Wesley Matthews,2017-18,63,2131.4333333333334,283,697,153,402,83,101,28,170,198,172,76,16,83,140,802,2018,31.0
202083,Wesley Matthews,2018-19,69,2091.0333333333333,279,698,150,403,132,163,32,138,170,160,54,17,91,160,840,2019,32.0
202083,Wesley Matthews,2019-20,67,1634.8833333333334,167,422,108,297,52,68,22,144,166,92,38,9,43,103,494,2020,33.0
202083,Wesley Matthews,2020-21,58,1129.9333333333334,89,252,66,197,35,41,20,73,93,54,38,17,26,80,279,2021,34.0
202083,Wesley Matthews,2021-22,49,1002.1833333333333,87,220,53,157,22,28,30,62,92,36,23,8,18,87,249,2022,35.0
202083,Wesley Matthews,2022-23,52,820.4333333333334,58,160,39,124,24,28,34,79,113,34,20,13,18,71,179,2023,36.0
202083,Wesley Matthews,2023-24,36,412.8666666666667,34,97,24,69,18,24,9,44,53,23,16,11,8,43,110,2024,37.0
202322,John Wall,2017-18,41,1409.8333333333333,280,667,62,167,175,241,22,128,150,393,57,45,158,80,797,2018,27.0
202322,John Wall,2018-19,32,1103.8,245,552,51,169,122,175,15,101,116,279,49,29,121,71,663,2019,28.0
202322,John Wall,2020-21,40,1288.1,293,726,79,249,158,211,17,112,129,275,42,31,141,46,823,2021,30.0
202322,John Wall,2022-23,34,754.7333333333333,138,339,33,109,77,113,14,78,92,178,27,12,80,59,386,2023,32.0
202323,Evan Turner,2017-18,79,2033.8666666666666,258,577,42,132,91,107,30,214,244,173,47,29,99,163,649,2018,29.0
202323,Evan Turner,2018-19,73,1605.7666666666667,204,443,11,52,75,106,37,291,328,283,33,18,114,110,494,2019,30.0
202323,Evan Turner,2019-20,19,251.46666666666667,25,67,0,5,12,14,8,30,38,38,9,8,26,20,62,2020,31.0
202324,Derrick Favors,2017-18,77,2153.4,395,702,14,63,140,215,198,354,552,102,54,82,88,164,944,2018,26.0
202324,Derrick Favors,2018-19,76,1766.4666666666667,363,619,17,78,154,228,207,353,560,89,56,106,84,163,897,2019,27.0
202324,Derrick Favors,2019-20,51,1242.4666666666667,209,339,1,7,40,71,163,338,501,81,30,46,55,107,459,2020,28.0
202324,Derrick Favors,2020-21,68,1039.2,155,243,0,2,59,80,138,238,376,44,32,68,36,143,369,2021,29.0
202324,Derrick Favors,2021-22,39,652.4833333333333,94,182,2,16,16,25,58,126,184,25,17,12,9,62,206,2022,30.0
202325,Wesley Johnson,2017-18,74,1486.45,150,368,60,177,43,58,29,187,216,61,76,62,55,146,403,2018,30.0
202325,Wesley Johnson,2018-19,38,533.95,45,128,25,76,13,19,12,60,72,23,14,12,18,63,128,2019,31.0
202326,DeMarcus Cousins,2017-18,48,1737.0666666666666,406,864,104,294,294,394,105,512,617,257,79,76,242,183,1210,2018,27.0
202326,DeMarcus Cousins,2018-19,30,770.5833333333334,178,371,26,95,106,144,43,204,247,107,40,44,72,109,488,2019,28.0
202326,DeMarcus Cousins,2020-21,41,712.8833333333333,130,305,47,135,59,81,53,210,263,76,34,24,64,107,366,2021,30.0
202326,DeMarcus Cousins,2021-22,48,717.25,149,324,37,122,95,125,74,196,270,71,35,21,85,139,430,2022,31.0
202327,Ekpe Udoh,2017-18,63,809.7,60,120,0,1,42,56,68,82,150,53,43,74,20,105,162,2018,30.0
202327,Ekpe Udoh,2018-19,51,320.01666666666665,50,72,0,0,19,30,27,63,90,28,10,31,13,36,119,2019,31.0
202328,Greg Monroe,2017-18,51,1040.85,218,386,0,0,88,119,109,241,350,114,44,23,94,95,524,2018,27.0
202328,Greg Monroe,2018-19,43,479.93333333333334,92,189,1,5,45,72,67,105,172,24,14,8,32,66,230,2019,28.0
202328,Greg Monroe,2021-22,14,194.78333333333333,32,57,0,0,12,23,30,34,64,22,8,10,12,24,76,2022,31.0
202329,Al-Farouq Aminu,2017-18,69,2072.1666666666665,230,582,125,339,59,80,97,428,525,84,79,40,79,136,644,2018,27.0
202329,Al-Farouq Aminu,2018-19,81,2291.7,257,593,96,280,150,173,112,498,610,104,68,33,72,143,760,2019,28.0
202329,Al-Farouq Aminu,2019-20,18,380.0833333333333,25,86,9,36,19,29,24,63,87,21,18,8,17,27,78,2020,29.0
202329,Al-Farouq Aminu,2020-21,23,434.1333333333333,38,99,8,37,18,22,22,88,110,31,19,9,28,29,102,2021,30.0
202330,Gordon Hayward,2017-18,1,5.25,1,2,0,1,0,0,0,1,1,0,0,0,0,1,2,2018,27.0
202330,Gordon Hayward,2018-19,72,1863.35,296,635,77,231,156,187,51,271,322,244,62,23,105,104,825,2019,28.0
202330,Gordon Hayward,2019-20,52,1739.9833333333333,350,700,85,222,124,145,55,293,348,212,38,22,96,96,909,2020,29.0
202330,Gordon Hayward,2020-21,44,1496.2,311,658,85,205,156,185,37,221,258,181,52,14,91,74,863,2021,30.0
202330,Gordon Hayward,2021-22,49,1563.8666666666666,283,617,86,220,126,149,38,186,224,177,47,22,81,85,778,2022,31.0
202330,Gordon Hayward,2022-23,50,1576.9,276,581,52,160,129,159,33,182,215,206,42,12,99,70,733,2023,32.0
202330,Gordon Hayward,2023-24,51,1245.2666666666667,187,403,37,90,89,120,38,143,181,158,40,13,66,67,500,2024,33.0
202331,Paul George,2017-18,79,2890.766666666667,576,1340,244,609,338,411,72,375,447,263,161,39,212,233,1734,2018,27.0
202331,Paul George,2018-19,77,2841.3,707,1614,292,757,453,540,105,523,628,318,170,34,205,214,2159,2019,28.0
202331,Paul George,2019-20,48,1418.8833333333334,343,782,157,381,190,217,24,248,272,185,68,20,125,113,1033,2020,29.0
202331,Paul George,2020-21,54,1820.9833333333333,445,953,171,416,198,228,45,314,359,280,62,24,179,132,1259,2021,30.0
202331,Paul George,2021-22,31,1077.4,268,636,91,257,127,148,12,201,213,176,67,13,126,74,754,2022,31.0
202331,Paul George,2022-23,56,1938.9166666666667,459,1004,158,426,256,294,45,297,342,288,83,20,176,159,1332,2023,32.0
202331,Paul George,2023-24,74,2501.8166666666666,582,1236,243,588,264,291,37,351,388,262,113,37,153,202,1671,2024,33.0
202332,Cole Aldrich,2017-18,21,48.7,5,15,0,0,2,6,3,12,15,3,2,1,1,11,12,2018,29.0
202334,Ed Davis,2017-18,78,1470.9333333333334,170,292,0,1,74,111,183,392,575,40,32,52,66,188,414,2018,28.0
202334,Ed Davis,2018-19,81,1446.0,186,302,0,2,100,162,216,478,694,61,35,33,64,226,472,2019,29.0
202334,Ed Davis,2019-20,28,303.4666666666667,22,46,0,0,7,14,35,70,105,12,11,9,13,61,51,2020,30.0
202334,Ed Davis,2020-21,23,298.95,19,44,0,0,10,12,46,69,115,21,13,13,7,56,48,2021,31.0
202334,Ed Davis,2021-22,31,201.38333333333333,11,16,0,0,6,14,14,50,64,7,3,9,5,33,28,2022,32.0
202335,Patrick Patterson,2017-18,82,1269.9333333333334,106,266,66,171,40,46,32,161,193,57,48,23,33,87,318,2018,28.0
202335,Patrick Patterson,2018-19,63,860.6833333333333,82,219,46,137,19,30,42,105,147,31,16,13,22,46,229,2019,29.0
202335,Patrick Patterson,2019-20,59,776.2,95,233,67,172,35,43,35,116,151,41,7,3,21,54,292,2020,30.0
202335,Patrick Patterson,2020-21,38,581.6666666666666,72,165,40,112,13,17,19,56,75,29,14,8,11,45,197,2021,31.0
202337,Luke Babbitt,2017-18,50,714.8000000000001,91,215,60,156,17,22,7,89,96,31,8,7,19,54,259,2018,28.0
202339,Eric Bledsoe,2017-18,74,2321.6,468,989,125,360,252,317,51,233,284,370,149,42,216,185,1313,2018,28.0
202339,Eric Bledsoe,2018-19,78,2271.7,470,971,124,377,177,236,82,280,362,430,116,29,165,156,1241,2019,29.0
202339,Eric Bledsoe,2019-20,61,1646.3,334,703,74,215,169,214,43,239,282,328,57,26,148,128,911,2020,30.0
202339,Eric Bledsoe,2020-21,71,2111.5333333333333,307,730,121,355,134,195,29,215,244,268,55,24,114,112,869,2021,31.0
202339,Eric Bledsoe,2021-22,54,1360.6166666666666,197,468,51,163,89,117,28,154,182,225,69,19,116,85,534,2022,32.0
202340,Avery Bradley,2017-18,46,1433.0833333333333,259,625,75,203,63,82,22,94,116,94,51,8,101,92,656,2018,27.0
202340,Avery Bradley,2018-19,63,1905.4666666666667,248,608,86,245,43,50,43,132,175,152,41,16,89,167,625,2019,28.0
202340,Avery Bradley,2019-20,49,1186.45,170,383,63,173,20,24,18,97,115,63,43,5,47,110,423,2020,29.0
202340,Avery Bradley,2020-21,27,601.95,64,171,33,101,12,15,8,49,57,46,21,3,28,55,173,2021,30.0
202340,Avery Bradley,2021-22,62,1405.9166666666667,148,350,82,210,16,18,31,105,136,47,53,9,38,118,394,2022,31.0
202344,Trevor Booker,2017-18,68,1158.1166666666666,177,343,8,33,66,93,117,201,318,82,28,21,59,119,428,2018,30.0
202347,Quincy Pondexter,2017-18,23,195.7,14,49,3,22,14,17,8,19,27,9,8,2,11,24,45,2018,29.0
202347,Quincy Pondexter,2018-19,53,291.8666666666667,29,58,6,18,34,42,8,38,46,24,11,1,13,24,98,2019,30.0
202348,Jordan Crawford,2017-18,5,53.28333333333333,12,27,8,14,1,1,2,2,4,13,1,1,5,7,33,2018,29.0
202355,Hassan Whiteside,2017-18,54,1364.0833333333333,312,578,2,2,128,182,174,444,618,54,37,94,92,131,754,2018,28.0
202355,Hassan Whiteside,2018-19,72,1674.2166666666667,388,680,2,16,109,243,257,560,817,56,46,136,97,192,887,2019,29.0
202355,Hassan Whiteside,2019-20,67,2008.1166666666666,436,702,4,7,164,239,258,647,905,78,26,196,120,196,1040,2020,30.0
202355,Hassan Whiteside,2020-21,36,545.8833333333333,126,224,0,1,41,79,61,154,215,20,9,46,40,73,293,2021,31.0
202355,Hassan Whiteside,2021-22,65,1162.2333333333333,215,330,0,0,104,167,166,328,494,26,22,103,53,179,534,2022,32.0
202357,Nemanja Bjelica,2017-18,67,1371.0166666666667,171,371,76,183,36,45,53,221,274,86,50,16,52,141,454,2018,29.0
202357,Nemanja Bjelica,2018-19,77,1787.9666666666667,284,593,103,257,70,92,125,319,444,147,54,56,82,197,741,2019,30.0
202357,Nemanja Bjelica,2019-20,72,2011.2166666666667,314,653,134,320,69,84,111,347,458,203,62,40,99,216,831,2020,31.0
202357,Nemanja Bjelica,2020-21,37,595.1833333333333,89,196,27,85,37,51,29,98,127,69,15,5,33,68,242,2021,32.0
202357,Nemanja Bjelica,2021-22,71,1142.4166666666667,160,342,54,149,59,81,62,232,294,159,41,26,87,128,433,2022,33.0
202362,Lance Stephenson,2017-18,82,1850.0666666666666,303,709,67,232,84,127,62,362,424,235,46,17,131,177,757,2018,27.0
202362,Lance Stephenson,2018-19,68,1122.75,184,432,73,197,50,73,32,183,215,140,41,7,86,111,491,2019,28.0
202362,Lance Stephenson,2021-22,46,813.9666666666667,147,323,27,90,63,80,12,115,127,165,24,4,72,96,384,2022,31.0
202379,Jeremy Evans,2017-18,1,5.35,1,1,0,0,0,0,1,0,1,0,0,0,1,1,2,2018,30.0
202389,Timofey Mozgov,2017-18,31,359.48333333333335,52,93,4,18,23,30,32,66,98,11,5,13,33,39,131,2018,31.0
202391,Jeremy Lin,2017-18,1,25.183333333333334,5,12,1,2,7,7,0,0,0,4,0,0,3,3,18,2018,29.0
202391,Jeremy Lin,2018-19,74,1436.3166666666666,238,541,55,187,176,210,22,157,179,231,47,13,124,144,707,2019,30.0
202397,Ish Smith,2017-18,82,2042.6333333333334,389,801,35,101,81,116,27,197,224,360,64,20,108,140,894,2018,29.0
202397,Ish Smith,2018-19,56,1250.9833333333333,205,489,44,135,47,62,23,122,145,203,28,11,61,109,501,2019,30.0
202397,Ish Smith,2019-20,68,1786.9166666666667,308,689,62,169,62,86,30,189,219,334,59,30,95,106,740,2020,31.0
202397,Ish Smith,2020-21,44,923.6,129,297,18,49,19,33,22,128,150,172,32,13,41,62,295,2021,32.0
202397,Ish Smith,2021-22,65,1126.0333333333333,185,430,25,67,15,24,25,115,140,244,47,23,78,78,410,2022,33.0
202397,Ish Smith,2022-23,43,397.9166666666667,52,131,2,12,2,4,5,49,54,100,8,7,44,33,108,2023,34.0
202397,Ish Smith,2023-24,43,740.85,66,158,4,8,3,4,11,65,76,145,17,4,47,49,139,2024,35.0
202498,Lance Thomas,2017-18,73,1353.0666666666666,102,267,50,124,44,53,44,131,175,44,30,14,41,134,298,2018,29.0
202498,Lance Thomas,2018-19,46,783.35,78,197,22,79,27,36,21,96,117,27,17,7,24,83,205,2019,30.0
202498,Lance Thomas,2019-20,7,97.76666666666667,8,23,4,13,4,4,2,11,13,6,0,0,6,11,24,2020,31.0
202681,Kyrie Irving,2017-18,60,1931.4833333333333,534,1087,166,407,232,261,33,194,227,306,65,17,139,122,1466,2018,25.0
202681,Kyrie Irving,2018-19,67,2213.9,604,1241,174,434,214,245,71,264,335,464,103,34,172,167,1596,2019,26.0
202681,Kyrie Irving,2019-20,20,657.9666666666667,199,416,56,142,94,102,22,81,103,128,27,10,52,53,548,2020,27.0
202681,Kyrie Irving,2020-21,54,1886.2666666666667,549,1086,152,378,201,218,52,205,257,324,76,37,130,140,1451,2021,28.0
202681,Kyrie Irving,2021-22,29,1091.5333333333333,289,616,100,239,118,129,16,111,127,167,41,17,73,81,796,2022,29.0
202681,Kyrie Irving,2022-23,60,2240.5833333333335,594,1203,188,496,247,273,59,245,304,331,66,45,128,165,1623,2023,30.0
202681,Kyrie Irving,2023-24,58,2029.6166666666666,562,1131,173,421,190,210,44,246,290,299,74,28,106,112,1487,2024,31.0
202682,Derrick Williams,2017-18,2,8.516666666666666,1,4,0,2,0,0,0,1,1,0,0,0,0,0,2,2018,26.0
202684,Tristan Thompson,2017-18,53,1072.2666666666667,132,235,0,0,43,79,126,226,352,33,16,17,36,102,307,2018,26.0
202684,Tristan Thompson,2018-19,43,1197.7166666666667,201,380,0,0,68,106,173,265,438,86,28,16,59,89,470,2019,27.0
202684,Tristan Thompson,2019-20,57,1721.5333333333333,288,562,9,23,99,161,226,351,577,120,33,50,103,124,684,2020,28.0
202684,Tristan Thompson,2020-21,54,1286.6666666666667,169,326,0,3,71,120,169,270,439,67,24,33,62,119,409,2021,29.0
202684,Tristan Thompson,2021-22,57,896.25,141,267,1,3,61,116,120,168,288,34,23,21,45,98,344,2022,30.0
202684,Tristan Thompson,2023-24,49,548.9333333333334,73,119,0,1,15,52,73,101,174,51,12,14,29,59,161,2024,32.0
202685,Jonas Valanciunas,2017-18,77,1727.2666666666667,390,687,30,74,170,211,183,477,660,81,29,69,115,192,980,2018,25.0
202685,Jonas Valanciunas,2018-19,49,1091.1666666666667,301,538,14,48,147,185,106,313,419,70,19,53,90,146,763,2019,26.0
202685,Jonas Valanciunas,2019-20,70,1845.0833333333333,432,739,32,91,148,200,213,575,788,131,30,76,127,185,1044,2020,27.0
202685,Jonas Valanciunas,2020-21,62,1755.35,440,743,21,57,157,203,253,523,776,112,35,57,100,179,1058,2021,28.0
202685,Jonas Valanciunas,2021-22,74,2240.0666666666666,510,938,57,158,237,289,226,617,843,190,41,60,179,247,1314,2022,29.0
202685,Jonas Valanciunas,2022-23,79,1968.2333333333333,446,816,38,109,185,224,225,579,804,140,20,52,159,245,1115,2023,30.0
202685,Jonas Valanciunas,2023-24,82,1924.85,402,719,37,120,161,205,186,535,721,173,33,68,111,218,1002,2024,31.0
202687,Bismack Biyombo,2017-18,82,1494.9333333333334,183,352,0,1,102,157,144,324,468,66,21,95,84,158,468,2018,25.0
202687,Bismack Biyombo,2018-19,54,782.4333333333334,89,156,0,0,58,91,81,166,247,33,11,41,34,103,236,2019,26.0
202687,Bismack Biyombo,2019-20,53,1029.0666666666666,151,278,0,0,91,151,120,188,308,50,10,49,48,116,393,2020,27.0
202687,Bismack Biyombo,2020-21,66,1348.8,142,242,0,1,47,105,137,210,347,81,17,74,71,141,331,2021,28.0
202687,Bismack Biyombo,2021-22,36,505.9166666666667,86,145,0,0,38,71,63,104,167,23,12,26,25,70,210,2022,29.0
202687,Bismack Biyombo,2022-23,61,874.1,119,206,0,0,25,70,89,171,260,56,18,88,51,114,263,2023,30.0
202687,Bismack Biyombo,2023-24,40,791.45,74,131,0,0,26,54,62,147,209,53,11,37,42,89,174,2024,31.0
202688,Brandon Knight,2018-19,39,736.55,99,260,41,129,27,34,10,49,59,71,21,2,30,62,266,2019,27.0
202688,Brandon Knight,2019-20,25,462.48333333333335,59,167,45,131,20,34,4,37,41,69,10,3,38,40,183,2020,28.0
202688,Brandon Knight,2021-22,5,64.53333333333333,10,25,4,17,8,8,0,8,8,8,1,0,4,5,32,2022,30.0
202689,Kemba Walker,2017-18,80,2735.883333333333,588,1363,231,601,363,420,32,216,248,444,91,24,179,98,1770,2018,27.0
202689,Kemba Walker,2018-19,82,2862.65,731,1684,260,731,380,450,52,309,361,484,102,34,211,131,2102,2019,28.0
202689,Kemba Walker,2019-20,56,1742.4166666666667,378,889,180,473,209,242,36,181,217,268,48,28,117,91,1145,2020,29.0
202689,Kemba Walker,2020-21,43,1369.3833333333332,284,676,127,353,134,149,16,154,170,212,48,12,88,61,829,2021,30.0
202689,Kemba Walker,2021-22,37,947.7,149,370,73,199,60,71,14,97,111,131,26,7,48,37,431,2022,31.0
202689,Kemba Walker,2022-23,9,143.9,24,57,7,28,17,21,3,13,16,19,2,2,4,11,72,2023,32.0
202690,Jimmer Fredette,2018-19,6,64.76666666666667,8,29,0,13,6,6,1,6,7,8,3,0,5,5,22,2019,29.0
202691,Klay Thompson,2017-18,73,2504.233333333333,575,1177,229,520,82,98,31,246,277,185,55,34,128,117,1461,2018,27.0
202691,Klay Thompson,2018-19,78,2652.3333333333335,655,1402,241,599,129,158,37,262,299,186,84,47,115,157,1680,2019,28.0
202691,Klay Thompson,2021-22,32,940.8666666666667,246,573,114,296,46,51,15,110,125,88,16,17,43,54,652,2022,31.0
202691,Klay Thompson,2022-23,69,2278.9166666666665,546,1252,301,731,116,132,39,247,286,163,49,29,123,130,1509,2023,32.0
202691,Klay Thompson,2023-24,77,2284.1833333333334,490,1133,268,692,127,137,35,219,254,176,50,35,117,127,1375,2024,33.0
202692,Alec Burks,2017-18,64,1058.6666666666667,170,414,47,142,107,124,19,173,192,67,37,8,60,75,494,2018,26.0
202692,Alec Burks,2018-19,64,1374.95,192,474,61,168,116,141,30,205,235,128,39,21,65,91,561,2019,27.0
202692,Alec Burks,2019-20,66,1754.2666666666667,321,768,116,301,235,265,48,234,282,189,62,17,91,128,993,2020,28.0
202692,Alec Burks,2020-21,49,1254.5333333333333,210,500,102,246,101,118,21,206,227,107,31,14,49,102,623,2021,29.0
202692,Alec Burks,2021-22,81,2317.7166666666667,285,728,157,389,217,264,47,350,397,239,85,26,91,215,944,2022,30.0
202692,Alec Burks,2022-23,51,1122.4333333333334,200,459,99,239,153,188,19,139,158,114,38,8,58,98,652,2023,31.0
202692,Alec Burks,2023-24,66,1211.6,210,569,124,330,145,167,24,126,150,88,28,12,48,75,689,2024,32.0
202693,Markieff Morris,2017-18,73,1967.7666666666667,330,687,76,207,105,128,75,334,409,142,56,38,127,216,841,2018,28.0
202693,Markieff Morris,2018-19,58,1270.55,204,484,68,203,71,92,61,204,265,79,36,22,54,175,547,2019,29.0
202693,Markieff Morris,2019-20,58,1187.5333333333333,203,458,88,228,66,85,40,178,218,77,31,17,76,133,560,2020,30.0
202693,Markieff Morris,2020-21,61,1200.15,153,378,65,209,36,50,48,218,266,73,22,19,54,105,407,2021,31.0
202693,Markieff Morris,2021-22,17,298.3666666666667,54,114,13,39,8,9,17,28,45,23,6,1,20,33,129,2022,32.0
202693,Markieff Morris,2022-23,35,355.06666666666666,47,115,28,71,10,10,13,58,71,31,9,5,18,48,132,2023,33.0
202693,Markieff Morris,2023-24,26,216.38333333333333,23,68,15,42,5,6,4,35,39,16,5,3,12,12,66,2024,34.0
202694,Marcus Morris Sr.,2017-18,54,1442.05,262,611,86,234,124,154,43,246,289,72,35,12,65,100,734,2018,28.0
202694,Marcus Morris Sr.,2018-19,75,2090.55,377,844,146,389,146,173,76,382,458,109,43,25,92,181,1046,2019,29.0
202694,Marcus Morris Sr.,2019-20,62,1936.3166666666666,355,810,142,348,181,220,59,252,311,86,47,30,97,180,1033,2020,30.0
202694,Marcus Morris Sr.,2020-21,57,1501.9,276,584,140,296,73,89,35,199,234,58,34,15,57,117,765,2021,31.0
202694,Marcus Morris Sr.,2021-22,54,1564.3,300,691,101,275,129,148,26,213,239,113,28,18,69,115,830,2022,32.0
202694,Marcus Morris Sr.,2022-23,65,1825.1333333333334,274,643,112,307,68,87,29,229,258,114,42,21,56,136,728,2023,33.0
202694,Marcus Morris Sr.,2023-24,49,816.9833333333333,116,264,48,119,36,44,23,111,134,36,15,13,30,74,316,2024,34.0
202695,Kawhi Leonard,2017-18,9,209.86666666666667,52,111,11,35,31,38,6,36,42,21,18,9,16,9,146,2018,26.0
202695,Kawhi Leonard,2018-19,60,2040.2,560,1129,112,302,364,426,78,361,439,199,106,24,121,87,1596,2019,27.0
202695,Kawhi Leonard,2019-20,57,1848.1166666666666,532,1133,123,325,356,402,54,348,402,280,103,33,149,113,1543,2020,28.0
202695,Kawhi Leonard,2020-21,52,1772.45,465,908,101,254,261,295,55,282,337,269,81,21,105,82,1292,2021,29.0
202695,Kawhi Leonard,2022-23,52,1747.5166666666667,446,871,104,250,243,279,57,281,338,204,72,28,88,84,1239,2023,31.0
202695,Kawhi Leonard,2023-24,68,2330.05,610,1162,140,336,253,286,84,332,416,244,111,59,119,97,1613,2024,32.0
202696,Nikola Vucevic,2017-18,57,1683.15,399,840,64,204,77,94,101,422,523,191,56,62,109,144,939,2018,27.0
202696,Nikola Vucevic,2018-19,80,2510.2,701,1354,84,231,179,227,224,736,960,307,81,89,159,157,1665,2019,28.0
202696,Nikola Vucevic,2019-20,62,1998.1833333333334,493,1033,98,289,131,167,140,533,673,222,54,47,88,135,1215,2020,29.0
202696,Nikola Vucevic,2020-21,70,2348.116666666667,666,1396,176,440,131,156,146,671,817,269,65,48,126,137,1639,2021,30.0
202696,Nikola Vucevic,2021-22,73,2417.5666666666666,546,1154,104,331,92,121,142,662,804,236,70,71,136,181,1288,2022,31.0
202696,Nikola Vucevic,2022-23,82,2746.3333333333335,597,1148,121,347,132,158,159,744,903,265,60,57,139,179,1447,2023,32.0
202696,Nikola Vucevic,2023-24,76,2609.516666666667,586,1211,92,313,106,129,210,591,801,254,50,60,120,190,1370,2024,33.0
202697,Iman Shumpert,2017-18,14,276.2,22,58,7,26,11,15,7,34,41,17,9,4,16,22,62,2018,27.0
202697,Iman Shumpert,2018-19,62,1480.8,167,446,95,273,36,45,27,156,183,112,59,24,50,127,465,2019,28.0
202697,Iman Shumpert,2019-20,13,240.66666666666666,21,64,8,33,4,7,9,25,34,12,12,2,10,21,54,2020,29.0
202697,Iman Shumpert,2020-21,2,10.983333333333334,1,4,0,3,0,0,1,0,1,0,1,0,1,0,2,2021,30.0
202699,Tobias Harris,2017-18,80,2668.016666666667,562,1221,183,445,179,216,58,379,437,192,71,35,105,164,1486,2018,25.0
202699,Tobias Harris,2018-19,82,2847.8,611,1254,156,393,266,307,69,576,645,229,51,37,151,184,1644,2019,26.0
202699,Tobias Harris,2019-20,72,2469.2,553,1173,131,357,174,216,69,426,495,227,53,40,104,165,1411,2020,27.0
202699,Tobias Harris,2020-21,62,2014.3333333333333,473,924,82,208,182,204,62,357,419,220,55,51,107,119,1210,2021,28.0
202699,Tobias Harris,2021-22,73,2543.1833333333334,493,1022,101,275,170,202,77,419,496,252,47,43,116,164,1257,2022,29.0
202699,Tobias Harris,2022-23,74,2435.9166666666665,423,845,126,324,113,129,67,357,424,186,68,40,89,149,1085,2023,30.0
202699,Tobias Harris,2023-24,70,2367.8,463,951,91,258,187,213,80,373,453,217,70,46,93,115,1204,2024,31.0
202700,Donatas Motiejunas,2018-19,3,12.783333333333333,3,6,0,0,0,2,2,1,3,1,0,1,3,6,6,2019,28.0
202702,Kenneth Faried,2017-18,32,460.75,76,148,0,1,36,51,68,85,153,18,12,13,23,51,188,2018,28.0
202702,Kenneth Faried,2018-19,37,728.1833333333333,156,265,8,25,64,99,97,153,250,20,17,23,33,82,384,2019,29.0
202703,Nikola Mirotic,2017-18,55,1494.0,306,684,135,358,112,137,59,346,405,80,44,39,62,108,859,2018,26.0
202703,Nikola Mirotic,2018-19,46,1245.25,238,542,116,318,105,124,60,279,339,55,31,34,48,107,697,2019,27.0
202704,Reggie Jackson,2017-18,45,1200.9833333333333,246,577,52,169,112,134,29,96,125,238,27,4,99,87,656,2018,27.0
202704,Reggie Jackson,2018-19,82,2288.883333333333,441,1047,174,471,204,236,45,171,216,344,55,9,148,208,1260,2019,28.0
202704,Reggie Jackson,2019-20,31,742.65,134,326,57,145,45,54,17,75,92,126,13,5,51,59,370,2020,29.0
202704,Reggie Jackson,2020-21,67,1544.1333333333332,263,585,122,282,67,82,24,168,192,205,41,7,74,127,715,2021,30.0
202704,Reggie Jackson,2021-22,75,2336.5333333333333,479,1222,167,512,138,163,39,232,271,359,55,15,173,159,1263,2022,31.0
202704,Reggie Jackson,2022-23,68,1656.8666666666668,263,640,96,288,71,78,25,119,144,233,47,6,115,114,693,2023,32.0
202704,Reggie Jackson,2023-24,82,1816.85,326,756,102,284,79,98,33,122,155,308,44,12,106,149,833,2024,33.0
202705,MarShon Brooks,2017-18,7,192.58333333333334,51,102,19,32,20,23,8,13,21,25,11,3,16,6,141,2018,29.0
202705,MarShon Brooks,2018-19,29,386.7833333333333,76,169,15,54,23,33,12,33,45,25,9,4,21,33,190,2019,30.0
202709,Cory Joseph,2017-18,82,2209.9333333333334,256,604,67,190,70,94,39,224,263,260,80,18,87,141,649,2018,26.0
202709,Cory Joseph,2018-19,82,2063.483333333333,226,548,55,171,30,43,39,240,279,321,94,22,80,131,537,2019,27.0
202709,Cory Joseph,2019-20,72,1759.4333333333334,171,412,56,159,60,70,44,144,188,251,53,21,80,133,458,2020,28.0
202709,Cory Joseph,2020-21,63,1446.1666666666667,200,426,45,132,72,88,35,124,159,213,61,18,79,139,517,2021,29.0
202709,Cory Joseph,2021-22,65,1599.8333333333333,178,400,65,157,100,113,29,145,174,237,42,17,85,147,521,2022,30.0
202709,Cory Joseph,2022-23,62,1227.45,150,351,70,180,57,72,21,85,106,217,34,9,56,88,427,2023,31.0
202709,Cory Joseph,2023-24,26,295.9166666666667,23,64,13,42,4,7,6,24,30,42,4,3,12,25,63,2024,32.0
202710,Jimmy Butler,2017-18,59,2164.0166666666664,437,921,70,200,363,425,79,235,314,288,116,24,108,78,1307,2018,28.0
202710,Jimmy Butler,2018-19,65,2184.9666666666667,418,904,67,193,312,365,121,221,342,263,123,39,95,111,1215,2019,29.0
202710,Jimmy Butler,2019-20,58,1959.1333333333334,345,758,29,119,438,525,106,280,386,350,103,32,127,81,1157,2020,30.0
202710,Jimmy Butler,2020-21,52,1744.6333333333334,366,736,25,102,359,416,94,265,359,369,108,18,109,71,1116,2021,31.0
202710,Jimmy Butler,2021-22,57,1930.8666666666666,398,829,27,116,396,455,102,234,336,312,94,27,121,88,1219,2022,32.0
202710,Jimmy Butler,2022-23,64,2138.0333333333333,479,888,36,103,472,555,141,234,375,340,117,21,101,80,1466,2023,33.0
202710,Jimmy Butler,2023-24,60,2042.0833333333333,396,793,60,145,394,459,105,213,318,298,79,17,102,68,1246,2024,34.0
202711,Bojan Bogdanovic,2017-18,80,2464.5,404,852,155,386,178,205,30,240,270,119,55,8,106,129,1141,2018,28.0
202711,Bojan Bogdanovic,2018-19,81,2573.0666666666666,522,1051,164,386,246,305,33,300,333,161,69,1,134,138,1454,2019,29.0
202711,Bojan Bogdanovic,2019-20,63,2082.8,418,935,189,457,250,277,39,220,259,131,34,7,159,110,1275,2020,30.0
202711,Bojan Bogdanovic,2020-21,72,2215.5666666666666,406,925,180,461,233,265,40,241,281,136,45,4,128,115,1225,2021,31.0
202711,Bojan Bogdanovic,2021-22,69,2131.2833333333333,422,928,181,468,223,260,58,238,296,120,34,1,118,116,1248,2022,32.0
202711,Bojan Bogdanovic,2022-23,59,1892.8833333333334,430,882,145,353,268,303,36,187,223,152,34,8,135,113,1273,2023,33.0
202711,Bojan Bogdanovic,2023-24,57,1478.0666666666666,309,681,133,334,117,149,22,130,152,97,30,5,101,95,868,2024,34.0
202713,Kyle Singler,2017-18,12,58.833333333333336,7,21,2,5,7,13,1,9,10,2,1,0,3,4,23,2018,29.0
202714,Shelvin Mack,2017-18,69,1364.75,178,414,48,139,69,97,23,143,166,272,54,8,89,91,473,2018,27.0
202714,Shelvin Mack,2018-19,57,1246.6333333333332,163,403,46,130,58,84,18,86,104,183,47,4,66,84,430,2019,28.0
202718,Chandler Parsons,2017-18,36,691.4,108,234,51,121,17,27,14,76,90,69,18,11,35,53,284,2018,29.0
202718,Chandler Parsons,2018-19,25,495.76666666666665,68,182,29,94,22,25,4,66,70,43,19,5,32,45,187,2019,30.0
202718,Chandler Parsons,2019-20,5,54.21666666666666,5,18,4,14,0,0,1,6,7,3,4,1,3,3,14,2020,31.0
202720,Jon Leuer,2017-18,8,136.46666666666667,15,36,0,3,13,15,7,25,32,5,1,3,7,16,43,2018,28.0
202720,Jon Leuer,2018-19,41,402.3833333333333,66,113,1,11,23,31,27,70,97,14,12,4,23,60,156,2019,29.0
202722,Davis Bertans,2017-18,77,1086.2333333333333,161,366,94,252,40,49,18,135,153,74,26,28,36,93,456,2018,25.0
202722,Davis Bertans,2018-19,76,1631.7333333333333,204,453,145,338,53,60,23,241,264,100,35,33,43,133,606,2019,26.0
202722,Davis Bertans,2019-20,54,1583.0166666666667,265,610,200,472,104,122,35,210,245,92,37,33,59,139,834,2020,27.0
202722,Davis Bertans,2020-21,57,1463.6833333333334,193,478,169,428,100,115,18,150,168,49,33,13,33,136,655,2021,28.0
202722,Davis Bertans,2021-22,56,806.2833333333333,99,275,77,230,36,40,12,105,117,31,17,12,19,85,311,2022,29.0
202722,Davis Bertans,2022-23,45,491.8,69,160,55,141,13,15,10,43,53,21,11,8,10,53,206,2023,30.0
202722,Davis Bertans,2023-24,43,674.0833333333334,92,234,76,200,30,33,9,52,61,35,26,12,18,56,290,2024,31.0
202732,DeAndre Liggins,2017-18,58,723.5666666666666,40,106,19,53,2,5,7,68,75,48,37,14,20,81,101,2018,29.0
202734,E'Twaun Moore,2017-18,82,2585.9,423,832,128,301,48,68,57,181,238,187,79,12,102,182,1022,2018,28.0
202734,E'Twaun Moore,2018-19,53,1462.9833333333333,256,532,76,176,45,59,35,92,127,102,40,8,59,112,633,2019,29.0
202734,E'Twaun Moore,2019-20,56,1019.8833333333333,186,437,63,167,31,45,31,100,131,78,32,11,40,80,466,2020,30.0
202734,E'Twaun Moore,2020-21,27,388.75,55,121,11,35,12,14,14,31,45,40,15,5,23,32,133,2021,31.0
202738,Isaiah Thomas,2017-18,32,861.6666666666666,157,421,55,188,117,131,17,50,67,153,15,3,95,58,486,2018,28.0
202738,Isaiah Thomas,2018-19,12,180.78333333333333,34,99,12,43,17,27,5,8,13,23,5,1,18,17,97,2019,29.0
202738,Isaiah Thomas,2019-20,40,924.6833333333333,174,426,78,189,62,76,11,57,68,146,13,6,77,77,488,2020,30.0
202738,Isaiah Thomas,2020-21,3,48.266666666666666,9,27,3,12,2,2,1,3,4,5,1,0,6,3,23,2021,31.0
202738,Isaiah Thomas,2021-22,22,333.3333333333333,67,167,28,83,22,26,4,25,29,34,7,5,15,34,184,2022,32.0
202738,Isaiah Thomas,2023-24,6,19.383333333333333,3,10,2,4,0,0,0,0,0,3,0,0,0,0,8,2024,34.0
202779,Dwight Buycks,2017-18,29,427.25,82,198,15,45,36,41,12,29,41,59,19,2,39,39,215,2018,28.0
202918,Xavier Silas,2017-18,2,7.5,0,3,0,2,0,0,1,1,2,0,1,0,0,1,0,2018,30.0
202933,Julyan Stone,2017-18,23,174.75,6,13,6,13,1,2,1,28,29,26,4,2,7,21,19,2018,29.0
202951,Jeremy Pargo,2019-20,3,44.31666666666667,11,22,3,7,0,1,1,2,3,8,1,0,4,8,25,2020,33.0
203076,Anthony Davis,2017-18,75,2727.266666666667,780,1462,55,162,495,598,187,644,831,174,115,193,162,159,2110,2018,24.0
203076,Anthony Davis,2018-19,56,1849.8666666666666,530,1026,48,145,344,433,174,498,672,218,88,135,112,132,1452,2019,25.0
203076,Anthony Davis,2019-20,62,2131.1833333333334,551,1096,72,218,444,525,142,435,577,200,91,143,154,156,1618,2020,26.0
203076,Anthony Davis,2020-21,36,1161.75,301,613,26,100,158,214,62,224,286,110,45,59,74,60,786,2021,27.0
203076,Anthony Davis,2021-22,40,1404.2666666666667,370,695,13,70,174,244,106,288,394,122,49,90,82,97,927,2022,28.0
203076,Anthony Davis,2022-23,56,1904.5333333333333,542,962,19,74,348,444,195,507,702,148,59,114,122,146,1451,2023,29.0
203076,Anthony Davis,2023-24,76,2700.2666666666664,713,1283,29,107,421,516,239,722,961,266,91,178,159,177,1876,2024,30.0
203077,Michael Kidd-Gilchrist,2017-18,74,1850.2833333333333,282,560,0,2,117,171,84,218,302,71,51,32,53,143,681,2018,24.0
203077,Michael Kidd-Gilchrist,2018-19,64,1179.2333333333333,158,332,16,47,95,123,88,158,246,61,32,39,43,156,427,2019,25.0
203077,Michael Kidd-Gilchrist,2019-20,25,280.68333333333334,22,66,5,20,11,14,14,53,67,14,2,6,16,37,60,2020,26.0
203078,Bradley Beal,2017-18,82,2976.7,683,1484,199,530,292,369,61,302,363,373,96,36,214,160,1857,2018,24.0
203078,Bradley Beal,2018-19,82,3027.633333333333,764,1609,209,596,362,448,89,322,411,448,121,58,224,226,2099,2019,25.0
203078,Bradley Beal,2019-20,57,2053.116666666667,593,1303,170,481,385,457,52,190,242,347,71,23,194,126,1741,2020,26.0
203078,Bradley Beal,2020-21,60,2147.016666666667,670,1382,130,373,408,459,72,211,283,265,69,22,187,140,1878,2021,27.0
203078,Bradley Beal,2021-22,40,1438.95,348,771,63,210,169,203,38,151,189,265,36,15,135,95,928,2022,28.0
203078,Bradley Beal,2022-23,50,1672.9666666666667,444,878,80,219,192,228,41,155,196,271,45,33,145,107,1160,2023,29.0
203078,Bradley Beal,2023-24,53,1766.75,377,735,101,235,109,134,54,178,232,265,52,27,131,127,964,2024,30.0
203079,Dion Waiters,2017-18,30,917.5333333333333,163,410,52,170,51,69,8,69,77,113,23,9,70,61,429,2018,26.0
203079,Dion Waiters,2018-19,44,1137.9,198,478,109,289,22,44,7,109,116,121,29,9,64,72,527,2019,27.0
203079,Dion Waiters,2019-20,10,207.45000000000002,41,99,15,47,14,17,2,22,24,20,4,6,16,21,111,2020,28.0
203081,Damian Lillard,2017-18,73,2669.9166666666665,621,1415,227,629,493,538,62,263,325,481,77,27,206,117,1962,2018,27.0
203081,Damian Lillard,2018-19,80,2837.75,681,1533,237,643,468,513,68,303,371,551,88,34,212,148,2067,2019,28.0
203081,Damian Lillard,2019-20,66,2473.65,624,1349,270,674,460,518,33,251,284,530,70,22,194,114,1978,2020,29.0
203081,Damian Lillard,2020-21,67,2397.8,602,1334,275,704,449,484,32,251,283,505,62,17,203,102,1928,2021,30.0
203081,Damian Lillard,2021-22,29,1056.1833333333334,222,552,92,284,159,181,13,107,120,212,17,11,83,37,695,2022,31.0
203081,Damian Lillard,2022-23,58,2106.6,556,1202,244,658,510,558,44,233,277,425,50,18,191,109,1866,2023,32.0
203081,Damian Lillard,2023-24,73,2578.4166666666665,541,1277,220,622,473,514,36,284,320,508,72,18,193,134,1775,2024,33.0
203082,Terrence Ross,2017-18,24,600.3833333333333,76,191,30,93,27,36,10,63,73,38,27,11,29,45,209,2018,26.0
203082,Terrence Ross,2018-19,81,2150.0666666666666,440,1027,217,566,126,144,27,253,280,135,72,29,90,119,1223,2019,27.0
203082,Terrence Ross,2019-20,69,1889.1166666666666,341,846,177,504,157,184,13,209,222,82,77,24,70,109,1016,2020,28.0
203082,Terrence Ross,2020-21,46,1346.5166666666667,254,616,89,264,120,138,15,143,158,108,47,21,74,88,717,2021,29.0
203082,Terrence Ross,2021-22,63,1448.2,220,554,77,264,112,130,20,141,161,116,28,12,75,68,629,2022,30.0
203082,Terrence Ross,2022-23,63,1330.5,200,465,95,258,27,34,22,132,154,95,35,10,43,97,522,2023,31.0
203083,Andre Drummond,2017-18,78,2624.866666666667,466,881,0,11,239,395,399,848,1247,237,114,127,200,250,1171,2018,24.0
203083,Andre Drummond,2018-19,79,2646.9,561,1052,5,38,243,412,423,809,1232,112,136,138,175,272,1370,2019,25.0
203083,Andre Drummond,2019-20,57,1878.2166666666667,418,784,5,35,169,294,250,614,864,152,109,93,203,201,1010,2020,26.0
203083,Andre Drummond,2020-21,46,1241.5833333333333,282,572,0,8,123,205,166,385,551,94,63,49,124,149,687,2021,27.0
203083,Andre Drummond,2021-22,73,1436.7833333333333,247,433,0,3,86,164,229,451,680,131,78,68,115,192,580,2022,28.0
203083,Andre Drummond,2022-23,67,849.1333333333333,166,274,0,3,67,125,138,306,444,33,45,27,75,117,399,2023,29.0
203083,Andre Drummond,2023-24,79,1351.2833333333333,267,480,0,3,129,218,265,443,708,37,73,48,81,140,663,2024,30.0
203084,Harrison Barnes,2017-18,77,2634.4666666666667,537,1208,119,333,259,313,77,391,468,152,49,14,118,94,1452,2018,25.0
203084,Harrison Barnes,2018-19,77,2532.5833333333335,431,1027,174,441,229,278,57,304,361,115,50,13,98,122,1265,2019,26.0
203084,Harrison Barnes,2019-20,72,2481.65,365,793,102,268,214,267,77,278,355,159,43,12,88,93,1046,2020,27.0
203084,Harrison Barnes,2020-21,58,2102.4333333333334,319,642,100,256,195,235,64,321,385,201,43,11,93,75,933,2021,28.0
203084,Harrison Barnes,2021-22,77,2586.733333333333,391,834,142,360,341,413,82,350,432,186,53,14,118,94,1265,2022,29.0
203084,Harrison Barnes,2022-23,82,2662.0666666666666,374,791,132,353,350,413,87,279,366,128,57,10,86,103,1230,2023,30.0
203084,Harrison Barnes,2023-24,82,2380.883333333333,347,732,149,385,157,196,67,182,249,99,54,12,58,98,1000,2024,31.0
203085,Austin Rivers,2017-18,61,2056.55,341,805,136,360,102,159,27,118,145,242,74,16,109,152,920,2018,25.0
203085,Austin Rivers,2018-19,76,2027.7333333333333,232,572,104,327,50,95,25,137,162,167,47,23,68,207,618,2019,26.0
203085,Austin Rivers,2019-20,68,1593.95,211,501,96,270,78,111,27,148,175,113,49,10,50,129,596,2020,27.0
203085,Austin Rivers,2020-21,36,844.9833333333333,104,245,55,149,22,31,8,74,82,81,30,2,36,64,285,2021,28.0
203085,Austin Rivers,2021-22,67,1479.8666666666668,146,350,79,231,32,44,19,95,114,90,51,6,54,121,403,2022,29.0
203085,Austin Rivers,2022-23,52,1016.3333333333334,91,209,43,123,30,39,5,78,83,75,28,4,23,80,255,2023,30.0
203086,Meyers Leonard,2017-18,33,253.65,46,78,11,26,9,11,12,58,70,17,7,0,10,36,112,2018,25.0
203086,Meyers Leonard,2018-19,61,877.7,132,242,50,111,43,51,49,184,233,75,13,9,43,105,357,2019,26.0
203086,Meyers Leonard,2019-20,51,1033.9333333333334,119,234,53,128,18,28,30,230,260,55,14,15,39,107,309,2020,27.0
203086,Meyers Leonard,2020-21,3,29.383333333333333,3,7,3,7,1,2,0,7,7,2,0,0,2,5,10,2021,28.0
203086,Meyers Leonard,2022-23,9,113.75,14,29,7,18,8,9,12,22,34,1,2,0,6,16,43,2023,30.0
203087,Jeremy Lamb,2017-18,80,1967.3666666666668,380,832,94,254,179,208,49,275,324,186,61,32,93,138,1033,2018,25.0
203087,Jeremy Lamb,2018-19,79,2250.1,431,979,115,330,231,260,65,369,434,172,88,32,80,140,1208,2019,26.0
203087,Jeremy Lamb,2019-20,46,1291.1666666666667,216,479,53,158,92,110,24,176,200,96,55,22,50,104,577,2020,27.0
203087,Jeremy Lamb,2020-21,36,765.35,120,276,52,128,71,75,25,106,131,53,34,23,22,72,363,2021,28.0
203087,Jeremy Lamb,2021-22,56,935.5,133,347,55,170,89,106,26,128,154,81,31,22,37,59,410,2022,29.0
203089,John Henson,2017-18,76,1969.4833333333333,287,502,1,7,90,158,150,363,513,114,45,109,84,202,665,2018,27.0
203089,John Henson,2018-19,14,188.41666666666666,31,67,11,31,6,10,16,55,71,14,7,11,12,16,79,2019,28.0
203089,John Henson,2019-20,40,600.1833333333334,95,171,8,36,23,46,46,116,162,54,24,42,36,78,221,2020,29.0
203090,Maurice Harkless,2017-18,59,1263.8,147,297,49,118,42,59,46,116,162,53,48,43,40,103,385,2018,24.0
203090,Maurice Harkless,2018-19,60,1415.1833333333334,189,388,33,120,49,73,77,192,269,74,67,53,45,163,460,2019,25.0
203090,Maurice Harkless,2019-20,62,1426.75,142,283,34,98,39,66,55,185,240,68,58,33,53,148,357,2020,26.0
203090,Maurice Harkless,2020-21,37,771.9,69,165,23,84,33,43,13,76,89,44,30,20,22,86,194,2021,27.0
203090,Maurice Harkless,2021-22,47,863.5,83,181,31,101,20,28,12,100,112,23,29,24,31,77,217,2022,28.0
203092,Tyler Zeller,2017-18,66,1108.2,187,334,10,28,57,79,110,195,305,47,15,35,47,126,441,2018,28.0
203092,Tyler Zeller,2018-19,6,92.85,16,30,0,1,14,18,11,13,24,4,1,3,4,20,46,2019,29.0
203092,Tyler Zeller,2019-20,2,3.8833333333333333,1,4,0,0,0,0,3,1,4,0,0,0,0,0,2,2020,30.0
203093,Terrence Jones,2018-19,2,5.1,1,4,0,2,0,1,0,4,4,0,0,0,1,1,2,2019,27.0
203095,Evan Fournier,2017-18,57,1837.2,368,802,127,335,150,173,23,157,180,165,47,16,95,138,1013,2018,25.0
203095,Evan Fournier,2018-19,81,2553.2833333333333,468,1069,153,450,137,170,38,220,258,295,71,12,154,225,1226,2019,26.0
203095,Evan Fournier,2019-20,66,2075.616666666667,434,929,173,434,180,220,18,153,171,209,71,15,125,161,1221,2020,27.0
203095,Evan Fournier,2020-21,42,1259.0166666666667,247,541,117,283,108,137,10,118,128,144,47,19,73,96,719,2021,28.0
203095,Evan Fournier,2021-22,80,2357.983333333333,402,965,241,619,80,113,34,176,210,171,79,20,105,180,1125,2022,29.0
203095,Evan Fournier,2022-23,27,458.7166666666667,56,166,35,114,18,21,4,45,49,36,16,3,22,46,165,2023,30.0
203095,Evan Fournier,2023-24,32,579.6666666666666,79,221,33,130,29,36,5,53,58,48,29,7,21,48,220,2024,31.0
203098,John Jenkins,2018-19,26,333.1,42,105,22,58,15,18,6,31,37,22,0,2,9,10,121,2019,27.0
203101,Miles Plumlee,2017-18,55,917.6666666666666,105,180,0,0,27,60,77,151,228,45,17,30,63,79,237,2018,29.0
203101,Miles Plumlee,2018-19,18,172.91666666666666,32,48,0,0,16,30,16,23,39,17,6,4,10,14,80,2019,30.0
203104,Marquis Teague,2017-18,3,73.78333333333333,4,16,1,4,2,5,1,5,6,13,4,0,3,5,11,2018,24.0
203107,Tomas Satoransky,2017-18,73,1642.6833333333334,201,384,47,101,75,96,72,161,233,286,52,15,83,131,524,2018,26.0
203107,Tomas Satoransky,2018-19,80,2163.5833333333335,257,530,64,162,131,160,82,197,279,399,82,13,120,172,709,2019,27.0
203107,Tomas Satoransky,2019-20,65,1877.9666666666667,237,551,64,199,106,121,76,178,254,354,80,7,130,135,644,2020,28.0
203107,Tomas Satoransky,2020-21,58,1306.55,169,329,42,118,67,79,30,112,142,271,40,14,96,89,447,2021,29.0
203107,Tomas Satoransky,2021-22,55,905.9833333333333,72,191,11,53,43,54,27,99,126,184,29,5,46,71,198,2022,30.0
203109,Jae Crowder,2017-18,80,2089.55,271,671,110,341,121,148,59,216,275,99,64,21,74,187,773,2018,27.0
203109,Jae Crowder,2018-19,80,2165.75,318,797,173,522,142,197,60,324,384,133,64,31,85,170,951,2019,28.0
203109,Jae Crowder,2019-20,65,1874.7166666666667,226,563,135,394,97,125,52,332,384,161,72,24,69,143,684,2020,29.0
203109,Jae Crowder,2020-21,60,1648.4,199,492,148,380,57,75,32,250,282,127,48,27,55,125,603,2021,30.0
203109,Jae Crowder,2021-22,67,1885.8666666666668,217,544,127,365,71,90,30,324,354,124,95,30,55,173,632,2022,31.0
203109,Jae Crowder,2022-23,18,339.7166666666667,45,94,24,55,10,12,17,52,69,27,12,6,7,27,124,2023,32.0
203109,Jae Crowder,2023-24,50,1155.6833333333334,114,270,58,166,26,36,31,130,161,66,38,9,23,74,312,2024,33.0
203110,Draymond Green,2017-18,70,2286.8,281,619,77,256,134,173,75,460,535,508,95,91,202,185,773,2018,27.0
203110,Draymond Green,2018-19,66,2064.7,188,422,47,165,63,91,60,421,481,454,95,70,169,197,486,2019,28.0
203110,Draymond Green,2019-20,43,1221.6666666666667,123,316,36,129,63,83,23,243,266,266,59,33,98,110,345,2020,29.0
203110,Draymond Green,2020-21,63,1981.7833333333333,170,380,34,126,70,88,55,393,448,558,105,52,188,194,444,2021,30.0
203110,Draymond Green,2021-22,46,1329.0166666666667,135,257,16,54,60,91,45,291,336,320,61,50,139,136,346,2022,31.0
203110,Draymond Green,2022-23,73,2297.6666666666665,250,474,40,131,77,108,66,459,525,500,74,61,204,229,617,2023,32.0
203110,Draymond Green,2023-24,55,1490.25,185,372,51,129,54,74,76,322,398,332,55,47,135,166,475,2024,33.0
203112,Quincy Acy,2017-18,70,1359.2166666666667,130,365,102,292,49,60,40,217,257,57,33,29,60,149,411,2018,27.0
203112,Quincy Acy,2018-19,10,122.93333333333334,4,18,2,15,7,10,3,22,25,8,1,4,4,24,17,2019,28.0
203114,Khris Middleton,2017-18,82,2981.983333333333,593,1272,146,407,320,362,45,384,429,328,119,21,191,270,1652,2018,26.0
203114,Khris Middleton,2018-19,77,2393.35,506,1148,179,474,216,258,50,411,461,331,80,7,174,172,1407,2019,27.0
203114,Khris Middleton,2019-20,62,1852.6666666666667,471,947,147,354,208,227,44,338,382,265,53,7,137,142,1297,2020,28.0
203114,Khris Middleton,2020-21,68,2268.616666666667,511,1074,151,365,212,236,54,352,406,370,74,9,178,160,1385,2021,29.0
203114,Khris Middleton,2021-22,66,2141.3166666666666,452,1021,162,434,259,291,41,315,356,358,76,18,190,160,1325,2022,30.0
203114,Khris Middleton,2022-23,33,800.7833333333333,177,406,51,162,92,102,28,112,140,163,23,5,71,68,497,2023,31.0
203114,Khris Middleton,2023-24,55,1487.2833333333333,317,643,94,247,100,120,40,217,257,292,51,15,127,141,828,2024,32.0
203115,Will Barton,2017-18,81,2682.883333333333,465,1028,156,422,182,226,70,339,409,331,82,52,149,168,1268,2018,27.0
203115,Will Barton,2018-19,43,1188.9666666666667,185,460,67,196,57,74,32,167,199,124,18,22,65,82,494,2019,28.0
203115,Will Barton,2019-20,58,1915.8666666666668,332,738,108,288,102,133,76,289,365,212,61,29,88,121,874,2020,29.0
203115,Will Barton,2020-21,56,1735.7666666666667,259,608,98,257,95,121,39,187,226,181,50,23,96,95,711,2021,30.0
203115,Will Barton,2021-22,71,2276.4666666666667,392,896,157,430,102,127,44,296,340,276,55,31,127,114,1043,2022,31.0
203115,Will Barton,2022-23,56,992.9666666666667,138,364,66,180,37,47,15,122,137,112,28,13,48,56,379,2023,32.0
203118,Mike Scott,2017-18,76,1406.35,276,524,66,163,50,76,50,197,247,80,23,10,79,148,668,2018,29.0
203118,Mike Scott,2018-19,79,1395.8,168,420,101,252,22,33,43,233,276,66,26,13,44,156,459,2019,30.0
203118,Mike Scott,2019-20,68,1207.0666666666666,149,350,80,217,30,37,65,183,248,56,22,5,26,96,408,2020,31.0
203118,Mike Scott,2020-21,51,851.65,76,211,53,155,8,12,11,109,120,40,24,14,19,72,213,2021,32.0
203121,Darius Miller,2017-18,82,1944.4333333333334,216,487,147,358,58,67,18,146,164,111,28,17,58,160,637,2018,27.0
203121,Darius Miller,2018-19,69,1757.4833333333333,189,484,133,364,56,71,14,114,128,146,40,23,59,165,567,2019,28.0
203121,Darius Miller,2020-21,18,196.81666666666666,22,48,17,42,12,12,2,22,24,21,13,5,8,13,73,2021,30.0
203124,Kyle O'Quinn,2017-18,77,1386.6333333333334,224,384,4,17,98,127,121,349,470,158,36,98,100,192,550,2018,27.0
203124,Kyle O'Quinn,2018-19,45,370.75,69,136,1,12,17,21,29,90,119,56,9,25,31,68,156,2019,28.0
203124,Kyle O'Quinn,2019-20,29,312.6333333333333,42,85,7,27,11,20,34,82,116,51,7,24,20,37,102,2020,29.0
203141,Mirza Teletovic,2017-18,10,159.16666666666666,25,57,21,45,0,0,3,20,23,10,4,1,7,14,71,2018,32.0
203145,Kent Bazemore,2017-18,65,1789.45,284,676,108,274,160,201,25,223,248,228,100,45,157,147,836,2018,28.0
203145,Kent Bazemore,2018-19,67,1643.4,278,691,96,300,127,175,37,224,261,152,89,42,121,170,779,2019,29.0
203145,Kent Bazemore,2019-20,68,1687.75,200,534,84,244,113,147,27,267,294,93,74,40,91,196,597,2020,30.0
203145,Kent Bazemore,2020-21,67,1333.55,176,392,75,184,54,78,26,203,229,108,69,33,82,158,481,2021,31.0
203145,Kent Bazemore,2021-22,39,544.6,45,139,29,80,13,17,13,56,69,34,25,9,21,70,132,2022,32.0
203159,Scott Machado,2018-19,4,19.166666666666664,4,6,1,1,1,1,0,0,0,3,1,0,0,2,10,2019,28.0
203186,Willie Reed,2017-18,42,427.90000000000003,81,121,1,2,32,55,35,86,121,10,9,22,19,56,195,2018,27.0
203200,Justin Holiday,2017-18,72,2264.9333333333334,290,782,161,449,135,164,31,260,291,153,80,31,93,134,876,2018,28.0
203200,Justin Holiday,2018-19,82,2606.65,300,777,162,465,95,106,46,277,323,146,121,36,104,164,857,2019,29.0
203200,Justin Holiday,2019-20,73,1825.6833333333334,208,486,134,331,53,67,32,206,238,93,87,46,44,137,603,2020,30.0
203200,Justin Holiday,2020-21,72,2183.3166666666666,258,625,173,453,67,85,32,224,256,119,74,41,54,135,756,2021,31.0
203200,Justin Holiday,2021-22,74,2056.7833333333333,261,662,177,482,50,62,29,161,190,128,57,33,70,154,749,2022,32.0
203200,Justin Holiday,2022-23,46,706.1333333333333,77,204,46,143,5,8,5,50,55,41,19,19,22,68,205,2023,33.0
203200,Justin Holiday,2023-24,58,862.0333333333333,88,194,55,136,3,4,9,62,71,67,36,9,14,69,234,2024,34.0
203210,JaMychal Green,2017-18,55,1541.85,223,488,43,127,80,111,147,317,464,79,32,25,76,153,569,2018,27.0
203210,JaMychal Green,2018-19,65,1370.6166666666668,230,476,71,176,80,101,104,305,409,50,45,34,87,193,611,2019,28.0
203210,JaMychal Green,2019-20,63,1307.1,151,352,92,238,36,48,77,311,388,49,29,24,54,174,430,2020,29.0
203210,JaMychal Green,2020-21,58,1119.8333333333333,173,374,79,198,46,57,85,192,277,53,26,22,53,144,471,2021,30.0
203210,JaMychal Green,2021-22,67,1085.45,159,327,33,124,81,93,81,200,281,59,43,26,57,158,432,2022,31.0
203210,JaMychal Green,2022-23,57,796.75,136,252,42,111,52,67,72,133,205,51,25,23,52,105,366,2023,32.0
203263,James Nunnally,2018-19,15,101.48333333333333,12,34,8,25,4,4,0,5,5,7,1,0,1,10,36,2019,28.0
203263,James Nunnally,2020-21,9,47.8,5,13,4,12,1,2,2,7,9,3,0,0,2,1,15,2021,30.0
203382,Aron Baynes,2017-18,81,1484.5,210,446,3,21,59,78,130,304,434,93,22,51,80,200,482,2018,31.0
203382,Aron Baynes,2018-19,51,820.8333333333334,105,223,21,61,53,62,88,152,240,57,12,34,40,125,284,2019,32.0
203382,Aron Baynes,2019-20,42,934.45,183,381,59,168,56,75,71,166,237,67,10,23,50,141,481,2020,33.0
203382,Aron Baynes,2020-21,53,980.2833333333333,134,304,27,103,29,41,87,186,273,47,17,22,46,119,324,2021,34.0
203457,Nerlens Noel,2017-18,30,471.6,55,105,0,1,21,28,48,120,168,20,31,22,26,59,131,2018,23.0
203457,Nerlens Noel,2018-19,77,1055.65,162,276,0,0,54,79,127,198,325,45,66,96,48,166,378,2019,24.0
203457,Nerlens Noel,2019-20,61,1126.95,184,269,1,3,80,106,91,209,300,57,59,91,66,166,449,2020,25.0
203457,Nerlens Noel,2020-21,64,1546.6,137,223,0,3,50,70,142,265,407,46,70,141,65,176,324,2021,26.0
203457,Nerlens Noel,2021-22,25,561.9666666666667,32,60,0,3,21,30,48,93,141,23,30,31,20,67,85,2022,27.0
203457,Nerlens Noel,2022-23,17,194.68333333333334,13,36,1,2,8,12,10,36,46,10,16,10,13,32,35,2023,28.0
203458,Alex Len,2017-18,69,1395.3833333333332,214,378,1,3,158,231,175,343,518,82,27,61,78,158,587,2018,24.0
203458,Alex Len,2018-19,77,1544.1333333333334,320,648,74,204,140,216,158,266,424,86,27,69,97,200,854,2019,25.0
203458,Alex Len,2019-20,55,970.5333333333333,177,319,16,59,68,105,100,221,321,50,23,48,55,127,438,2020,26.0
203458,Alex Len,2020-21,64,978.75,171,278,8,25,73,116,78,182,260,49,20,64,55,127,423,2021,27.0
203458,Alex Len,2021-22,39,620.2,94,176,6,21,41,63,52,109,161,45,13,25,43,100,235,2022,28.0
203458,Alex Len,2022-23,26,161.25,16,30,0,2,11,16,24,36,60,12,4,11,16,28,43,2023,29.0
203458,Alex Len,2023-24,48,444.26666666666665,50,81,0,3,20,34,46,82,128,50,11,33,27,66,120,2024,30.0
203459,Allen Crabbe,2017-18,75,2197.2166666666667,337,827,201,532,115,135,28,296,324,117,47,35,78,168,990,2018,25.0
203459,Allen Crabbe,2018-19,43,1133.1166666666666,137,373,98,259,41,56,16,132,148,46,23,13,46,102,413,2019,26.0
203459,Allen Crabbe,2019-20,37,653.0166666666667,63,177,36,119,10,14,11,66,77,33,15,4,17,47,172,2020,27.0
203460,Andre Roberson,2017-18,39,1036.7,87,162,8,36,12,38,75,110,185,46,45,35,30,89,194,2018,26.0
203460,Andre Roberson,2019-20,7,86.96666666666667,8,29,3,14,1,2,7,20,27,4,1,3,2,13,20,2020,28.0
203460,Andre Roberson,2020-21,5,62.93333333333333,2,14,1,8,1,2,7,8,15,4,3,1,2,4,6,2021,29.0
203463,Ben McLemore,2017-18,56,1090.6333333333334,157,373,55,159,53,64,34,105,139,51,38,15,61,139,422,2018,24.0
203463,Ben McLemore,2018-19,19,157.61666666666667,25,64,17,41,8,12,3,14,17,4,6,3,5,22,75,2019,25.0
203463,Ben McLemore,2019-20,71,1619.4666666666667,242,545,181,452,50,67,21,136,157,58,45,16,50,155,715,2020,26.0
203463,Ben McLemore,2020-21,53,904.8166666666666,135,365,97,280,39,53,15,85,100,39,23,9,42,88,406,2021,27.0
203463,Ben McLemore,2021-22,64,1284.9,216,539,151,417,72,88,12,91,103,59,38,10,55,103,655,2022,28.0
203469,Cody Zeller,2017-18,33,627.1666666666666,85,156,2,3,61,85,67,110,177,31,14,21,33,81,233,2018,25.0
203469,Cody Zeller,2018-19,49,1242.95,190,345,6,22,111,141,110,223,333,102,38,41,62,164,497,2019,26.0
203469,Cody Zeller,2019-20,58,1340.6166666666666,251,479,18,75,122,179,160,251,411,88,40,25,75,140,642,2020,27.0
203469,Cody Zeller,2020-21,48,1005.3666666666667,181,324,4,28,85,119,119,209,328,86,27,17,51,121,451,2021,28.0
203469,Cody Zeller,2021-22,27,354.55,51,90,0,4,38,49,50,75,125,22,8,6,19,56,140,2022,29.0
203469,Cody Zeller,2022-23,15,216.61666666666667,37,59,0,2,24,35,25,39,64,10,3,4,14,33,98,2023,30.0
203469,Cody Zeller,2023-24,43,319.71666666666664,26,62,1,3,23,38,48,64,112,39,9,5,16,45,76,2024,31.0
203471,Dennis Schroder,2017-18,67,2077.9333333333334,500,1146,76,262,225,265,44,164,208,417,72,6,183,147,1301,2018,24.0
203471,Dennis Schroder,2018-19,79,2313.75,457,1104,124,364,186,227,38,246,284,323,65,12,172,189,1224,2019,25.0
203471,Dennis Schroder,2019-20,65,1998.9333333333334,453,965,125,325,198,236,19,217,236,262,45,14,166,146,1229,2020,26.0
203471,Dennis Schroder,2020-21,61,1956.3,332,760,71,212,206,243,30,181,211,351,70,13,163,159,941,2021,27.0
203471,Dennis Schroder,2021-22,64,1837.5,312,724,86,250,157,184,34,180,214,296,53,8,143,154,867,2022,28.0
203471,Dennis Schroder,2022-23,66,1985.95,270,650,74,225,216,252,21,144,165,298,50,10,112,145,830,2023,29.0
203471,Dennis Schroder,2023-24,80,2485.983333333333,403,927,138,368,178,213,39,203,242,488,63,17,153,164,1122,2024,30.0
203473,Dewayne Dedmon,2017-18,62,1542.3,250,477,50,141,67,86,100,389,489,90,40,51,85,162,617,2018,28.0
203473,Dewayne Dedmon,2018-19,64,1609.2166666666667,259,526,83,217,92,113,105,375,480,90,69,71,84,214,693,2019,29.0
203473,Dewayne Dedmon,2019-20,44,773.6833333333333,102,255,22,107,30,36,60,189,249,22,25,41,57,133,256,2020,30.0
203473,Dewayne Dedmon,2020-21,16,210.48333333333332,46,65,1,5,20,27,28,58,86,12,9,6,13,36,113,2021,31.0
203473,Dewayne Dedmon,2021-22,67,1065.1833333333334,164,290,19,47,75,100,105,281,386,47,24,42,70,174,422,2022,32.0
203473,Dewayne Dedmon,2022-23,38,426.2166666666667,77,151,12,39,33,49,34,100,134,26,9,19,25,75,199,2023,33.0
203476,Gorgui Dieng,2017-18,79,1332.6,186,388,19,61,79,102,106,254,360,71,45,39,59,147,470,2018,28.0
203476,Gorgui Dieng,2018-19,76,1031.25,189,377,19,56,88,106,81,230,311,72,48,41,57,134,485,2019,29.0
203476,Gorgui Dieng,2019-20,63,1096.5166666666667,166,364,54,152,78,101,91,263,354,73,51,59,60,124,464,2020,30.0
203476,Gorgui Dieng,2020-21,38,552.75,85,163,30,70,58,67,40,100,140,48,26,16,32,56,258,2021,31.0
203476,Gorgui Dieng,2021-22,44,371.18333333333334,53,112,29,68,19,26,32,89,121,34,11,13,20,52,154,2022,32.0
203476,Gorgui Dieng,2022-23,31,358.1166666666667,45,117,21,75,10,13,27,80,107,53,4,14,32,57,121,2023,33.0
203477,Isaiah Canaan,2017-18,20,421.7166666666667,52,137,22,66,46,51,6,39,45,76,16,1,29,36,172,2018,26.0
203477,Isaiah Canaan,2018-19,30,627.9333333333334,64,164,34,96,19,24,6,52,58,84,14,2,35,52,181,2019,27.0
203481,Jeff Withey,2017-18,10,39.3,6,16,2,10,1,2,1,9,10,0,0,3,2,3,15,2018,27.0
203482,Kelly Olynyk,2017-18,76,1778.6833333333334,316,636,106,280,134,174,89,342,431,207,62,35,147,222,872,2018,26.0
203482,Kelly Olynyk,2018-19,79,1812.3,261,564,113,319,152,185,72,303,375,140,53,37,114,183,787,2019,27.0
203482,Kelly Olynyk,2019-20,67,1300.3,184,398,95,234,86,100,44,261,305,116,45,23,71,173,549,2020,28.0
203482,Kelly Olynyk,2020-21,70,1996.9333333333334,337,697,126,368,145,175,87,402,489,203,79,42,126,207,945,2021,29.0
203482,Kelly Olynyk,2021-22,40,763.7666666666667,128,286,40,119,69,89,54,123,177,111,31,19,58,100,365,2022,30.0
203482,Kelly Olynyk,2022-23,68,1941.6,278,557,93,236,198,232,82,338,420,252,60,37,168,232,847,2023,31.0
203482,Kelly Olynyk,2023-24,78,1758.75,276,497,60,155,150,180,108,303,411,347,74,30,152,230,762,2024,32.0
203484,Kentavious Caldwell-Pope,2017-18,74,2457.9166666666665,340,798,159,415,153,194,60,327,387,162,106,16,97,145,992,2018,24.0
203484,Kentavious Caldwell-Pope,2018-19,82,2035.1833333333334,325,756,151,435,137,158,48,190,238,110,73,13,65,137,938,2019,25.0
203484,Kentavious Caldwell-Pope,2019-20,69,1761.9666666666667,237,507,92,239,79,102,38,104,142,111,57,14,62,128,645,2020,26.0
203484,Kentavious Caldwell-Pope,2020-21,67,1901.9833333333333,218,506,120,293,97,112,27,152,179,127,62,26,66,114,653,2021,27.0
203484,Kentavious Caldwell-Pope,2021-22,77,2328.766666666667,361,829,159,408,137,154,41,220,261,145,83,26,97,139,1018,2022,28.0
203484,Kentavious Caldwell-Pope,2022-23,76,2381.2166666666667,292,632,135,319,103,125,35,173,208,183,112,35,86,145,822,2023,29.0
203484,Kentavious Caldwell-Pope,2023-24,76,2401.7666666666664,270,587,125,308,101,113,31,152,183,183,98,42,75,151,766,2024,30.0
203485,Lorenzo Brown,2017-18,14,138.55,14,34,2,12,2,2,1,14,15,13,5,0,3,7,32,2018,27.0
203485,Lorenzo Brown,2018-19,26,212.18333333333334,23,71,6,28,3,3,5,26,31,28,12,5,16,22,55,2019,28.0
203486,Mason Plumlee,2017-18,74,1439.4666666666667,221,368,0,1,82,179,132,268,400,142,49,81,102,184,524,2018,27.0
203486,Mason Plumlee,2018-19,82,1730.9833333333333,262,442,2,10,111,198,165,359,524,243,66,76,126,252,637,2019,28.0
203486,Mason Plumlee,2019-20,61,1057.3333333333333,177,288,0,5,83,155,98,219,317,154,33,38,82,143,437,2020,29.0
203486,Mason Plumlee,2020-21,56,1498.6166666666666,234,381,0,7,113,169,145,374,519,202,43,50,105,186,581,2021,30.0
203486,Mason Plumlee,2021-22,73,1792.55,205,320,0,2,67,171,176,389,565,226,61,52,100,224,477,2022,31.0
203486,Mason Plumlee,2022-23,79,2052.9666666666667,329,484,0,0,199,313,229,471,700,245,46,47,117,217,857,2023,32.0
203486,Mason Plumlee,2023-24,46,673.9166666666666,87,153,0,6,70,99,60,174,234,55,14,17,36,68,244,2024,33.0
203487,Michael Carter-Williams,2017-18,52,834.75,76,229,14,59,73,89,37,101,138,116,44,23,52,99,239,2018,26.0
203487,Michael Carter-Williams,2018-19,28,371.85,46,123,10,38,32,53,19,51,70,70,20,15,20,48,134,2019,27.0
203487,Michael Carter-Williams,2019-20,45,833.1666666666666,111,260,22,75,79,95,46,101,147,109,49,22,52,87,323,2020,28.0
203487,Michael Carter-Williams,2020-21,31,799.6333333333333,105,270,15,61,49,80,39,100,139,129,25,17,69,81,274,2021,29.0
203487,Michael Carter-Williams,2022-23,4,44.483333333333334,6,14,1,3,4,7,1,4,5,7,1,1,4,5,17,2023,31.0
203488,Mike Muscala,2017-18,53,1060.0666666666666,143,312,62,167,57,62,56,174,230,51,31,27,42,80,405,2018,26.0
203488,Mike Muscala,2018-19,64,1305.85,145,361,89,256,70,85,57,187,244,76,22,38,48,130,449,2019,27.0
203488,Mike Muscala,2019-20,47,571.7666666666667,77,189,54,143,18,22,16,92,108,40,9,12,17,58,226,2020,28.0
203488,Mike Muscala,2020-21,35,645.45,119,267,68,184,33,36,19,113,132,28,8,11,21,54,339,2021,29.0
203488,Mike Muscala,2021-22,43,592.5666666666667,113,248,70,163,48,57,21,108,129,22,18,26,14,58,344,2022,30.0
203488,Mike Muscala,2022-23,63,945.0833333333334,131,292,81,207,40,52,37,166,203,50,15,24,23,98,383,2023,31.0
203488,Mike Muscala,2023-24,53,600.1833333333333,56,156,28,96,17,25,39,86,125,37,9,13,22,52,157,2024,32.0
203489,Nate Wolters,2017-18,5,18.78333333333333,1,6,0,0,0,0,1,1,2,1,0,0,0,1,2,2018,26.0
203490,Otto Porter Jr.,2017-18,77,2431.5333333333333,445,885,138,313,106,128,103,389,492,157,116,41,75,151,1134,2018,24.0
203490,Otto Porter Jr.,2018-19,56,1683.7666666666667,299,643,104,256,78,96,54,260,314,120,82,31,65,108,780,2019,25.0
203490,Otto Porter Jr.,2019-20,14,330.78333333333336,62,140,24,62,19,27,13,35,48,25,15,6,11,31,167,2020,26.0
203490,Otto Porter Jr.,2020-21,28,606.8,98,227,39,104,36,42,28,124,152,55,16,4,25,41,271,2021,27.0
203490,Otto Porter Jr.,2021-22,63,1395.55,193,416,80,216,49,61,86,276,362,94,68,29,37,83,515,2022,28.0
203490,Otto Porter Jr.,2022-23,8,146.35,15,30,6,17,8,8,6,13,19,8,11,0,4,7,44,2023,29.0
203490,Otto Porter Jr.,2023-24,15,174.06666666666666,14,33,8,23,3,3,6,23,29,8,5,5,2,19,39,2024,30.0
203493,Reggie Bullock,2017-18,62,1731.5666666666666,267,546,125,281,39,49,27,127,154,95,47,13,47,70,698,2018,26.0
203493,Reggie Bullock,2018-19,63,1878.9,245,594,148,393,73,85,22,151,173,129,40,12,65,109,711,2019,27.0
203493,Reggie Bullock,2019-20,29,684.3333333333334,90,224,37,111,17,21,13,55,68,42,25,3,19,56,234,2020,28.0
203493,Reggie Bullock,2020-21,65,1949.2666666666667,248,561,163,398,50,55,16,207,223,99,52,11,45,146,709,2021,29.0
203493,Reggie Bullock,2021-22,68,1901.8833333333334,201,501,141,392,40,48,33,208,241,83,41,14,40,111,583,2022,30.0
203493,Reggie Bullock,2022-23,78,2364.516666666667,192,470,151,397,26,37,32,251,283,108,54,13,36,166,561,2023,31.0
203493,Reggie Bullock Jr.,2023-24,44,417.48333333333335,34,82,27,67,1,1,6,67,73,15,12,5,10,29,96,2024,32.0
203496,Robert Covington,2017-18,80,2531.35,345,836,203,550,116,136,55,378,433,156,137,72,126,238,1009,2018,27.0
203496,Robert Covington,2018-19,35,1202.6166666666666,156,362,85,225,68,89,28,165,193,46,74,47,47,126,465,2019,28.0
203496,Robert Covington,2019-20,70,2136.8,305,723,161,480,99,124,63,400,463,88,115,93,103,220,870,2020,29.0
203496,Robert Covington,2020-21,70,2242.8,204,509,135,356,50,62,61,405,466,117,101,84,64,195,593,2021,30.0
203496,Robert Covington,2021-22,71,1939.5166666666667,209,498,128,339,58,69,59,332,391,92,103,91,75,190,604,2022,31.0
203496,Robert Covington,2022-23,48,778.6333333333333,102,229,54,136,30,40,31,135,166,57,38,33,32,86,288,2023,32.0
203496,Robert Covington,2023-24,29,488.43333333333334,43,98,19,56,22,26,31,66,97,24,39,18,11,56,127,2024,33.0
203497,Rudy Gobert,2017-18,56,1816.05,276,444,0,0,204,299,165,436,601,80,44,129,107,153,756,2018,25.0
203497,Rudy Gobert,2018-19,81,2576.7,476,712,0,0,332,522,309,732,1041,161,66,187,130,231,1284,2019,26.0
203497,Rudy Gobert,2019-20,68,2332.7166666666667,386,557,0,0,254,403,230,686,916,101,51,135,130,215,1026,2020,27.0
203497,Rudy Gobert,2020-21,71,2186.65,391,579,0,4,233,374,240,720,960,89,40,190,118,163,1015,2021,28.0
203497,Rudy Gobert,2021-22,66,2120.45,362,508,0,4,303,439,241,727,968,72,45,137,119,176,1027,2022,29.0
203497,Rudy Gobert,2022-23,70,2148.483333333333,360,546,0,3,219,340,231,583,814,87,56,95,122,210,939,2023,30.0
203497,Rudy Gobert,2023-24,76,2593.15,406,614,0,3,249,390,285,697,982,102,52,162,118,238,1061,2024,31.0
203498,Shabazz Muhammad,2017-18,43,417.9666666666667,84,188,7,27,39,50,23,53,76,14,9,3,6,30,214,2018,25.0
203499,Shane Larkin,2017-18,54,774.7,84,219,31,86,32,37,15,77,92,98,29,2,33,58,231,2018,25.0
203500,Steven Adams,2017-18,76,2486.85,448,712,0,2,160,286,384,301,685,88,92,78,128,215,1056,2018,24.0
203500,Steven Adams,2018-19,80,2669.25,481,809,0,2,146,292,391,369,760,124,117,76,135,204,1108,2019,25.0
203500,Steven Adams,2019-20,63,1680.5333333333333,283,478,1,3,117,201,207,376,583,146,51,67,94,122,684,2020,26.0
203500,Steven Adams,2020-21,58,1604.5333333333333,189,308,0,3,60,135,213,301,514,111,54,38,78,113,438,2021,27.0
203500,Steven Adams,2021-22,76,1998.6,210,384,0,1,108,199,349,411,760,256,65,60,115,153,528,2022,28.0
203500,Steven Adams,2022-23,42,1133.3,157,263,0,1,47,129,214,271,485,97,36,46,79,98,361,2023,29.0
203501,Tim Hardaway Jr.,2017-18,57,1884.9833333333333,360,856,130,410,146,179,32,192,224,155,62,10,92,123,996,2018,25.0
203501,Tim Hardaway Jr.,2018-19,65,2056.616666666667,390,993,162,477,232,276,33,189,222,159,54,8,105,141,1174,2019,26.0
203501,Tim Hardaway Jr.,2019-20,71,2091.4,384,884,204,513,149,182,25,207,232,137,41,5,69,125,1121,2020,27.0
203501,Tim Hardaway Jr.,2020-21,70,1985.2666666666667,407,911,207,529,142,174,20,209,229,126,31,11,64,111,1163,2021,28.0
203501,Tim Hardaway Jr.,2021-22,42,1245.0,209,530,102,304,78,103,13,143,156,92,38,6,34,74,598,2022,29.0
203501,Tim Hardaway Jr.,2022-23,71,2152.25,340,847,212,550,127,165,21,230,251,129,49,12,60,120,1019,2023,30.0
203501,Tim Hardaway Jr.,2023-24,79,2120.3166666666666,392,976,211,597,144,169,22,232,254,139,42,6,69,106,1139,2024,31.0
203503,Tony Snell,2017-18,75,2053.3166666666666,185,425,108,268,38,48,9,132,141,98,47,28,36,115,516,2018,26.0
203503,Tony Snell,2018-19,74,1303.9666666666667,163,361,81,204,37,42,29,128,157,68,26,18,23,90,444,2019,27.0
203503,Tony Snell,2019-20,59,1641.1,170,382,102,254,32,32,9,102,111,127,32,15,31,101,474,2020,28.0
203503,Tony Snell,2020-21,47,992.0833333333334,88,171,62,109,11,11,18,94,112,59,13,11,21,75,249,2021,29.0
203503,Tony Snell,2021-22,53,822.5,69,171,45,128,4,4,16,87,103,28,16,9,19,70,187,2022,30.0
203504,Trey Burke,2017-18,36,784.65,193,384,38,105,37,57,13,58,71,170,24,4,43,43,461,2018,25.0
203504,Trey Burke,2018-19,58,1124.6,236,548,56,159,103,124,28,71,99,159,33,7,49,58,631,2019,26.0
203504,Trey Burke,2019-20,33,520.0333333333333,94,209,32,75,23,29,16,34,50,83,16,2,21,33,243,2020,27.0
203504,Trey Burke,2020-21,62,911.3666666666667,151,353,58,164,51,57,10,44,54,81,36,7,33,64,411,2021,28.0
203504,Trey Burke,2021-22,42,441.2,84,215,26,82,20,23,4,29,33,57,12,0,26,39,214,2022,29.0
203505,Vander Blue,2017-18,5,44.916666666666664,1,5,0,2,1,2,0,1,1,3,1,0,3,2,3,2018,25.0
203506,Victor Oladipo,2017-18,75,2552.05,640,1342,161,434,294,368,47,343,390,323,177,57,219,175,1735,2018,25.0
203506,Victor Oladipo,2018-19,36,1146.6666666666667,249,588,74,216,103,141,21,181,202,186,60,11,82,72,675,2019,26.0
203506,Victor Oladipo,2019-20,19,528.15,97,246,33,104,48,59,9,66,75,56,17,4,47,36,275,2020,27.0
203506,Victor Oladipo,2020-21,33,1080.0833333333333,235,576,78,239,104,138,12,148,160,151,46,14,83,81,652,2021,28.0
203506,Victor Oladipo,2021-22,8,173.11666666666667,35,73,15,36,14,19,3,20,23,28,5,1,16,13,99,2022,29.0
203506,Victor Oladipo,2022-23,42,1105.6333333333332,160,403,70,212,59,79,16,112,128,146,57,12,87,99,449,2023,30.0
203507,Giannis Antetokounmpo,2017-18,75,2756.2166666666667,742,1402,43,140,487,641,156,597,753,361,109,106,223,231,2014,2018,23.0
203507,Giannis Antetokounmpo,2018-19,72,2358.2166666666667,721,1247,52,203,500,686,159,739,898,424,92,110,268,232,1994,2019,24.0
203507,Giannis Antetokounmpo,2019-20,63,1916.9,685,1238,89,293,398,629,140,716,856,354,61,66,230,195,1857,2020,25.0
203507,Giannis Antetokounmpo,2020-21,61,2012.7333333333333,626,1100,67,221,398,581,97,574,671,357,72,73,207,168,1717,2021,26.0
203507,Giannis Antetokounmpo,2021-22,67,2204.25,689,1245,71,242,553,766,134,644,778,388,72,91,219,212,2002,2022,27.0
203507,Giannis Antetokounmpo,2022-23,63,2023.6833333333334,707,1278,47,171,498,772,137,605,742,359,52,51,246,197,1959,2023,28.0
203507,Giannis Antetokounmpo,2023-24,73,2567.233333333333,837,1369,34,124,514,782,196,645,841,476,87,79,250,210,2222,2024,29.0
203512,Lucas Nogueira,2017-18,49,417.8333333333333,49,80,5,19,19,28,18,69,87,22,23,43,16,49,122,2018,25.0
203516,James Ennis III,2017-18,72,1604.05,182,384,51,153,97,116,73,151,224,71,47,18,56,134,512,2018,27.0
203516,James Ennis III,2018-19,58,1229.6666666666667,138,294,55,156,58,81,60,122,182,41,41,23,34,150,389,2019,28.0
203516,James Ennis III,2019-20,69,1265.9333333333334,160,359,55,169,79,98,71,174,245,63,35,22,58,137,454,2020,29.0
203516,James Ennis III,2020-21,41,986.3,115,243,45,104,70,87,43,123,166,62,32,7,36,84,345,2021,30.0
203516,James Ennis III,2021-22,7,55.599999999999994,11,24,3,8,4,5,5,7,12,3,2,2,2,5,29,2022,31.0
203518,Alex Abrines,2017-18,75,1134.2,115,291,84,221,39,46,26,88,114,28,38,8,25,124,353,2018,24.0
203518,Alex Abrines,2018-19,31,588.3,56,157,41,127,12,13,5,43,48,20,17,6,14,53,165,2019,25.0
203521,Matthew Dellavedova,2017-18,38,712.5166666666667,55,152,29,78,25,27,14,50,64,145,14,0,49,67,164,2018,27.0
203521,Matthew Dellavedova,2018-19,48,812.1833333333333,98,242,44,130,42,52,6,71,77,181,14,2,68,75,282,2019,28.0
203521,Matthew Dellavedova,2019-20,57,820.8,62,175,21,91,32,37,18,57,75,180,20,2,59,78,177,2020,29.0
203521,Matthew Dellavedova,2020-21,13,224.1,14,56,4,25,4,4,6,18,24,58,4,1,6,21,36,2021,30.0
203521,Matthew Dellavedova,2022-23,32,212.81666666666666,17,50,9,27,4,7,1,12,13,41,7,0,10,20,47,2023,32.0
203524,Solomon Hill,2017-18,12,187.11666666666667,11,41,4,21,3,6,9,27,36,22,7,1,9,22,29,2018,26.0
203524,Solomon Hill,2018-19,44,878.5833333333334,68,178,32,101,23,32,34,99,133,55,23,10,31,80,191,2019,27.0
203524,Solomon Hill,2019-20,59,1088.3833333333334,110,278,63,171,40,54,29,136,165,104,43,12,51,85,323,2020,28.0
203524,Solomon Hill,2020-21,71,1513.5166666666667,107,298,68,212,35,46,42,172,214,75,50,11,42,116,317,2021,29.0
203524,Solomon Hill,2021-22,13,139.43333333333334,3,20,2,13,0,0,6,17,23,12,4,2,1,16,8,2022,30.0
203526,Raul Neto,2017-18,41,498.1666666666667,69,151,19,47,26,35,7,42,49,75,13,4,36,38,183,2018,25.0
203526,Raul Neto,2018-19,37,473.6333333333333,74,161,20,60,28,33,6,56,62,93,14,4,35,49,196,2019,26.0
203526,Raul Neto,2019-20,54,667.6,101,222,34,88,39,47,11,50,61,95,24,6,47,50,275,2020,27.0
203526,Raul Neto,2020-21,64,1403.2,209,447,64,164,75,85,28,128,156,146,73,6,53,109,557,2021,28.0
203526,Raul Neto,2021-22,70,1372.0,204,441,35,120,83,108,13,121,134,217,55,3,79,104,526,2022,29.0
203526,Raul Neto,2022-23,48,505.23333333333335,57,110,12,42,31,34,10,36,46,79,17,4,24,49,157,2023,30.0
203530,Joffrey Lauvergne,2017-18,55,533.9333333333333,98,190,0,5,30,47,63,108,171,41,9,3,33,45,226,2018,26.0
203546,Ian Clark,2017-18,74,1454.3833333333334,222,495,62,195,45,59,10,117,127,110,33,10,57,120,551,2018,26.0
203546,Ian Clark,2018-19,60,972.6,151,383,66,202,33,37,13,76,89,94,22,8,58,95,401,2019,27.0
203552,Seth Curry,2018-19,74,1399.45,212,465,113,251,44,52,27,93,120,66,36,12,61,97,581,2019,28.0
203552,Seth Curry,2019-20,64,1575.7666666666667,284,574,145,321,80,97,27,118,145,124,38,9,62,113,793,2020,29.0
203552,Seth Curry,2020-21,57,1638.2666666666667,258,552,126,280,69,77,10,126,136,155,44,8,65,96,711,2021,30.0
203552,Seth Curry,2021-22,64,2134.3,360,739,158,374,82,94,21,179,200,230,53,14,109,148,960,2022,31.0
203552,Seth Curry,2022-23,61,1210.7333333333333,208,449,94,232,51,55,13,87,100,99,36,7,51,96,561,2023,32.0
203552,Seth Curry,2023-24,44,615.4333333333333,80,204,38,108,28,31,18,50,68,44,22,6,21,39,226,2024,33.0
203564,Kalin Lucas,2018-19,1,5.583333333333333,0,1,0,1,2,2,0,3,3,1,0,0,0,1,2,2019,29.0
203580,Larry Drew II,2017-18,10,70.05,7,24,3,9,0,0,3,0,3,10,0,0,3,6,17,2018,27.0
203584,Troy Daniels,2017-18,79,1622.3666666666666,232,575,183,458,56,64,12,115,127,48,26,5,56,137,703,2018,26.0
203584,Troy Daniels,2018-19,51,759.7333333333333,113,275,74,194,18,23,13,60,73,26,26,5,27,79,318,2019,27.0
203584,Troy Daniels,2019-20,47,531.9666666666667,72,186,46,132,10,16,12,40,52,17,11,3,12,37,200,2020,28.0
203585,Rodney McGruder,2017-18,18,299.23333333333335,36,73,15,35,4,8,11,22,33,17,8,3,4,21,91,2018,26.0
203585,Rodney McGruder,2018-19,66,1549.7166666666667,186,461,79,225,52,72,60,178,238,112,36,12,64,115,503,2019,27.0
203585,Rodney McGruder,2019-20,56,871.0166666666667,72,181,24,89,19,34,29,122,151,36,26,8,24,74,187,2020,28.0
203585,Rodney McGruder,2020-21,16,193.66666666666666,37,70,11,24,6,8,8,14,22,16,8,1,7,12,91,2021,29.0
203585,Rodney McGruder,2021-22,51,754.0666666666667,98,225,58,146,19,26,31,80,111,48,21,7,24,58,273,2022,30.0
203585,Rodney McGruder,2022-23,32,523.9,62,152,41,97,18,22,20,54,74,28,16,1,11,39,183,2023,31.0
203613,Jonathon Simmons,2017-18,69,2029.2333333333333,354,761,69,204,185,241,61,178,239,171,58,16,146,175,962,2018,28.0
203613,Jonathon Simmons,2018-19,56,1064.2833333333333,133,350,28,104,72,97,27,99,126,128,29,15,68,89,366,2019,29.0
203648,Thanasis Antetokounmpo,2019-20,20,128.61666666666667,24,48,0,10,7,17,12,12,24,15,7,2,12,18,55,2020,27.0
203648,Thanasis Antetokounmpo,2020-21,57,551.0833333333334,67,137,7,29,25,49,54,70,124,46,22,10,43,74,166,2021,28.0
203648,Thanasis Antetokounmpo,2021-22,48,473.35,70,128,2,14,29,46,40,61,101,22,16,12,26,68,171,2022,29.0
203648,Thanasis Antetokounmpo,2022-23,37,206.21666666666667,20,46,0,8,11,22,15,29,44,15,3,3,12,22,51,2023,30.0
203648,Thanasis Antetokounmpo,2023-24,34,155.45,16,30,0,1,0,2,7,6,13,17,7,4,14,24,32,2024,31.0
203816,Scotty Hopson,2017-18,1,8.383333333333333,0,1,0,0,1,2,0,0,0,1,0,0,1,0,1,2018,28.0
203816,Scotty Hopson,2021-22,1,17.733333333333334,2,4,0,1,0,0,0,1,1,1,0,0,2,1,4,2022,32.0
203894,Shabazz Napier,2017-18,74,1535.5,223,531,82,218,116,138,26,144,170,150,81,14,90,84,644,2018,26.0
203894,Shabazz Napier,2018-19,56,982.8333333333334,169,435,76,228,115,138,18,82,100,143,41,16,66,67,529,2019,27.0
203894,Shabazz Napier,2019-20,56,1344.5,188,456,76,240,126,153,26,132,158,262,69,11,128,101,578,2020,28.0
203895,Jordan McRae,2018-19,27,332.8666666666667,61,130,10,35,28,35,6,34,40,30,13,7,15,26,160,2019,27.0
203895,Jordan McRae,2019-20,37,784.5333333333333,149,366,45,126,83,109,18,106,124,93,21,16,43,73,426,2020,28.0
203897,Zach LaVine,2017-18,24,656.3000000000001,136,355,42,123,87,107,9,85,94,72,24,4,43,55,401,2018,22.0
203897,Zach LaVine,2018-19,63,2170.883333333333,530,1135,120,321,312,375,40,254,294,283,60,26,215,140,1492,2019,23.0
203897,Zach LaVine,2019-20,60,2085.4166666666665,539,1199,184,484,268,334,41,248,289,254,88,28,206,131,1530,2020,24.0
203897,Zach LaVine,2020-21,58,2033.6166666666666,569,1123,200,477,253,298,36,253,289,282,46,27,203,138,1591,2021,25.0
203897,Zach LaVine,2021-22,67,2328.1,565,1186,185,475,320,375,22,286,308,303,41,23,171,120,1635,2022,26.0
203897,Zach LaVine,2022-23,77,2767.95,673,1388,204,544,363,428,42,303,345,327,69,18,194,159,1913,2023,27.0
203897,Zach LaVine,2023-24,25,871.8666666666667,170,376,59,169,88,103,8,121,129,98,21,8,52,57,487,2024,28.0
203898,Tyler Ennis,2017-18,54,683.35,94,224,14,56,22,29,19,76,95,105,30,10,38,75,224,2018,23.0
203900,Markel Brown,2017-18,4,31.483333333333334,2,7,1,5,0,0,1,4,5,2,0,0,2,6,5,2018,26.0
203901,Elfrid Payton,2017-18,63,1808.5,329,667,30,92,109,168,64,210,274,393,83,22,168,147,797,2018,23.0
203901,Elfrid Payton,2018-19,42,1249.7833333333333,179,412,33,105,55,74,49,171,220,320,44,17,112,81,446,2019,24.0
203901,Elfrid Payton,2019-20,45,1245.8833333333334,193,440,14,69,49,86,52,160,212,323,70,17,96,89,449,2020,25.0
203901,Elfrid Payton,2020-21,63,1484.4166666666667,269,622,28,98,73,107,64,152,216,203,47,9,103,116,639,2021,26.0
203901,Elfrid Payton,2021-22,50,549.1666666666666,67,175,4,18,12,32,21,67,88,99,25,6,47,38,150,2022,27.0
203903,Jordan Clarkson,2017-18,81,1887.4,430,954,112,318,152,190,57,160,217,221,58,6,127,107,1124,2018,25.0
203903,Jordan Clarkson,2018-19,81,2214.5333333333333,529,1180,144,445,162,192,82,188,270,196,57,13,135,112,1364,2019,26.0
203903,Jordan Clarkson,2019-20,71,1704.75,394,867,152,413,138,165,50,137,187,136,46,16,97,108,1078,2020,27.0
203903,Jordan Clarkson,2020-21,68,1817.65,457,1075,208,599,129,144,47,227,274,168,61,10,115,110,1251,2021,28.0
203903,Jordan Clarkson,2021-22,79,2140.866666666667,466,1113,190,597,144,174,67,206,273,194,66,16,129,149,1266,2022,29.0
203903,Jordan Clarkson,2022-23,61,1988.35,458,1031,155,459,200,245,72,174,246,270,33,13,186,120,1271,2023,30.0
203903,Jordan Clarkson,2023-24,55,1682.3666666666668,337,816,91,309,177,201,49,139,188,277,35,6,146,81,942,2024,31.0
203914,Gary Harris,2017-18,67,2304.5666666666666,440,908,156,394,134,162,37,139,176,194,122,15,119,119,1170,2018,23.0
203914,Gary Harris,2018-19,57,1639.25,270,637,82,242,115,144,41,119,160,127,55,19,68,113,737,2019,24.0
203914,Gary Harris,2019-20,56,1780.2,218,519,70,210,75,92,26,137,163,118,76,14,60,116,581,2020,25.0
203914,Gary Harris,2020-21,39,1080.2166666666667,138,345,48,141,64,78,21,58,79,78,28,11,37,71,388,2021,26.0
203914,Gary Harris,2021-22,61,1730.1833333333334,240,553,116,302,83,95,36,86,122,108,59,9,61,112,679,2022,27.0
203914,Gary Harris,2022-23,48,1184.3666666666666,138,307,94,218,27,30,21,77,98,59,45,12,28,93,397,2023,28.0
203914,Gary Harris,2023-24,54,1297.35,131,297,76,205,34,45,24,67,91,87,49,14,31,91,372,2024,29.0
203915,Spencer Dinwiddie,2017-18,80,2306.0666666666666,324,838,141,433,218,268,40,219,259,524,68,23,128,186,1007,2018,24.0
203915,Spencer Dinwiddie,2018-19,68,1914.0166666666667,366,828,124,370,287,356,26,140,166,311,40,17,152,187,1143,2019,25.0
203915,Spencer Dinwiddie,2019-20,64,1994.1833333333334,424,1021,123,400,347,446,32,189,221,432,40,21,174,180,1318,2020,26.0
203915,Spencer Dinwiddie,2020-21,3,64.33333333333333,6,16,2,7,6,6,0,13,13,9,2,1,5,4,20,2021,27.0
203915,Spencer Dinwiddie,2021-22,67,1980.5,306,735,112,330,195,252,45,234,279,346,44,13,104,150,919,2022,28.0
203915,Spencer Dinwiddie,2022-23,79,2725.366666666667,460,1050,181,490,268,330,28,242,270,515,67,24,145,187,1369,2023,29.0
203915,Spencer Dinwiddie,2023-24,76,2152.4166666666665,251,640,124,368,169,210,30,175,205,356,51,22,91,138,795,2024,30.0
203917,Nik Stauskas,2017-18,41,523.3166666666667,60,154,40,100,21,29,4,60,64,39,9,4,26,24,181,2018,24.0
203917,Nik Stauskas,2018-19,68,1014.85,136,338,70,188,57,64,18,109,127,81,21,7,51,50,399,2019,25.0
203917,Nik Stauskas,2021-22,8,38.78333333333333,5,14,4,10,4,6,1,2,3,2,0,0,1,1,18,2022,28.0
203918,Rodney Hood,2017-18,60,1615.5,322,751,127,333,111,129,22,143,165,95,45,12,70,105,882,2018,25.0
203918,Rodney Hood,2018-19,72,1892.5833333333333,292,671,84,236,137,155,25,132,157,126,59,12,55,146,805,2019,26.0
203918,Rodney Hood,2019-20,21,618.6833333333333,87,172,35,71,21,27,10,62,72,32,17,4,19,46,230,2020,27.0
203918,Rodney Hood,2020-21,55,942.7333333333333,94,260,34,113,24,28,23,80,103,53,24,7,36,74,246,2021,28.0
203918,Rodney Hood,2021-22,52,709.4166666666666,58,157,30,91,17,19,15,62,77,38,15,6,11,31,163,2022,29.0
203922,Glenn Robinson III,2017-18,23,337.78333333333336,36,85,14,34,9,11,11,26,37,17,13,1,5,14,95,2018,24.0
203922,Glenn Robinson III,2018-19,47,610.1333333333333,74,176,18,62,32,40,17,54,71,21,14,8,18,45,198,2019,25.0
203922,Glenn Robinson III,2019-20,62,1786.4666666666667,288,592,77,197,74,86,81,189,270,96,54,16,55,100,727,2020,26.0
203922,Glenn Robinson III,2020-21,23,369.3333333333333,42,99,16,44,21,23,11,34,45,20,4,3,11,23,121,2021,27.0
203923,James Young,2017-18,6,61.11666666666667,5,14,3,10,4,6,0,2,2,2,0,0,1,4,17,2018,22.0
203924,Jerami Grant,2017-18,81,1647.1166666666666,244,456,32,110,162,240,86,233,319,57,31,77,54,155,682,2018,23.0
203924,Jerami Grant,2018-19,80,2612.3166666666666,409,823,115,293,157,221,96,321,417,79,61,100,67,214,1090,2019,24.0
203924,Jerami Grant,2019-20,71,1891.95,303,634,98,252,147,196,58,190,248,88,50,57,63,154,851,2020,25.0
203924,Jerami Grant,2020-21,54,1829.2833333333333,400,932,115,329,290,343,35,215,250,152,35,58,109,125,1205,2021,26.0
203924,Jerami Grant,2021-22,47,1499.8833333333332,298,699,91,254,217,259,28,163,191,111,44,49,85,107,904,2022,27.0
203924,Jerami Grant,2022-23,63,2245.516666666667,434,913,144,359,278,342,53,230,283,150,51,53,116,152,1290,2023,28.0
203924,Jerami Grant,2023-24,54,1830.1833333333334,383,850,111,276,255,312,37,154,191,152,45,34,116,117,1132,2024,29.0
203925,Joe Harris,2017-18,78,1974.6333333333332,305,621,150,358,86,104,51,209,260,128,35,20,91,153,846,2018,26.0
203925,Joe Harris,2018-19,76,2293.5666666666666,374,748,183,386,110,133,52,239,291,181,38,17,121,182,1041,2019,27.0
203925,Joe Harris,2019-20,69,2123.0333333333333,381,784,172,406,64,89,64,234,298,144,41,17,104,159,998,2020,28.0
203925,Joe Harris,2020-21,69,2141.616666666667,357,707,211,444,49,63,43,205,248,130,46,14,62,141,974,2021,29.0
203925,Joe Harris,2021-22,14,422.7,56,124,41,88,5,6,5,51,56,14,7,2,16,31,158,2022,30.0
203925,Joe Harris,2022-23,74,1527.2333333333333,201,440,142,333,18,28,23,141,164,101,34,13,41,140,562,2023,31.0
203925,Joe Harris,2023-24,16,170.0,14,39,10,30,1,2,3,10,13,10,3,2,4,19,39,2024,32.0
203926,Doug McDermott,2017-18,81,1768.0333333333333,237,508,92,216,64,81,40,160,200,79,19,16,56,122,630,2018,26.0
203926,Doug McDermott,2018-19,77,1339.7166666666667,207,422,84,206,66,79,17,92,109,67,18,8,42,104,564,2019,27.0
203926,Doug McDermott,2019-20,69,1372.4,267,547,128,294,48,58,26,148,174,78,12,5,42,117,710,2020,28.0
203926,Doug McDermott,2020-21,66,1619.1,354,665,111,286,80,98,60,161,221,85,20,6,53,117,899,2021,29.0
203926,Doug McDermott,2021-22,51,1223.2333333333333,215,465,108,256,40,51,18,97,115,64,13,6,43,79,578,2022,30.0
203926,Doug McDermott,2022-23,64,1314.1833333333334,239,523,123,298,53,70,23,115,138,91,13,6,58,118,654,2023,31.0
203926,Doug McDermott,2023-24,64,904.4666666666667,123,284,94,229,11,19,10,49,59,70,16,2,28,64,351,2024,32.0
203930,Sean Kilpatrick,2017-18,52,640.05,110,294,46,144,64,72,5,82,87,46,13,5,38,33,330,2018,28.0
203932,Aaron Gordon,2017-18,58,1909.0666666666666,375,865,115,342,157,225,87,370,457,136,59,45,107,111,1022,2018,22.0
203932,Aaron Gordon,2018-19,78,2632.5333333333333,470,1046,121,347,185,253,129,445,574,289,57,56,162,172,1246,2019,23.0
203932,Aaron Gordon,2019-20,62,2017.15,335,767,73,237,151,224,107,368,475,228,51,39,100,125,894,2020,24.0
203932,Aaron Gordon,2020-21,50,1383.8,231,499,59,176,97,149,77,207,284,161,33,34,97,89,618,2021,25.0
203932,Aaron Gordon,2021-22,75,2375.4333333333334,434,834,87,260,171,230,125,314,439,188,44,44,133,148,1126,2022,26.0
203932,Aaron Gordon,2022-23,68,2055.116666666667,429,761,60,173,191,314,164,282,446,203,54,51,98,129,1109,2023,27.0
203932,Aaron Gordon,2023-24,73,2296.8,398,716,40,138,177,269,174,297,471,259,56,45,105,142,1013,2024,28.0
203933,T.J. Warren,2017-18,65,2141.7833333333333,529,1063,20,90,193,255,125,208,333,85,65,41,85,149,1271,2018,24.0
203933,T.J. Warren,2018-19,43,1360.0166666666667,297,611,77,180,101,124,31,143,174,64,51,29,52,119,772,2019,25.0
203933,T.J. Warren,2019-20,67,2202.35,534,997,91,226,167,204,68,212,280,99,78,34,84,187,1326,2020,26.0
203933,T.J. Warren,2020-21,4,117.38333333333334,27,51,0,7,8,10,2,12,14,5,2,0,4,16,62,2021,27.0
203933,T.J. Warren,2022-23,42,686.7,132,270,22,67,28,35,26,95,121,40,22,12,20,65,314,2023,29.0
203933,T.J. Warren,2023-24,11,124.66666666666666,18,41,2,13,3,4,5,17,22,9,4,1,4,11,41,2024,30.0
203935,Marcus Smart,2017-18,54,1613.6,189,515,75,249,97,133,43,145,188,259,71,23,129,133,550,2018,23.0
203935,Marcus Smart,2018-19,80,2199.85,239,567,126,346,104,129,57,177,234,321,143,28,123,201,708,2019,24.0
203935,Marcus Smart,2019-20,60,1919.3166666666666,256,682,137,395,127,152,42,183,225,291,101,29,103,162,776,2020,25.0
203935,Marcus Smart,2020-21,48,1581.2666666666667,203,510,93,282,128,162,36,131,167,273,72,23,96,126,627,2021,26.0
203935,Marcus Smart,2021-22,71,2295.85,300,718,119,360,142,179,42,228,270,417,119,18,159,160,861,2022,27.0
203935,Marcus Smart,2022-23,61,1956.75,250,602,115,342,88,118,46,145,191,382,93,23,143,172,703,2023,28.0
203935,Marcus Smart,2023-24,20,604.8333333333334,102,237,42,134,43,56,6,47,53,86,41,5,62,53,289,2024,29.0
203937,Kyle Anderson,2017-18,74,1978.4,231,438,19,57,104,146,84,312,396,202,115,60,94,114,585,2018,24.0
203937,Kyle Anderson,2018-19,43,1281.5333333333333,150,276,9,34,37,64,48,203,251,128,54,37,58,112,346,2019,25.0
203937,Kyle Anderson,2019-20,67,1329.8833333333332,157,331,24,85,52,78,58,227,285,162,54,37,66,111,390,2020,26.0
203937,Kyle Anderson,2020-21,69,1887.3666666666668,308,658,94,261,144,184,52,344,396,250,84,57,86,120,854,2021,27.0
203937,Kyle Anderson,2021-22,69,1483.6666666666667,209,469,36,109,67,105,69,299,368,183,77,45,71,108,521,2022,28.0
203937,Kyle Anderson,2022-23,69,1956.5833333333333,252,495,43,105,100,136,66,302,368,335,78,63,103,146,647,2023,29.0
203937,Kyle Anderson,2023-24,79,1781.9,199,433,11,48,97,137,60,213,273,331,71,47,91,128,506,2024,30.0
203939,Dwight Powell,2017-18,79,1671.75,255,430,28,84,133,185,135,309,444,91,67,32,59,186,671,2018,26.0
203939,Dwight Powell,2018-19,77,1662.55,290,486,39,127,196,254,140,271,411,112,44,50,67,201,815,2019,27.0
203939,Dwight Powell,2019-20,40,1060.55,146,229,10,39,74,111,75,152,227,59,34,22,36,102,376,2020,28.0
203939,Dwight Powell,2020-21,58,965.6,120,194,5,21,97,124,80,154,234,63,36,30,40,135,342,2021,29.0
203939,Dwight Powell,2021-22,82,1798.2166666666667,269,401,13,37,166,212,173,231,404,97,37,39,64,220,717,2022,30.0
203939,Dwight Powell,2022-23,76,1457.9,197,269,0,5,112,168,149,165,314,69,48,26,65,209,506,2023,31.0
203939,Dwight Powell,2023-24,63,836.3,72,106,1,3,63,89,97,117,214,84,26,20,32,113,208,2024,32.0
203940,Adreian Payne,2017-18,5,42.55,7,10,2,3,5,6,2,7,9,0,2,0,2,6,21,2018,26.0
203943,Noah Vonleh,2017-18,54,875.6666666666666,104,234,20,66,36,58,70,241,311,34,19,17,31,68,264,2018,22.0
203943,Noah Vonleh,2018-19,68,1721.7,207,440,46,137,111,156,113,415,528,129,46,51,88,174,571,2019,23.0
203943,Noah Vonleh,2019-20,36,377.75,52,92,3,15,25,32,37,87,124,28,11,6,21,40,132,2020,24.0
203943,Noah Vonleh,2020-21,4,10.766666666666666,0,3,0,2,0,0,0,1,1,1,0,0,2,2,0,2021,25.0
203943,Noah Vonleh,2022-23,23,171.61666666666667,11,24,1,4,2,2,18,30,48,7,2,8,11,35,25,2023,27.0
203944,Julius Randle,2017-18,82,2190.4166666666665,504,904,10,45,305,425,181,473,654,210,43,45,213,274,1323,2018,23.0
203944,Julius Randle,2018-19,73,2231.6666666666665,571,1089,67,195,356,487,162,472,634,229,52,45,208,246,1565,2019,24.0
203944,Julius Randle,2019-20,64,2080.45,463,1006,64,231,258,352,151,471,622,198,51,22,193,178,1248,2020,25.0
203944,Julius Randle,2020-21,71,2666.7666666666664,602,1321,160,389,348,429,84,640,724,427,64,18,241,225,1712,2021,26.0
203944,Julius Randle,2021-22,72,2543.9,512,1246,120,390,303,401,125,591,716,370,53,39,245,205,1447,2022,27.0
203944,Julius Randle,2022-23,77,2737.266666666667,658,1432,218,636,402,531,141,626,767,316,49,21,216,233,1936,2023,28.0
203944,Julius Randle,2023-24,46,1630.1,395,836,76,244,236,302,99,324,423,229,25,12,159,125,1102,2024,29.0
203948,Johnny O'Bryant III,2017-18,36,379.05,68,171,14,43,21,25,29,64,93,14,9,6,15,45,171,2018,24.0
203952,Andrew Wiggins,2017-18,82,2978.7333333333336,569,1300,112,338,202,314,82,276,358,160,91,51,138,163,1452,2018,22.0
203952,Andrew Wiggins,2018-19,73,2542.7333333333336,498,1209,118,348,207,296,83,269,352,184,70,48,138,153,1321,2019,23.0
203952,Andrew Wiggins,2019-20,54,1858.8833333333334,437,978,111,334,190,268,66,208,274,198,45,53,132,127,1175,2020,24.0
203952,Andrew Wiggins,2020-21,71,2364.3,505,1058,140,368,170,238,82,265,347,167,67,70,126,159,1320,2021,25.0
203952,Andrew Wiggins,2021-22,73,2329.5,475,1019,157,399,149,235,85,240,325,161,76,51,111,158,1256,2022,26.0
203952,Andrew Wiggins,2022-23,37,1190.2666666666667,250,529,89,225,44,72,61,125,186,85,45,28,48,107,633,2023,27.0
203952,Andrew Wiggins,2023-24,71,1920.4333333333334,353,780,91,254,142,189,108,213,321,119,42,41,87,147,939,2024,28.0
203953,Jabari Parker,2017-18,31,742.75,160,332,31,81,40,54,42,109,151,59,25,10,45,50,391,2018,22.0
203953,Jabari Parker,2018-19,64,1724.3166666666666,369,749,61,195,131,184,79,342,421,152,46,30,151,145,930,2019,23.0
203953,Jabari Parker,2019-20,38,917.8333333333334,219,429,32,119,61,81,61,153,214,68,45,16,64,99,531,2020,24.0
203953,Jabari Parker,2020-21,13,165.45,30,55,2,11,10,13,10,32,42,11,1,5,10,13,72,2021,25.0
203953,Jabari Parker,2021-22,12,112.45,18,38,8,16,9,9,5,23,28,6,4,1,8,13,53,2022,26.0
203954,Joel Embiid,2017-18,63,1912.1333333333334,510,1056,66,214,359,467,143,547,690,199,40,111,234,209,1445,2018,23.0
203954,Joel Embiid,2018-19,64,2154.3333333333335,580,1199,79,263,522,649,160,711,871,234,46,122,226,211,1761,2019,24.0
203954,Joel Embiid,2019-20,51,1505.8,382,801,57,172,351,435,141,452,593,152,45,65,159,174,1172,2020,25.0
203954,Joel Embiid,2020-21,51,1585.15,461,899,58,154,471,548,113,426,539,145,50,69,159,123,1451,2021,26.0
203954,Joel Embiid,2021-22,68,2296.4333333333334,666,1334,93,251,654,803,146,650,796,284,77,99,214,181,2079,2022,27.0
203954,Joel Embiid,2022-23,66,2284.1,728,1328,66,200,661,771,113,557,670,274,66,112,226,205,2183,2023,28.0
203954,Joel Embiid,2023-24,39,1309.3666666666666,450,851,54,139,399,452,95,335,430,219,46,66,150,112,1353,2024,29.0
203957,Dante Exum,2017-18,14,234.51666666666665,42,87,5,18,25,31,4,22,26,43,8,3,20,20,114,2018,22.0
203957,Dante Exum,2018-19,42,664.05,101,241,18,62,68,86,16,52,68,110,14,5,52,69,288,2019,23.0
203957,Dante Exum,2019-20,35,485.6333333333333,56,119,15,43,32,43,12,55,67,40,13,8,31,38,159,2020,24.0
203957,Dante Exum,2020-21,6,116.14999999999999,10,26,2,11,1,2,2,15,17,13,4,2,7,9,23,2021,25.0
203957,Dante Exum,2023-24,55,1087.65,161,302,53,108,53,68,25,124,149,157,22,5,49,85,428,2024,28.0
203960,JaKarr Sampson,2017-18,22,344.2166666666667,44,81,5,10,10,16,21,57,78,9,8,22,8,48,103,2018,24.0
203960,JaKarr Sampson,2018-19,4,127.26666666666668,29,54,5,14,17,21,5,27,32,4,4,3,4,8,80,2019,25.0
203960,JaKarr Sampson,2019-20,34,470.65,68,115,2,13,18,27,20,68,88,21,16,12,15,64,156,2020,26.0
203960,JaKarr Sampson,2020-21,29,316.28333333333336,56,113,3,15,19,29,27,50,77,4,2,14,15,52,134,2021,27.0
203961,Eric Moreland,2017-18,67,805.1333333333333,66,122,0,0,11,29,81,197,278,78,31,51,41,116,143,2018,26.0
203961,Eric Moreland,2018-19,5,43.199999999999996,3,7,1,1,0,0,4,16,20,4,1,1,5,9,7,2019,27.0
203962,Josh Huestis,2017-18,69,981.5833333333334,60,182,33,115,6,20,42,119,161,20,15,43,26,82,159,2018,26.0
203967,Dario Saric,2017-18,78,2310.1,403,890,157,399,178,207,154,366,520,202,51,20,148,160,1141,2018,23.0
203967,Dario Saric,2018-19,81,2022.3833333333334,304,696,118,323,132,150,126,331,457,127,45,9,97,182,858,2019,24.0
203967,Dario Saric,2019-20,66,1631.8166666666666,256,538,84,235,108,128,100,306,406,123,37,16,88,156,704,2020,25.0
203967,Dario Saric,2020-21,50,870.5,153,342,47,135,84,99,46,144,190,65,30,4,57,95,437,2021,26.0
203967,Dario Saric,2022-23,57,805.9833333333333,127,277,45,115,63,76,53,154,207,74,20,7,55,99,362,2023,28.0
203967,Dario Saric,2023-24,64,1097.7666666666667,181,388,74,197,79,93,73,210,283,144,31,10,78,112,515,2024,29.0
203991,Clint Capela,2017-18,74,2034.1166666666666,441,676,0,1,144,257,241,561,802,68,58,137,103,185,1026,2018,23.0
203991,Clint Capela,2018-19,67,2248.733333333333,474,732,0,0,166,261,298,550,848,96,44,102,94,168,1114,2019,24.0
203991,Clint Capela,2019-20,39,1279.3,244,388,0,0,55,104,168,369,537,48,33,72,63,102,543,2020,25.0
203991,Clint Capela,2020-21,63,1898.4333333333334,413,695,0,0,130,227,297,606,903,49,44,129,73,145,956,2021,26.0
203991,Clint Capela,2021-22,74,2041.5333333333333,370,604,0,1,80,169,279,598,877,92,55,93,44,166,820,2022,27.0
203991,Clint Capela,2022-23,65,1730.0833333333333,350,536,0,1,79,131,258,459,717,58,45,79,54,139,779,2023,28.0
203991,Clint Capela,2023-24,73,1883.1,353,618,0,1,130,206,335,441,776,91,43,106,74,164,836,2024,29.0
203994,Jusuf Nurkic,2017-18,79,2088.15,480,951,0,7,172,273,189,519,708,143,64,111,183,247,1132,2018,23.0
203994,Jusuf Nurkic,2018-19,72,1973.5333333333333,420,826,3,29,282,365,243,505,748,233,71,103,168,250,1125,2019,24.0
203994,Jusuf Nurkic,2019-20,8,253.15,54,109,2,10,31,35,23,59,82,32,11,16,19,39,141,2020,25.0
203994,Jusuf Nurkic,2020-21,37,880.1333333333333,171,333,12,30,70,113,86,246,332,125,38,39,73,103,424,2021,26.0
203994,Jusuf Nurkic,2021-22,56,1578.4833333333333,321,600,15,56,185,268,167,452,619,157,62,34,143,189,842,2022,27.0
203994,Jusuf Nurkic,2022-23,52,1391.4,262,505,43,119,127,192,114,357,471,149,43,44,119,185,694,2023,28.0
203994,Jusuf Nurkic,2023-24,76,2078.0666666666666,320,627,22,90,167,261,224,613,837,301,81,80,175,254,829,2024,29.0
203998,Bruno Caboclo,2017-18,12,106.3,9,31,3,17,5,6,7,15,22,4,3,4,4,8,26,2018,22.0
203998,Bruno Caboclo,2018-19,34,799.7166666666667,96,225,48,130,42,50,42,116,158,50,14,33,38,81,282,2019,23.0
203998,Bruno Caboclo,2019-20,30,244.21666666666667,38,89,6,33,8,9,23,37,60,12,15,17,13,31,90,2020,24.0
203998,Bruno Caboclo,2020-21,6,36.43333333333333,8,17,0,5,1,2,3,11,14,1,0,2,4,6,17,2021,25.0
203999,Nikola Jokic,2017-18,75,2442.6,504,1010,111,280,266,313,195,608,803,458,90,61,210,212,1385,2018,22.0
203999,Nikola Jokic,2018-19,80,2503.6,616,1206,83,270,289,352,228,637,865,580,108,55,248,228,1604,2019,23.0
203999,Nikola Jokic,2019-20,73,2335.45,565,1071,80,255,246,301,166,545,711,512,85,44,226,222,1456,2020,24.0
203999,Nikola Jokic,2020-21,72,2487.883333333333,732,1293,92,237,342,394,205,575,780,599,95,48,222,192,1898,2021,25.0
203999,Nikola Jokic,2021-22,74,2475.616666666667,764,1311,97,288,379,468,206,813,1019,584,109,63,281,191,2004,2022,26.0
203999,Nikola Jokic,2022-23,69,2323.0166666666664,646,1022,57,149,341,415,167,650,817,678,87,47,247,174,1690,2023,27.0
203999,Nikola Jokic,2023-24,79,2736.5333333333333,822,1411,83,231,358,438,223,753,976,708,108,68,237,194,2085,2024,28.0
204001,Kristaps Porzingis,2017-18,48,1553.1666666666667,390,889,90,228,218,275,62,254,316,57,36,115,93,141,1088,2018,22.0
204001,Kristaps Porzingis,2019-20,57,1813.8,398,932,142,403,226,283,100,440,540,102,41,115,92,185,1164,2020,24.0
204001,Kristaps Porzingis,2020-21,43,1326.55,325,683,97,258,118,138,82,299,381,68,20,58,51,115,865,2021,25.0
204001,Kristaps Porzingis,2021-22,51,1480.6,352,767,78,252,248,286,102,309,411,119,37,84,81,137,1030,2022,26.0
204001,Kristaps Porzingis,2022-23,65,2119.516666666667,507,1018,137,356,354,416,114,432,546,174,58,100,137,196,1505,2023,27.0
204001,Kristaps Porzingis,2023-24,57,1689.9833333333333,388,752,110,293,259,302,97,312,409,115,42,111,89,156,1145,2024,28.0
204020,Tyler Johnson,2017-18,72,2052.25,309,711,119,324,106,129,34,214,248,165,60,34,81,148,843,2018,25.0
204020,Tyler Johnson,2018-19,57,1529.0666666666666,217,526,90,260,95,127,34,139,173,166,54,27,77,97,619,2019,26.0
204020,Tyler Johnson,2019-20,39,709.3166666666667,97,250,38,119,42,50,18,58,76,74,16,9,29,58,274,2020,27.0
204020,Tyler Johnson,2020-21,39,683.9,72,183,48,132,18,21,6,71,77,47,14,0,17,43,210,2021,28.0
204020,Tyler Johnson,2021-22,6,91.38333333333334,6,20,5,13,0,0,3,9,12,7,3,3,2,7,17,2022,29.0
204022,Jack Cooley,2017-18,7,87.28333333333333,13,27,0,0,14,19,14,16,30,6,1,0,3,13,40,2018,26.0
204025,Tim Frazier,2017-18,59,837.9333333333334,68,172,17,56,23,30,18,97,115,194,47,7,57,97,176,2018,27.0
204025,Tim Frazier,2018-19,59,1119.7,116,261,37,101,41,54,41,127,168,248,30,5,76,112,310,2019,28.0
204025,Tim Frazier,2019-20,27,354.81666666666666,34,94,10,30,19,24,9,24,33,93,14,4,36,42,97,2020,29.0
204025,Tim Frazier,2020-21,5,61.96666666666667,3,20,0,8,2,6,0,8,8,16,2,1,4,7,8,2021,30.0
204025,Tim Frazier,2021-22,12,207.6,14,45,6,17,5,9,5,14,19,34,3,1,15,27,39,2022,31.0
204028,Tarik Black,2017-18,51,536.5,75,127,1,11,29,63,63,100,163,13,21,30,35,107,180,2018,26.0
204037,Travis Wear,2017-18,17,227.81666666666666,25,72,17,47,8,8,0,38,38,7,4,5,6,30,75,2018,27.0
204038,Langston Galloway,2017-18,58,863.45,126,340,75,218,33,41,13,79,92,58,35,5,18,39,360,2018,26.0
204038,Langston Galloway,2018-19,80,1745.2333333333333,228,587,135,380,81,96,49,122,171,85,37,8,24,135,672,2019,27.0
204038,Langston Galloway,2019-20,66,1702.2666666666667,236,542,132,331,73,85,33,116,149,101,48,11,40,96,677,2020,28.0
204038,Langston Galloway,2020-21,40,437.6666666666667,66,147,36,85,22,23,7,35,42,26,8,0,13,25,190,2021,29.0
204038,Langston Galloway,2021-22,7,106.7,6,26,2,16,0,0,3,15,18,12,1,0,6,7,14,2022,30.0
204060,Joe Ingles,2017-18,82,2578.516666666667,335,718,204,464,66,83,24,320,344,392,90,20,159,178,940,2018,30.0
204060,Joe Ingles,2018-19,82,2567.55,359,802,189,483,87,123,35,295,330,469,98,20,193,180,994,2019,31.0
204060,Joe Ingles,2019-20,72,2136.5833333333335,246,553,141,353,74,94,27,251,278,373,65,11,142,154,707,2020,32.0
204060,Joe Ingles,2020-21,67,1866.5666666666666,275,562,183,406,76,90,27,217,244,318,45,12,117,120,809,2021,33.0
204060,Joe Ingles,2021-22,45,1122.15,115,285,78,225,17,22,12,119,131,158,23,5,46,82,325,2022,34.0
204060,Joe Ingles,2022-23,46,1043.5166666666667,108,248,83,203,18,21,13,115,128,150,33,6,55,74,317,2023,35.0
204060,Joe Ingles,2023-24,68,1169.05,99,227,70,161,28,34,18,124,142,203,43,5,67,88,296,2024,36.0
204065,David Stockton,2017-18,3,9.333333333333334,2,3,2,3,4,4,0,0,0,0,0,0,1,3,10,2018,26.0
204067,Jarell Eddie,2017-18,3,8.616666666666667,0,2,0,2,0,0,0,1,1,0,1,0,0,0,0,2018,26.0
204098,Xavier Munford,2017-18,6,20.75,1,6,0,2,1,2,1,0,1,4,1,0,2,4,3,2018,25.0
204456,T.J. McConnell,2017-18,76,1706.6166666666666,210,421,27,62,31,39,37,189,226,303,92,13,112,122,478,2018,25.0
204456,T.J. McConnell,2018-19,76,1470.3,220,419,14,42,29,37,28,146,174,258,79,17,91,105,483,2019,26.0
204456,T.J. McConnell,2019-20,71,1326.05,212,411,5,17,35,42,38,151,189,355,56,11,100,73,464,2020,27.0
204456,T.J. McConnell,2020-21,69,1796.25,274,490,15,48,33,48,55,201,256,456,128,23,135,113,596,2021,28.0
204456,T.J. McConnell,2021-22,27,652.1,100,208,10,33,19,23,20,70,90,131,29,10,29,53,229,2022,29.0
204456,T.J. McConnell,2022-23,75,1526.4833333333333,283,521,26,59,58,68,45,189,234,397,81,10,143,105,650,2023,30.0
204456,T.J. McConnell,2023-24,71,1290.9833333333333,330,593,18,44,49,62,36,155,191,390,72,8,108,79,727,2024,31.0
1626143,Jahlil Okafor,2017-18,28,352.81666666666666,77,138,1,4,21,29,21,64,85,12,3,18,21,51,176,2018,22.0
1626143,Jahlil Okafor,2018-19,59,934.8833333333333,212,362,1,5,59,89,82,196,278,40,15,40,52,96,484,2019,23.0
1626143,Jahlil Okafor,2019-20,30,466.95,101,162,1,3,40,62,48,79,127,37,7,22,38,67,243,2020,24.0
1626143,Jahlil Okafor,2020-21,27,347.23333333333335,63,102,2,9,17,24,23,43,66,13,6,5,21,39,145,2021,25.0
1626144,Emmanuel Mudiay,2017-18,64,1244.2333333333333,204,526,47,148,98,129,26,126,152,206,41,11,113,80,553,2018,21.0
1626144,Emmanuel Mudiay,2018-19,59,1607.05,330,740,69,210,144,186,33,163,196,228,43,19,140,103,873,2019,22.0
1626144,Emmanuel Mudiay,2019-20,54,849.6,151,327,30,87,63,83,18,108,126,116,24,10,76,72,395,2020,23.0
1626144,Emmanuel Mudiay,2021-22,2,10.983333333333334,0,2,0,0,3,4,0,0,0,4,1,0,1,1,3,2022,25.0
1626145,Tyus Jones,2017-18,82,1466.9,150,328,45,129,71,81,16,116,132,232,95,6,59,110,416,2018,21.0
1626145,Tyus Jones,2018-19,68,1560.45,185,446,40,126,58,69,23,111,134,327,81,5,47,78,468,2019,22.0
1626145,Tyus Jones,2019-20,65,1232.0,197,429,47,124,43,58,9,94,103,285,59,6,55,44,484,2020,23.0
1626145,Tyus Jones,2020-21,70,1222.55,178,413,45,140,41,45,21,119,140,259,64,6,48,31,442,2021,24.0
1626145,Tyus Jones,2021-22,73,1549.4333333333334,249,552,80,205,54,66,17,159,176,324,66,2,46,32,632,2022,25.0
1626145,Tyus Jones,2022-23,80,1939.4166666666667,311,710,121,326,79,98,28,172,200,417,83,6,74,32,822,2023,26.0
1626145,Tyus Jones,2023-24,66,1932.6666666666667,326,666,106,256,32,40,20,159,179,485,71,18,66,48,790,2024,27.0
1626147,Justin Anderson,2017-18,38,519.15,87,202,34,103,28,38,25,68,93,25,15,7,16,54,236,2018,24.0
1626147,Justin Anderson,2018-19,48,463.51666666666665,64,157,24,77,26,35,24,60,84,23,22,13,23,48,178,2019,25.0
1626147,Justin Anderson,2019-20,10,107.33333333333334,10,38,6,29,2,4,1,20,21,8,0,6,4,13,28,2020,26.0
1626147,Justin Anderson,2021-22,16,315.8666666666667,36,95,15,59,15,19,4,42,46,33,8,6,8,22,102,2022,28.0
1626148,Anthony Brown,2017-18,1,3.7333333333333334,1,1,1,1,0,0,0,0,0,1,0,0,0,0,3,2018,25.0
1626149,Montrezl Harrell,2017-18,76,1293.2,348,548,1,7,139,222,103,203,306,74,36,52,68,143,836,2018,24.0
1626149,Montrezl Harrell,2018-19,82,2158.1833333333334,546,888,3,17,266,414,184,351,535,162,71,110,132,255,1361,2019,25.0
1626149,Montrezl Harrell,2019-20,63,1749.1166666666666,471,812,0,18,231,351,163,282,445,107,39,72,108,146,1173,2020,26.0
1626149,Montrezl Harrell,2020-21,69,1580.35,375,603,0,10,181,256,158,270,428,73,46,49,74,128,931,2021,27.0
1626149,Montrezl Harrell,2021-22,71,1640.35,358,555,4,17,212,296,149,282,431,145,29,43,72,137,932,2022,28.0
1626149,Montrezl Harrell,2022-23,57,681.0666666666667,125,209,0,6,70,101,67,92,159,33,17,25,35,75,320,2023,29.0
1626150,Andrew Harrison,2017-18,56,1326.2833333333333,181,429,47,142,124,159,23,108,131,177,38,26,81,138,533,2018,23.0
1626150,Andrew Harrison,2018-19,17,185.76666666666668,16,53,5,25,17,18,6,14,20,24,4,2,12,34,54,2019,24.0
1626151,Aaron Harrison,2017-18,9,233.25,19,69,9,43,13,17,4,20,24,11,9,2,3,27,60,2018,23.0
1626153,Delon Wright,2017-18,69,1432.7666666666667,201,432,56,153,97,117,45,153,198,200,72,33,78,81,555,2018,25.0
1626153,Delon Wright,2018-19,75,1698.4833333333333,242,558,50,168,119,150,68,198,266,248,88,30,77,103,653,2019,26.0
1626153,Delon Wright,2019-20,73,1569.7166666666667,190,411,47,127,77,100,70,210,280,244,85,22,73,93,504,2020,27.0
1626153,Delon Wright,2020-21,63,1747.95,240,518,64,172,101,126,65,204,269,278,101,30,83,75,645,2021,28.0
1626153,Delon Wright,2021-22,77,1452.5166666666667,122,269,44,116,54,63,50,170,220,188,93,19,45,56,342,2022,29.0
1626153,Delon Wright,2022-23,50,1221.1666666666667,138,291,41,119,52,60,58,122,180,194,92,17,44,59,369,2023,30.0
1626153,Delon Wright,2023-24,47,741.6,74,188,25,68,37,45,19,67,86,119,54,11,14,32,210,2024,31.0
1626155,Sam Dekker,2017-18,73,882.7666666666667,128,259,10,60,37,56,44,130,174,38,24,9,33,71,303,2018,23.0
1626155,Sam Dekker,2018-19,47,788.6,120,256,19,62,28,46,53,95,148,46,38,7,24,47,287,2019,24.0
1626155,Sam Dekker,2021-22,1,0.9,0,0,0,0,0,0,0,0,0,0,0,0,0,0,0,2022,27.0
1626156,D'Angelo Russell,2017-18,48,1233.7166666666667,278,672,90,278,97,131,30,159,189,249,36,17,147,93,743,2018,21.0
1626156,D'Angelo Russell,2018-19,81,2447.9666666666667,659,1517,234,635,160,205,53,262,315,563,100,20,253,141,1712,2019,22.0
1626156,D'Angelo Russell,2019-20,45,1452.1333333333332,360,846,158,431,161,199,17,160,177,285,48,13,147,86,1039,2020,23.0
1626156,D'Angelo Russell,2020-21,42,1196.2666666666667,281,652,120,310,114,149,16,95,111,244,45,18,112,68,796,2021,24.0
1626156,D'Angelo Russell,2021-22,65,2076.65,401,975,176,518,198,240,25,191,216,460,62,22,165,130,1176,2022,25.0
1626156,D'Angelo Russell,2022-23,71,2304.15,445,948,194,490,179,216,35,180,215,437,70,29,186,140,1263,2023,26.0
1626156,D'Angelo Russell,2023-24,76,2484.1,492,1080,226,545,159,192,28,208,236,481,69,36,156,156,1369,2024,27.0
1626157,Karl-Anthony Towns,2017-18,82,2918.2166666666667,639,1172,120,285,345,402,238,774,1012,199,64,115,159,285,1743,2018,22.0
1626157,Karl-Anthony Towns,2018-19,77,2544.7000000000003,681,1314,142,355,376,450,263,691,954,259,67,125,240,292,1880,2019,23.0
1626157,Karl-Anthony Towns,2019-20,35,1187.0666666666666,316,622,114,277,180,226,95,283,378,153,33,42,110,117,926,2020,24.0
1626157,Karl-Anthony Towns,2020-21,50,1688.9166666666667,425,875,122,315,267,311,133,396,529,225,39,57,160,186,1239,2021,25.0
1626157,Karl-Anthony Towns,2021-22,74,2475.4666666666667,642,1214,150,366,384,467,194,533,727,269,72,83,226,267,1818,2022,26.0
1626157,Karl-Anthony Towns,2022-23,29,957.0666666666666,212,428,60,164,118,135,48,188,236,140,20,17,86,111,602,2023,27.0
1626157,Karl-Anthony Towns,2023-24,62,2025.5666666666666,479,951,136,327,255,292,94,421,515,189,43,41,177,204,1349,2024,28.0
1626158,Richaun Holmes,2017-18,48,745.9333333333333,135,241,4,31,37,56,57,154,211,61,20,29,25,97,311,2018,24.0
1626158,Richaun Holmes,2018-19,70,1183.7,222,365,0,0,128,175,115,216,331,60,42,79,52,194,572,2019,25.0
1626158,Richaun Holmes,2019-20,44,1241.65,223,344,0,0,93,118,127,231,358,42,41,56,52,169,539,2020,26.0
1626158,Richaun Holmes,2020-21,61,1781.4,366,575,2,11,135,170,144,360,504,101,39,96,75,213,869,2021,27.0
1626158,Richaun Holmes,2021-22,45,1074.1,198,300,2,5,70,90,93,224,317,48,17,41,56,128,468,2022,28.0
1626158,Richaun Holmes,2022-23,42,347.6,55,89,5,8,15,19,29,51,80,9,3,11,14,50,130,2023,29.0
1626158,Richaun Holmes,2023-24,40,554.15,82,147,1,3,34,47,71,111,182,25,11,19,24,74,199,2024,30.0
1626159,Justise Winslow,2017-18,68,1680.4666666666667,207,488,49,129,66,104,64,306,370,148,54,33,77,140,529,2018,21.0
1626159,Justise Winslow,2018-19,66,1959.5333333333333,324,749,96,256,86,137,63,292,355,282,72,19,142,177,830,2019,22.0
1626159,Justise Winslow,2019-20,11,352.25,50,129,6,27,18,27,16,57,73,44,7,5,24,38,124,2020,23.0
1626159,Justise Winslow,2020-21,26,507.0833333333333,74,210,10,54,20,35,18,100,118,50,15,12,37,47,178,2021,24.0
1626159,Justise Winslow,2021-22,48,774.6833333333334,110,257,15,66,39,66,50,152,202,84,35,25,49,67,274,2022,25.0
1626159,Justise Winslow,2022-23,29,775.7666666666667,81,198,14,45,20,28,49,96,145,98,30,11,43,89,196,2023,26.0
1626161,Willie Cauley-Stein,2017-18,73,2043.8333333333333,388,773,3,12,153,247,131,379,510,172,77,67,109,185,932,2018,24.0
1626161,Willie Cauley-Stein,2018-19,81,2212.55,412,741,1,2,140,254,181,497,678,194,96,51,84,227,965,2019,25.0
1626161,Willie Cauley-Stein,2019-20,54,1097.4833333333333,175,302,0,1,40,66,84,231,315,70,49,61,40,121,390,2020,26.0
1626161,Willie Cauley-Stein,2020-21,53,905.9333333333333,115,182,1,11,49,78,66,170,236,35,21,43,29,129,280,2021,27.0
1626161,Willie Cauley-Stein,2021-22,20,182.83333333333334,16,35,1,2,1,2,13,27,40,10,6,3,7,19,34,2022,28.0
1626162,Kelly Oubre Jr.,2017-18,81,2230.6833333333334,318,790,126,369,191,233,59,304,363,98,80,35,90,234,953,2018,22.0
1626162,Kelly Oubre Jr.,2018-19,69,1934.8166666666666,375,842,108,338,189,244,71,254,325,84,84,59,103,181,1047,2019,23.0
1626162,Kelly Oubre Jr.,2019-20,56,1933.3666666666666,373,826,108,307,192,246,67,294,361,85,71,40,83,192,1046,2020,24.0
1626162,Kelly Oubre Jr.,2020-21,55,1687.55,318,724,90,285,123,177,82,247,329,73,57,42,70,121,849,2021,25.0
1626162,Kelly Oubre Jr.,2021-22,76,1999.2,410,932,191,553,126,189,79,223,302,84,77,31,67,189,1137,2022,26.0
1626162,Kelly Oubre Jr.,2022-23,48,1547.5,353,819,108,339,158,208,65,184,249,54,68,18,64,141,972,2023,27.0
1626162,Kelly Oubre Jr.,2023-24,68,2055.3333333333335,387,878,101,325,174,232,94,247,341,101,77,47,87,194,1049,2024,28.0
1626163,Frank Kaminsky,2017-18,79,1835.1833333333334,307,716,104,274,155,194,46,242,288,129,36,19,66,95,873,2018,24.0
1626163,Frank Kaminsky,2018-19,47,754.7333333333333,138,298,50,139,79,107,39,124,163,63,12,12,41,68,405,2019,25.0
1626163,Frank Kaminsky,2019-20,39,777.4333333333333,138,307,41,124,61,90,35,141,176,75,14,10,37,75,378,2020,26.0
1626163,Frank Kaminsky,2020-21,47,714.8166666666667,121,257,31,85,37,60,36,152,188,79,14,17,22,70,310,2021,27.0
1626163,Frank Kaminsky,2021-22,9,180.95,36,66,5,15,18,20,11,30,41,13,8,7,5,14,95,2022,28.0
1626163,Frank Kaminsky,2022-23,36,234.86666666666667,31,63,13,33,14,16,7,45,52,32,6,4,9,22,89,2023,29.0
1626164,Devin Booker,2017-18,54,1865.2833333333333,455,1054,147,384,289,329,26,218,244,253,47,14,194,168,1346,2018,21.0
1626164,Devin Booker,2018-19,64,2242.1,586,1255,135,414,393,454,39,226,265,433,56,13,264,200,1700,2019,22.0
1626164,Devin Booker,2019-20,70,2511.633333333333,627,1283,141,398,468,509,29,268,297,456,49,18,264,213,1863,2020,23.0
1626164,Devin Booker,2020-21,67,2270.0333333333333,623,1287,126,371,340,392,34,247,281,289,53,16,207,181,1712,2021,24.0
1626164,Devin Booker,2021-22,68,2344.5833333333335,662,1421,183,478,315,363,45,297,342,329,77,26,162,180,1822,2022,25.0
1626164,Devin Booker,2022-23,53,1835.4,527,1067,111,316,306,358,46,194,240,293,51,18,145,159,1471,2023,26.0
1626164,Devin Booker,2023-24,68,2446.65,642,1305,152,418,405,457,56,252,308,472,61,28,178,206,1841,2024,27.0
1626166,Cameron Payne,2017-18,25,581.5166666666667,87,215,35,91,12,16,18,51,69,113,26,9,36,44,221,2018,23.0
1626166,Cameron Payne,2018-19,40,712.2333333333333,96,223,25,84,33,41,13,59,72,106,28,9,45,64,250,2019,24.0
1626166,Cameron Payne,2019-20,8,183.16666666666669,33,68,15,29,6,7,4,27,31,24,8,2,11,20,87,2020,25.0
1626166,Cameron Payne,2020-21,60,1079.45,191,395,73,166,50,56,16,128,144,217,36,16,60,97,505,2021,26.0
1626166,Cameron Payne,2021-22,58,1277.6333333333332,240,587,71,211,75,89,24,151,175,282,40,17,103,119,626,2022,27.0
1626166,Cameron Payne,2022-23,48,968.3166666666666,188,453,68,185,49,64,12,94,106,214,33,8,81,88,493,2023,28.0
1626166,Cameron Payne,2023-24,78,1304.1,208,481,104,267,58,67,21,96,117,205,42,11,66,126,578,2024,29.0
1626167,Myles Turner,2017-18,65,1836.1833333333334,306,639,56,157,160,206,93,324,417,87,38,118,96,186,828,2018,21.0
1626167,Myles Turner,2018-19,74,2118.7833333333333,380,780,76,196,148,201,101,430,531,115,60,199,100,195,984,2019,22.0
1626167,Myles Turner,2019-20,62,1825.8166666666666,268,587,86,250,127,169,86,321,407,72,46,132,85,166,749,2020,23.0
1626167,Myles Turner,2020-21,47,1455.35,206,432,69,206,111,142,63,243,306,48,40,159,67,165,592,2021,24.0
1626167,Myles Turner,2021-22,42,1234.7333333333333,200,393,61,183,79,105,65,232,297,44,28,118,54,119,540,2022,25.0
1626167,Myles Turner,2022-23,62,1825.2333333333333,402,733,93,249,216,276,88,378,466,89,36,140,103,215,1113,2023,26.0
1626167,Myles Turner,2023-24,77,2076.4333333333334,476,909,116,324,245,317,113,420,533,100,39,144,109,232,1313,2024,27.0
1626168,Trey Lyles,2017-18,73,1390.7,270,550,83,218,101,143,55,292,347,91,30,34,61,111,724,2018,22.0
1626168,Trey Lyles,2018-19,64,1119.7333333333333,207,495,51,200,81,116,44,202,246,87,30,23,68,93,546,2019,23.0
1626168,Trey Lyles,2019-20,63,1270.8333333333333,153,343,65,168,33,45,71,290,361,69,28,28,39,98,404,2020,24.0
1626168,Trey Lyles,2020-21,23,357.8333333333333,43,90,14,40,15,23,9,77,86,14,6,1,6,13,115,2021,25.0
1626168,Trey Lyles,2021-22,75,1536.3,262,562,67,209,195,243,89,290,379,88,29,32,73,123,786,2022,26.0
1626168,Trey Lyles,2022-23,74,1247.25,187,408,87,240,101,124,68,232,300,66,27,31,64,97,562,2023,27.0
1626168,Trey Lyles,2023-24,58,1158.2166666666667,143,321,84,219,49,70,61,196,257,72,17,19,38,86,419,2024,28.0
1626169,Stanley Johnson,2017-18,69,1893.5166666666667,210,560,67,234,112,145,33,219,252,112,95,14,77,169,599,2018,21.0
1626169,Stanley Johnson,2018-19,66,1207.3833333333334,171,440,62,215,50,64,34,183,217,88,60,14,81,114,454,2019,22.0
1626169,Stanley Johnson,2019-20,25,149.73333333333332,22,59,7,24,9,16,7,30,37,20,6,4,15,16,60,2020,23.0
1626169,Stanley Johnson,2020-21,61,1005.5833333333334,89,233,45,137,44,55,29,124,153,89,52,18,54,116,267,2021,24.0
1626169,Stanley Johnson,2021-22,48,1094.3833333333334,117,251,33,105,53,74,34,121,155,80,43,14,35,109,320,2022,25.0
1626169,Stanley Johnson,2022-23,30,469.5,65,122,18,40,26,39,22,73,95,67,16,6,33,48,174,2023,26.0
1626170,Jerian Grant,2017-18,74,1686.3166666666666,209,503,61,187,140,188,31,140,171,342,63,8,89,132,619,2018,25.0
1626170,Jerian Grant,2018-19,60,938.7666666666667,92,220,40,110,26,40,19,79,98,156,44,6,51,78,250,2019,26.0
1626170,Jerian Grant,2019-20,6,80.36666666666666,10,27,2,8,5,7,2,4,6,9,1,1,3,11,27,2020,27.0
1626171,Bobby Portis,2017-18,73,1642.5166666666667,382,811,80,223,120,156,159,339,498,123,50,23,103,130,964,2018,22.0
1626171,Bobby Portis,2018-19,50,1298.15,279,628,75,191,77,97,109,294,403,72,35,20,74,145,710,2019,23.0
1626171,Bobby Portis,2019-20,66,1393.5,265,589,67,187,71,93,80,258,338,98,32,18,73,110,668,2020,24.0
1626171,Bobby Portis,2020-21,66,1372.1833333333334,313,598,74,157,54,73,124,342,466,71,52,26,56,115,754,2021,25.0
1626171,Bobby Portis,2021-22,72,2028.35,417,871,133,338,85,113,180,477,657,86,53,51,90,174,1052,2022,26.0
1626171,Bobby Portis,2022-23,70,1818.4166666666667,398,803,95,257,96,125,154,518,672,105,29,16,81,115,987,2023,27.0
1626171,Bobby Portis,2023-24,82,2008.1833333333334,466,918,100,246,98,124,142,465,607,104,68,34,91,189,1130,2024,28.0
1626172,Kevon Looney,2017-18,66,910.15,112,193,1,5,42,77,83,132,215,42,34,56,31,106,267,2018,21.0
1626172,Kevon Looney,2018-19,80,1481.3666666666666,217,347,1,10,65,105,194,223,417,123,46,53,51,211,500,2019,22.0
1626172,Kevon Looney,2019-20,20,261.6166666666667,29,79,1,14,9,12,28,38,66,20,12,6,12,34,68,2020,23.0
1626172,Kevon Looney,2020-21,61,1160.6833333333334,108,197,4,17,31,48,117,205,322,119,21,22,37,136,251,2021,24.0
1626172,Kevon Looney,2021-22,82,1732.3833333333332,208,364,0,1,75,125,208,388,596,165,50,52,67,215,491,2022,25.0
1626172,Kevon Looney,2022-23,82,1957.6666666666667,242,384,0,1,94,155,274,486,760,207,52,50,45,224,578,2023,26.0
1626172,Kevon Looney,2023-24,74,1194.4666666666667,139,233,0,1,56,83,143,276,419,133,28,29,50,155,334,2024,27.0
1626173,Rashad Vaughn,2017-18,28,211.98333333333332,23,56,14,37,4,6,3,18,21,13,5,3,6,15,64,2018,21.0
1626174,Christian Wood,2018-19,21,250.3,61,117,9,26,41,56,17,66,83,8,7,10,17,17,172,2019,23.0
1626174,Christian Wood,2019-20,62,1324.6833333333334,288,508,54,140,180,242,104,286,390,60,34,54,84,98,810,2020,24.0
1626174,Christian Wood,2020-21,41,1325.8833333333334,329,640,77,206,125,198,76,319,395,71,34,48,80,88,860,2021,25.0
1626174,Christian Wood,2021-22,68,2093.65,440,878,131,336,207,332,110,576,686,155,54,65,126,171,1218,2022,26.0
1626174,Christian Wood,2022-23,67,1738.35,396,769,105,279,217,281,87,404,491,121,30,72,121,169,1114,2023,27.0
1626174,Christian Wood,2023-24,50,871.9333333333333,123,264,35,114,66,94,39,215,254,49,16,33,50,72,347,2024,28.0
1626175,Jordan Mickey,2017-18,23,284.05,39,82,2,16,13,19,18,63,81,9,6,10,18,36,93,2018,23.0
1626178,Rondae Hollis-Jefferson,2017-18,68,1920.6,342,724,13,54,249,316,101,358,459,167,65,48,121,145,946,2018,23.0
1626178,Rondae Hollis-Jefferson,2018-19,59,1233.95,200,487,9,49,118,183,83,227,310,96,44,27,68,107,527,2019,24.0
1626178,Rondae Hollis-Jefferson,2019-20,60,1121.9333333333334,155,329,3,23,105,143,110,173,283,106,46,23,59,115,418,2020,25.0
1626178,Rondae Hollis-Jefferson,2020-21,11,107.31666666666666,9,18,0,1,9,16,11,15,26,13,2,4,2,15,27,2021,26.0
1626179,Terry Rozier,2017-18,80,2068.133333333333,316,800,153,402,115,149,63,313,376,232,80,19,80,123,900,2018,23.0
1626179,Terry Rozier,2018-19,79,1791.35,258,666,119,337,73,93,32,275,307,231,68,21,68,101,708,2019,24.0
1626179,Terry Rozier,2019-20,63,2164.5,398,941,172,423,166,190,50,226,276,259,61,10,141,126,1134,2020,25.0
1626179,Terry Rozier,2020-21,69,2383.4333333333334,510,1134,222,571,165,202,47,255,302,293,87,26,128,119,1407,2021,26.0
1626179,Terry Rozier,2021-22,73,2457.85,518,1167,222,593,150,176,56,259,315,326,93,25,96,119,1408,2022,27.0
1626179,Terry Rozier,2022-23,63,2220.9333333333334,493,1188,165,505,178,220,51,208,259,319,74,16,134,119,1329,2023,28.0
1626179,Terry Rozier,2023-24,61,2040.3833333333334,442,998,149,410,172,198,35,212,247,342,63,21,106,101,1205,2024,29.0
1626181,Norman Powell,2017-18,70,1061.55,150,374,53,186,32,39,14,105,119,89,37,16,66,111,385,2018,24.0
1626181,Norman Powell,2018-19,60,1126.4666666666667,193,400,68,170,62,75,16,123,139,91,39,13,65,96,516,2019,25.0
1626181,Norman Powell,2019-20,52,1478.8333333333333,296,598,109,273,129,153,26,164,190,91,60,21,77,108,830,2020,26.0
1626181,Norman Powell,2020-21,69,2205.516666666667,438,918,171,416,236,271,42,173,215,129,82,18,119,160,1283,2021,27.0
1626181,Norman Powell,2021-22,45,1458.2,279,605,106,253,189,233,20,125,145,96,42,21,69,106,853,2022,28.0
1626181,Norman Powell,2022-23,60,1567.1166666666666,340,710,114,287,225,277,24,151,175,109,50,18,101,125,1019,2023,29.0
1626181,Norman Powell,2023-24,76,1990.4,373,768,167,384,143,172,16,179,195,82,43,22,66,137,1056,2024,30.0
1626184,Chasson Randle,2018-19,49,742.9333333333334,91,217,46,115,43,62,10,46,56,97,25,3,43,91,271,2019,25.0
1626184,Chasson Randle,2019-20,3,40.4,0,4,0,2,5,6,0,2,2,5,2,0,0,3,5,2020,26.0
1626184,Chasson Randle,2020-21,41,837.0333333333333,92,237,44,130,38,48,7,75,82,74,22,5,46,64,266,2021,27.0
1626185,Jarell Martin,2017-18,73,1660.6166666666666,221,496,34,98,89,116,97,221,318,73,39,49,86,211,565,2018,23.0
1626185,Jarell Martin,2018-19,42,327.8833333333333,43,104,20,57,9,11,11,62,73,18,3,8,11,51,115,2019,24.0
1626188,Quinn Cook,2017-18,33,740.5166666666667,122,252,46,104,22,25,10,72,82,89,12,1,32,59,312,2018,24.0
1626188,Quinn Cook,2018-19,74,1058.9333333333334,204,439,81,200,20,26,22,135,157,116,20,3,50,92,509,2019,25.0
1626188,Quinn Cook,2019-20,44,507.96666666666664,91,214,31,85,11,14,11,40,51,49,12,2,33,27,224,2020,26.0
1626188,Quinn Cook,2020-21,23,157.35,29,68,11,26,7,8,2,15,17,18,4,1,7,10,76,2021,27.0
1626191,Chris McCullough,2017-18,19,89.76666666666667,18,42,1,8,9,14,7,18,25,4,0,5,2,8,46,2018,22.0
1626192,Pat Connaughton,2017-18,82,1487.8666666666666,165,390,74,210,37,44,36,125,161,91,23,22,43,120,441,2018,25.0
1626192,Pat Connaughton,2018-19,61,1261.1833333333334,163,350,66,200,29,40,61,197,258,122,33,25,33,81,421,2019,26.0
1626192,Pat Connaughton,2019-20,67,1243.15,137,301,55,166,31,40,60,224,284,107,25,31,52,70,360,2020,27.0
1626192,Pat Connaughton,2020-21,69,1574.7666666666667,168,387,101,272,31,40,63,269,332,81,49,23,33,99,468,2021,28.0
1626192,Pat Connaughton,2021-22,65,1690.8,227,496,146,370,45,54,45,228,273,82,59,15,35,86,645,2022,29.0
1626192,Pat Connaughton,2022-23,61,1442.75,165,421,109,322,27,41,50,233,283,77,37,11,33,69,466,2023,30.0
1626192,Pat Connaughton,2023-24,76,1676.2833333333333,151,347,82,238,44,58,51,188,239,161,40,19,49,99,428,2024,31.0
1626195,Willy Hernangomez,2017-18,48,494.31666666666666,91,164,5,12,59,90,61,122,183,33,18,16,35,64,246,2018,23.0
1626195,Willy Hernangomez,2018-19,58,811.8666666666667,153,295,15,39,100,144,117,194,311,60,16,20,58,98,421,2019,24.0
1626195,Willy Hernangomez,2019-20,31,375.2,74,139,5,22,37,59,43,91,134,29,10,7,30,32,190,2020,25.0
1626195,Willy Hernangomez,2020-21,47,846.2,151,268,1,10,62,93,117,217,334,50,22,23,34,68,365,2021,26.0
1626195,Willy Hernangomez,2021-22,50,838.95,170,327,4,12,109,141,143,195,338,63,21,19,51,97,453,2022,27.0
1626195,Willy Hernangomez,2022-23,38,457.6666666666667,89,169,3,11,81,104,58,122,180,33,17,13,39,64,262,2023,28.0
1626196,Josh Richardson,2017-18,81,2689.5,399,885,127,336,120,142,69,216,285,231,121,75,140,199,1045,2018,24.0
1626196,Josh Richardson,2018-19,73,2539.45,423,1026,164,460,199,231,54,209,263,298,79,34,113,200,1209,2019,25.0
1626196,Josh Richardson,2019-20,55,1693.2,278,646,85,249,114,141,41,133,174,162,52,36,104,136,755,2020,26.0
1626196,Josh Richardson,2020-21,59,1789.65,264,618,88,267,99,108,51,144,195,153,61,24,79,130,715,2021,27.0
1626196,Josh Richardson,2021-22,65,1599.75,234,534,102,246,96,108,42,143,185,115,56,29,66,116,666,2022,28.0
1626196,Josh Richardson,2022-23,65,1529.6,239,554,107,293,69,81,41,134,175,174,69,20,86,117,654,2023,29.0
1626196,Josh Richardson,2023-24,43,1102.85,154,347,66,190,51,54,18,103,121,105,24,14,36,76,425,2024,30.0
1626199,Darrun Hilliard,2017-18,14,95.21666666666667,5,19,0,6,6,7,0,7,7,11,2,0,4,7,16,2018,24.0
1626202,Joe Young,2017-18,53,558.1166666666667,80,186,25,66,22,29,12,51,63,39,14,1,26,39,207,2018,25.0
1626203,Treveon Graham,2017-18,63,1049.55,96,221,40,97,41,59,42,79,121,59,33,2,27,109,273,2018,24.0
1626203,Treveon Graham,2018-19,35,715.3833333333333,64,191,38,128,18,22,23,84,107,34,13,7,17,68,184,2019,25.0
1626203,Treveon Graham,2019-20,55,929.3666666666667,87,242,33,120,36,56,51,99,150,45,24,6,29,102,243,2020,26.0
1626204,Larry Nance Jr.,2017-18,66,1420.55,240,413,2,12,91,137,161,291,452,82,88,38,51,172,573,2018,25.0
1626204,Larry Nance Jr.,2018-19,67,1795.45,249,479,33,98,96,134,168,384,552,214,100,40,97,192,627,2019,26.0
1626204,Larry Nance Jr.,2019-20,56,1472.15,229,431,56,159,50,74,106,303,409,123,56,22,60,91,564,2020,27.0
1626204,Larry Nance Jr.,2020-21,35,1091.4833333333333,128,272,41,114,30,49,54,181,235,107,61,17,55,72,327,2021,28.0
1626204,Larry Nance Jr.,2021-22,46,1040.05,129,247,23,70,40,57,72,176,248,81,43,20,37,84,321,2022,29.0
1626204,Larry Nance Jr.,2022-23,65,1380.8666666666668,186,305,14,42,55,79,106,248,354,119,56,37,42,133,441,2023,30.0
1626204,Larry Nance Jr.,2023-24,61,1216.2,138,241,27,65,47,61,94,213,307,113,61,19,49,98,350,2024,31.0
1626209,Mario Hezonja,2017-18,75,1657.0833333333335,273,617,90,267,86,105,41,240,281,106,81,31,86,134,722,2018,22.0
1626209,Mario Hezonja,2018-19,58,1206.2833333333333,191,464,42,152,87,114,28,211,239,88,57,8,88,110,511,2019,23.0
1626209,Mario Hezonja,2019-20,53,871.4,92,218,24,78,48,59,30,154,184,50,36,9,42,107,256,2020,24.0
1626210,Alan Williams,2017-18,5,70.33333333333333,7,18,0,0,6,9,3,19,22,8,5,1,7,13,20,2018,25.0
1626210,Alan Williams,2018-19,5,25.53333333333333,8,13,0,1,2,4,4,15,19,3,1,0,1,2,18,2019,26.0
1626242,Luis Montero,2017-18,2,7.95,0,1,0,0,0,0,0,2,2,0,0,0,2,0,0,2018,24.0
1626245,Cristiano Felicio,2017-18,55,977.4666666666667,127,215,0,2,54,81,83,150,233,55,16,11,54,104,308,2018,25.0
1626245,Cristiano Felicio,2018-19,60,746.4,95,179,0,4,50,73,79,139,218,37,11,7,33,69,240,2019,26.0
1626245,Cristiano Felicio,2019-20,22,385.7166666666667,34,54,0,2,18,23,55,47,102,16,10,2,18,34,86,2020,27.0
1626245,Cristiano Felicio,2020-21,18,83.55,7,13,0,2,9,16,10,16,26,9,4,0,4,10,23,2021,28.0
1626246,Boban Marjanovic,2017-18,39,337.85,79,148,0,0,77,97,48,96,144,22,10,11,36,51,235,2018,29.0
1626246,Boban Marjanovic,2018-19,58,680.65,160,260,4,10,98,131,87,178,265,54,16,27,59,90,422,2019,30.0
1626246,Boban Marjanovic,2019-20,44,421.9,121,211,4,17,43,57,66,131,197,20,8,10,30,56,289,2020,31.0
1626246,Boban Marjanovic,2020-21,33,271.31666666666666,62,122,1,8,31,38,47,81,128,10,2,6,12,29,156,2021,32.0
1626246,Boban Marjanovic,2021-22,23,127.93333333333334,42,70,1,4,13,22,8,31,39,3,0,3,15,24,98,2022,33.0
1626246,Boban Marjanovic,2022-23,31,171.06666666666666,41,60,0,1,20,27,20,40,60,9,5,2,14,10,102,2023,34.0
1626246,Boban Marjanovic,2023-24,14,70.91666666666667,18,34,0,2,9,14,7,25,32,6,1,2,5,5,45,2024,35.0
1626253,Axel Toupane,2020-21,8,61.233333333333334,4,11,1,2,5,7,0,6,6,4,2,3,0,6,14,2021,28.0
1626257,Salah Mejri,2017-18,61,728.7833333333333,88,137,0,3,38,66,85,161,246,35,22,67,39,121,214,2018,31.0
1626257,Salah Mejri,2018-19,36,399.15,55,112,11,34,20,32,36,95,131,35,10,26,21,55,141,2019,32.0
1626780,Jonathan Gibson,2017-18,4,39.93333333333333,14,23,6,12,0,0,0,3,3,4,0,0,3,5,34,2018,30.0
1627098,Malcolm Delaney,2017-18,54,1014.1833333333334,109,285,46,124,74,92,9,91,100,163,35,6,66,82,338,2018,28.0
1627362,Briante Weber,2017-18,18,236.51666666666665,19,43,4,11,8,10,8,27,35,22,18,5,15,28,50,2018,25.0
1627733,Dragan Bender,2017-18,82,2069.4166666666665,187,484,118,322,39,51,40,321,361,130,22,53,112,166,531,2018,20.0
1627733,Dragan Bender,2018-19,46,826.2333333333333,88,197,22,101,32,54,34,149,183,56,18,22,37,90,230,2019,21.0
1627733,Dragan Bender,2019-20,16,285.5333333333333,41,92,15,43,10,14,16,57,73,28,4,9,21,42,107,2020,22.0
1627734,Domantas Sabonis,2017-18,74,1810.1333333333332,340,661,13,37,168,224,165,407,572,151,40,32,137,220,861,2018,21.0
1627734,Domantas Sabonis,2018-19,74,1838.45,413,700,9,17,208,291,186,504,690,212,48,30,160,239,1043,2019,22.0
1627734,Domantas Sabonis,2019-20,62,2158.633333333333,458,848,17,67,214,296,189,582,771,310,47,30,170,195,1147,2020,23.0
1627734,Domantas Sabonis,2020-21,62,2231.4666666666667,484,904,52,162,240,328,150,592,742,415,76,33,213,203,1260,2021,24.0
1627734,Domantas Sabonis,2021-22,62,2135.866666666667,443,773,39,125,246,332,201,551,752,323,59,27,195,203,1171,2022,25.0
1627734,Domantas Sabonis,2022-23,79,2735.5833333333335,577,938,31,83,325,438,251,722,973,573,65,39,230,279,1510,2023,26.0
1627734,Domantas Sabonis,2023-24,82,2928.0333333333333,634,1068,33,87,292,415,294,826,1120,673,74,48,272,250,1593,2024,27.0
1627735,Wade Baldwin IV,2017-18,7,80.48333333333333,14,21,4,5,6,10,1,7,8,5,2,1,4,12,38,2018,21.0
1627735,Wade Baldwin IV,2018-19,16,93.65,10,33,2,9,8,11,2,13,15,12,1,2,14,11,30,2019,22.0
1627736,Malik Beasley,2017-18,62,582.75,73,178,28,82,22,33,14,57,71,31,15,7,24,36,196,2018,21.0
1627736,Malik Beasley,2018-19,81,1878.7166666666667,349,737,163,405,56,66,35,165,200,97,55,10,55,116,917,2019,22.0
1627736,Malik Beasley,2019-20,55,1208.7333333333333,227,534,107,276,54,66,18,130,148,75,40,8,57,77,615,2020,23.0
1627736,Malik Beasley,2020-21,37,1214.0666666666666,264,600,128,321,68,80,28,134,162,88,30,7,60,62,724,2021,24.0
1627736,Malik Beasley,2021-22,79,1976.2666666666667,332,850,240,637,49,60,26,201,227,116,43,12,43,88,953,2022,25.0
1627736,Malik Beasley,2022-23,81,2093.116666666667,370,937,235,658,50,65,35,248,283,124,65,9,90,107,1025,2023,26.0
1627736,Malik Beasley,2023-24,79,2337.383333333333,320,722,224,542,25,35,41,249,290,108,59,9,54,158,889,2024,27.0
1627737,Marquese Chriss,2017-18,72,1526.9,202,477,56,190,96,158,76,319,395,83,51,70,107,205,556,2018,20.0
1627737,Marquese Chriss,2018-19,43,498.8,67,180,16,72,32,45,40,102,142,22,17,11,36,81,182,2019,21.0
1627737,Marquese Chriss,2019-20,59,1196.1666666666667,210,385,8,39,120,156,114,251,365,114,39,62,78,122,548,2020,22.0
1627737,Marquese Chriss,2020-21,2,26.71666666666667,5,14,1,5,2,4,3,10,13,2,0,2,2,3,13,2021,23.0
1627737,Marquese Chriss,2021-22,34,345.6666666666667,62,134,8,25,22,33,33,70,103,17,13,12,17,64,154,2022,24.0
1627738,Deyonta Davis,2017-18,62,942.6666666666666,161,265,0,0,38,57,75,175,250,40,15,39,32,125,360,2018,21.0
1627738,Deyonta Davis,2018-19,9,118.43333333333334,15,22,0,1,6,10,10,26,36,5,3,5,3,12,36,2019,22.0
1627739,Kris Dunn,2017-18,52,1524.8333333333333,286,666,43,134,84,114,24,197,221,310,104,27,150,174,699,2018,23.0
1627739,Kris Dunn,2018-19,46,1389.3333333333333,215,506,34,96,55,69,19,168,187,277,68,21,104,166,519,2019,24.0
1627739,Kris Dunn,2019-20,51,1268.6666666666667,152,342,29,112,40,54,23,163,186,173,101,17,68,158,373,2020,25.0
1627739,Kris Dunn,2020-21,4,45.416666666666664,1,12,0,2,3,4,0,6,6,2,2,2,3,10,5,2021,26.0
1627739,Kris Dunn,2021-22,14,336.35,44,102,1,11,17,18,9,40,49,79,23,3,32,38,106,2022,27.0
1627739,Kris Dunn,2022-23,22,567.5333333333333,116,216,17,36,41,53,9,91,100,124,25,10,35,58,290,2023,28.0
1627739,Kris Dunn,2023-24,66,1249.1666666666667,147,313,41,111,22,32,50,139,189,254,68,28,79,135,357,2024,29.0
1627740,Henry Ellenson,2017-18,38,328.93333333333334,53,146,20,60,25,29,10,71,81,20,5,0,18,22,151,2018,21.0
1627740,Henry Ellenson,2018-19,19,259.1166666666667,39,95,17,38,19,25,5,61,66,16,7,2,9,27,114,2019,22.0
1627740,Henry Ellenson,2019-20,5,15.116666666666667,1,7,0,4,0,0,2,4,6,1,0,0,0,1,2,2020,23.0
1627740,Henry Ellenson,2020-21,2,38.36666666666667,5,14,2,9,3,4,3,9,12,5,0,0,0,7,15,2021,24.0
1627741,Buddy Hield,2017-18,80,2024.2333333333333,416,933,176,408,71,81,55,252,307,155,85,22,124,148,1079,2018,24.0
1627741,Buddy Hield,2018-19,82,2614.866666666667,623,1360,278,651,171,193,106,306,412,205,58,33,146,202,1695,2019,25.0
1627741,Buddy Hield,2019-20,72,2216.116666666667,498,1162,271,688,115,136,57,271,328,213,66,17,168,165,1382,2020,26.0
1627741,Buddy Hield,2020-21,71,2432.8333333333335,403,992,282,721,88,104,29,305,334,257,63,30,130,175,1176,2021,27.0
1627741,Buddy Hield,2021-22,81,2498.8166666666666,446,1098,262,716,111,127,66,287,353,229,73,25,153,184,1265,2022,28.0
1627741,Buddy Hield,2022-23,80,2481.9166666666665,475,1038,288,677,106,129,67,333,400,225,92,26,139,156,1344,2023,29.0
1627741,Buddy Hield,2023-24,84,2159.9333333333334,371,850,219,568,52,59,61,208,269,236,70,42,103,169,1013,2024,30.0
1627742,Brandon Ingram,2017-18,59,1974.5833333333333,358,761,41,105,192,282,57,257,314,230,45,43,149,163,949,2018,20.0
1627742,Brandon Ingram,2018-19,52,1760.5,362,729,31,94,195,289,41,226,267,154,28,31,129,149,950,2019,21.0
1627742,Brandon Ingram,2019-20,62,2103.4333333333334,507,1096,150,384,313,368,51,329,380,259,61,38,189,179,1477,2020,22.0
1627742,Brandon Ingram,2020-21,61,2092.4,513,1101,143,375,281,320,34,265,299,296,42,36,154,124,1450,2021,23.0
1627742,Brandon Ingram,2021-22,55,1869.2,453,983,74,226,266,322,35,285,320,307,34,26,151,119,1246,2022,24.0
1627742,Brandon Ingram,2022-23,45,1538.0833333333333,404,835,64,164,240,272,23,223,246,262,32,19,148,116,1112,2023,25.0
1627742,Brandon Ingram,2023-24,64,2102.7,500,1017,86,242,246,307,43,281,324,363,50,40,163,145,1332,2024,26.0
1627743,Demetrius Jackson,2017-18,15,79.95,7,18,1,7,1,2,5,7,12,9,5,1,10,7,16,2018,23.0
1627743,Demetrius Jackson,2018-19,6,39.45,8,15,2,6,4,4,2,1,3,5,2,0,1,4,22,2019,24.0
1627744,Brice Johnson,2017-18,18,97.96666666666667,20,42,0,1,3,5,9,22,31,2,9,6,5,13,43,2018,23.0
1627745,Damian Jones,2017-18,15,88.71666666666667,11,22,0,0,3,5,5,9,14,2,1,3,4,14,25,2018,22.0
1627745,Damian Jones,2018-19,24,409.6166666666667,53,74,0,0,24,37,31,44,75,28,12,25,16,63,130,2019,23.0
1627745,Damian Jones,2019-20,55,886.9166666666666,121,178,2,9,62,84,74,132,206,35,26,40,28,149,306,2020,24.0
1627745,Damian Jones,2020-21,39,545.7333333333333,70,103,1,5,42,58,36,85,121,29,11,29,26,77,183,2021,25.0
1627745,Damian Jones,2021-22,56,1016.6666666666666,175,266,10,29,94,131,75,171,246,69,26,47,59,130,454,2022,26.0
1627745,Damian Jones,2022-23,41,477.4166666666667,55,86,10,17,22,29,42,80,122,15,8,21,23,55,142,2023,27.0
1627745,Damian Jones,2023-24,39,269.73333333333335,43,72,3,14,18,21,20,42,62,15,7,13,13,27,107,2024,28.0
1627746,Skal Labissiere,2017-18,60,1240.3,205,458,18,51,95,118,98,189,287,72,25,49,73,132,523,2018,21.0
1627746,Skal Labissiere,2018-19,22,176.48333333333335,26,49,6,13,9,17,9,34,43,11,5,6,11,29,67,2019,22.0
1627746,Skal Labissiere,2019-20,33,566.8166666666666,81,147,3,13,25,33,65,104,169,42,7,31,30,89,190,2020,23.0
1627747,Caris LeVert,2017-18,71,1863.7,320,735,85,245,133,187,53,207,260,299,82,22,153,159,858,2018,23.0
1627747,Caris LeVert,2018-19,40,1062.9,207,483,48,154,85,123,35,116,151,156,42,14,69,77,547,2019,24.0
1627747,Caris LeVert,2019-20,45,1329.8666666666668,311,732,80,220,140,197,49,140,189,199,53,10,118,81,842,2020,25.0
1627747,Caris LeVert,2020-21,47,1485.3333333333333,359,814,84,258,146,180,33,181,214,245,66,30,102,105,948,2021,26.0
1627747,Caris LeVert,2021-22,58,1780.3833333333334,379,854,82,256,146,193,43,171,214,248,51,23,108,131,986,2022,27.0
1627747,Caris LeVert,2022-23,74,2237.366666666667,320,742,127,324,130,180,53,229,282,287,72,24,116,170,897,2023,28.0
1627747,Caris LeVert,2023-24,68,1958.0666666666666,345,820,108,332,154,201,39,241,280,346,76,34,117,121,952,2024,29.0
1627748,Thon Maker,2017-18,74,1237.9,130,316,31,104,65,93,75,150,225,46,38,53,44,162,356,2018,20.0
1627748,Thon Maker,2018-19,64,972.3166666666666,109,268,49,153,56,84,41,161,202,45,21,51,33,105,323,2019,21.0
1627748,Thon Maker,2019-20,60,776.1,93,193,22,64,73,110,54,113,167,43,25,39,45,102,281,2020,22.0
1627748,Thon Maker,2020-21,8,76.46666666666667,10,18,0,2,10,11,8,10,18,4,2,4,3,7,30,2021,23.0
1627749,Dejounte Murray,2017-18,81,1742.9,270,609,9,34,105,148,110,349,459,231,97,31,134,151,654,2018,21.0
1627749,Dejounte Murray,2019-20,66,1686.7833333333333,294,637,41,111,91,114,69,314,383,271,111,17,125,143,720,2020,23.0
1627749,Dejounte Murray,2020-21,67,2139.4333333333334,441,974,63,199,106,134,58,415,473,363,101,7,117,135,1051,2021,24.0
1627749,Dejounte Murray,2021-22,68,2365.9333333333334,573,1241,96,294,196,247,80,483,563,627,138,23,180,138,1438,2022,25.0
1627749,Dejounte Murray,2022-23,74,2693.4,612,1319,133,387,158,190,53,336,389,448,112,19,160,106,1515,2023,26.0
1627749,Dejounte Murray,2023-24,78,2783.35,672,1463,201,554,208,262,62,354,416,502,111,24,201,138,1753,2024,27.0
1627750,Jamal Murray,2017-18,81,2564.75,479,1062,165,436,229,253,82,215,297,274,79,28,172,173,1352,2018,20.0
1627750,Jamal Murray,2018-19,75,2447.3,513,1173,152,414,189,223,65,252,317,363,67,27,158,153,1367,2019,21.0
1627750,Jamal Murray,2019-20,59,1903.5,408,894,112,324,163,185,45,191,236,284,67,17,127,102,1091,2020,22.0
1627750,Jamal Murray,2020-21,48,1703.6333333333332,378,792,129,316,133,153,37,157,194,231,64,13,108,95,1018,2021,23.0
1627750,Jamal Murray,2022-23,65,2133.4166666666665,473,1041,172,432,180,216,48,209,257,400,66,16,145,103,1298,2023,25.0
1627750,Jamal Murray,2023-24,59,1861.3833333333332,474,986,145,341,157,184,42,200,242,384,57,39,125,104,1250,2024,26.0
1627751,Jakob Poeltl,2017-18,82,1523.55,253,384,1,2,60,101,165,228,393,57,39,100,85,212,567,2018,22.0
1627751,Jakob Poeltl,2018-19,77,1272.6666666666667,187,290,0,0,49,92,178,232,410,93,29,68,48,124,423,2019,23.0
1627751,Jakob Poeltl,2019-20,66,1171.1833333333334,166,266,0,0,40,86,131,244,375,116,37,95,54,126,372,2020,24.0
1627751,Jakob Poeltl,2020-21,69,1845.1333333333332,265,430,0,0,63,124,219,328,547,134,47,123,83,172,593,2021,25.0
1627751,Jakob Poeltl,2021-22,68,1969.6833333333334,410,663,1,1,94,190,262,372,634,189,45,118,109,212,915,2022,26.0
1627751,Jakob Poeltl,2022-23,72,1906.1166666666666,389,618,0,1,119,201,236,417,653,197,66,86,125,195,897,2023,27.0
1627751,Jakob Poeltl,2023-24,50,1319.1333333333334,248,378,0,0,59,107,146,283,429,127,35,76,77,149,555,2024,28.0
1627755,Tyler Ulis,2017-18,71,1658.4833333333333,214,551,42,146,84,101,24,104,128,311,70,7,127,120,554,2018,22.0
1627755,Tyler Ulis,2018-19,1,0.8333333333333334,0,0,0,0,0,0,0,0,0,0,0,0,0,0,0,2019,23.0
1627756,Denzel Valentine,2017-18,77,2095.15,301,721,143,370,38,51,48,345,393,244,65,11,99,185,783,2018,24.0
1627756,Denzel Valentine,2019-20,36,487.9166666666667,97,237,46,137,6,8,9,65,74,43,26,6,26,51,246,2020,26.0
1627756,Denzel Valentine,2020-21,62,1035.8,155,416,80,242,16,17,24,173,197,105,30,7,42,70,406,2021,27.0
1627756,Denzel Valentine,2021-22,24,222.0,25,66,19,47,0,0,9,33,42,11,8,0,12,20,69,2022,28.0
1627758,Ron Baker,2017-18,29,384.68333333333334,20,59,11,33,20,26,5,25,30,47,26,6,18,33,71,2018,24.0
1627758,Ron Baker,2018-19,15,151.98333333333332,4,20,1,13,5,6,1,10,11,15,6,1,5,18,14,2019,25.0
1627759,Jaylen Brown,2017-18,70,2151.8166666666666,373,803,121,306,150,233,66,280,346,114,70,26,124,181,1017,2018,21.0
1627759,Jaylen Brown,2018-19,74,1913.3333333333333,368,792,95,276,133,202,65,248,313,100,69,32,99,186,964,2019,22.0
1627759,Jaylen Brown,2019-20,57,1933.7,427,887,129,338,176,243,62,302,364,118,65,20,125,167,1159,2020,23.0
1627759,Jaylen Brown,2020-21,58,1998.7,538,1111,163,411,191,250,71,276,347,195,72,32,158,168,1430,2021,24.0
1627759,Jaylen Brown,2021-22,66,2220.45,576,1217,166,464,241,318,53,351,404,231,70,18,178,163,1559,2022,25.0
1627759,Jaylen Brown,2022-23,67,2404.95,679,1383,163,487,263,344,78,381,459,232,75,26,197,172,1784,2023,26.0
1627759,Jaylen Brown,2023-24,70,2342.55,627,1256,145,410,211,300,84,303,387,249,83,37,166,185,1610,2024,27.0
1627761,DeAndre' Bembry,2017-18,26,455.25,53,128,11,30,19,33,8,64,72,49,21,12,47,38,136,2018,23.0
1627761,DeAndre' Bembry,2018-19,82,1931.3666666666668,275,616,50,173,87,136,54,304,358,202,105,41,142,190,687,2019,24.0
1627761,DeAndre' Bembry,2019-20,43,915.4,104,228,15,65,26,48,34,118,152,81,55,19,60,84,249,2020,25.0
1627761,DeAndre' Bembry,2020-21,51,971.85,117,228,14,53,45,66,33,113,146,107,53,18,71,87,293,2021,26.0
1627761,DeAndre' Bembry,2021-22,56,1026.05,124,221,15,36,21,35,42,121,163,66,49,25,31,113,284,2022,27.0
1627762,Joel Bolomboy,2017-18,6,37.666666666666664,3,6,0,1,3,6,6,4,10,0,2,0,2,3,9,2018,24.0
1627763,Malcolm Brogdon,2017-18,48,1436.0,244,503,62,161,75,85,23,133,156,152,41,13,66,128,625,2018,25.0
1627763,Malcolm Brogdon,2018-19,64,1831.5833333333333,378,748,104,244,141,152,65,223,288,205,46,13,91,102,1001,2019,26.0
1627763,Malcolm Brogdon,2019-20,54,1666.2833333333333,326,744,75,230,166,186,46,216,262,381,35,10,131,98,893,2020,27.0
1627763,Malcolm Brogdon,2020-21,56,1929.55,444,980,145,374,153,177,58,236,294,329,49,15,115,110,1186,2021,28.0
1627763,Malcolm Brogdon,2021-22,36,1206.2333333333333,243,543,58,186,143,167,33,152,185,212,30,14,77,71,687,2022,29.0
1627763,Malcolm Brogdon,2022-23,67,1743.8166666666666,354,732,132,297,160,184,42,238,280,248,45,18,98,109,1000,2023,30.0
1627763,Malcolm Brogdon,2023-24,39,1120.8166666666666,218,496,82,199,95,116,28,120,148,214,27,8,60,58,613,2024,31.0
1627767,Cheick Diallo,2017-18,52,580.9166666666666,102,176,0,0,50,66,47,164,211,19,11,21,28,82,254,2018,21.0
1627767,Cheick Diallo,2018-19,64,895.65,168,271,1,4,50,67,75,257,332,33,29,33,49,113,387,2019,22.0
1627767,Cheick Diallo,2019-20,47,478.55,92,142,1,3,34,39,30,101,131,22,11,12,32,55,219,2020,23.0
1627767,Cheick Diallo,2021-22,3,30.633333333333333,3,8,0,0,5,6,4,8,12,0,1,0,1,6,11,2022,25.0
1627770,Kay Felder,2017-18,16,139.55,21,70,4,19,11,12,3,15,18,20,3,1,16,11,57,2018,22.0
1627774,Jake Layman,2017-18,35,160.33333333333334,14,47,4,20,2,3,4,12,16,11,6,4,5,13,34,2018,23.0
1627774,Jake Layman,2018-19,71,1326.9833333333333,216,424,59,181,50,71,56,161,217,53,31,30,46,116,541,2019,24.0
1627774,Jake Layman,2019-20,23,505.18333333333334,81,179,24,72,24,32,17,40,57,15,17,10,24,47,210,2020,25.0
1627774,Jake Layman,2020-21,45,627.2666666666667,91,184,23,78,26,37,13,54,67,28,29,19,26,44,231,2021,26.0
1627774,Jake Layman,2021-22,34,230.56666666666666,30,73,8,35,13,18,6,30,36,9,7,5,10,12,81,2022,27.0
1627775,Patrick McCaw,2017-18,57,961.15,92,225,19,80,26,34,16,66,82,81,43,10,41,67,229,2018,22.0
1627775,Patrick McCaw,2018-19,29,397.3,26,63,9,28,13,15,7,41,48,29,23,2,17,38,74,2019,23.0
1627775,Patrick McCaw,2019-20,37,908.15,67,162,23,71,13,18,19,67,86,79,39,4,29,60,170,2020,24.0
1627775,Patrick McCaw,2020-21,5,33.36666666666666,1,1,0,0,3,3,1,2,3,4,2,0,0,6,5,2021,25.0
1627777,Georges Niang,2017-18,9,31.683333333333334,4,11,0,4,1,2,3,6,9,3,2,0,3,1,9,2018,24.0
1627777,Georges Niang,2018-19,59,516.3666666666667,86,181,43,105,20,24,11,76,87,35,10,6,23,57,235,2019,25.0
1627777,Georges Niang,2019-20,66,923.2166666666667,141,322,90,225,20,24,15,112,127,44,18,5,30,75,392,2020,26.0
1627777,Georges Niang,2020-21,72,1154.4333333333334,177,405,124,292,22,23,28,148,176,59,25,8,51,116,500,2021,27.0
1627777,Georges Niang,2021-22,76,1736.3666666666666,246,563,156,387,52,59,25,178,203,102,30,13,59,190,700,2022,28.0
1627777,Georges Niang,2022-23,78,1511.8833333333332,222,502,154,384,39,45,19,166,185,77,31,14,54,145,637,2023,29.0
1627777,Georges Niang,2023-24,82,1831.1833333333334,284,632,149,396,51,60,22,256,278,98,30,18,72,192,768,2024,30.0
1627778,Chinanu Onuaku,2017-18,1,21.566666666666666,2,5,0,0,0,0,1,3,4,1,0,0,3,4,4,2018,21.0
1627780,Gary Payton II,2017-18,23,220.86666666666667,30,74,6,25,3,9,13,31,44,21,7,3,7,30,69,2018,25.0
1627780,Gary Payton II,2018-19,3,15.916666666666668,5,8,1,2,0,0,1,1,2,4,3,1,1,2,11,2019,26.0
1627780,Gary Payton II,2019-20,29,431.8,48,116,13,46,4,8,26,54,80,48,33,7,20,54,113,2020,27.0
1627780,Gary Payton II,2020-21,10,40.416666666666664,10,13,2,4,3,4,2,9,11,1,6,1,1,8,25,2021,28.0
1627780,Gary Payton II,2021-22,71,1247.8,212,344,43,120,35,58,72,175,247,64,96,22,40,131,502,2022,29.0
1627780,Gary Payton II,2022-23,22,367.5833333333333,41,69,13,26,6,7,24,45,69,30,22,5,16,43,101,2023,30.0
1627780,Gary Payton II,2023-24,44,679.9333333333334,103,183,20,55,14,23,46,67,113,48,39,18,27,77,240,2024,31.0
1627781,Malachi Richardson,2017-18,26,323.3333333333333,30,90,12,40,17,22,5,29,34,13,10,1,10,27,89,2018,22.0
1627781,Malachi Richardson,2018-19,22,103.43333333333334,9,29,8,25,4,5,2,11,13,0,1,0,8,13,30,2019,23.0
1627782,Wayne Selden,2017-18,35,691.3666666666667,116,269,49,122,44,59,16,40,56,66,18,5,54,59,325,2018,23.0
1627782,Wayne Selden,2018-19,75,1438.5833333333333,196,483,55,174,67,92,37,143,180,109,33,13,79,131,514,2019,24.0
1627782,Wayne Selden,2021-22,3,19.133333333333333,1,4,1,2,2,4,0,1,1,1,0,0,0,1,5,2022,27.0
1627783,Pascal Siakam,2017-18,81,1679.2666666666667,253,498,29,132,54,87,79,285,364,159,62,42,67,166,589,2018,23.0
1627783,Pascal Siakam,2018-19,80,2547.616666666667,519,945,79,214,237,302,124,425,549,248,73,52,154,241,1354,2019,24.0
1627783,Pascal Siakam,2019-20,60,2110.15,500,1104,131,365,240,303,64,375,439,207,61,53,148,170,1371,2020,25.0
1627783,Pascal Siakam,2020-21,56,2006.0166666666667,437,961,73,246,249,301,95,310,405,250,64,37,130,174,1196,2021,26.0
1627783,Pascal Siakam,2021-22,68,2577.85,596,1207,75,218,284,379,128,452,580,360,85,42,181,225,1551,2022,27.0
1627783,Pascal Siakam,2022-23,71,2652.05,630,1313,93,287,367,474,131,425,556,415,65,36,169,228,1720,2023,28.0
1627783,Pascal Siakam,2023-24,80,2657.95,681,1271,85,246,290,396,139,426,565,342,63,25,141,193,1737,2024,29.0
1627784,Jarrod Uthoff,2019-20,7,53.15,7,18,3,9,2,2,2,4,6,0,1,0,0,2,19,2020,26.0
1627785,Isaiah Whitehead,2017-18,16,179.65,40,86,7,18,13,19,4,22,26,20,8,2,24,23,100,2018,22.0
1627786,Troy Williams,2017-18,21,307.21666666666664,51,109,11,38,20,30,22,41,63,16,20,4,19,34,133,2018,23.0
1627786,Troy Williams,2018-19,21,311.98333333333335,44,98,14,44,9,15,12,47,59,11,10,8,9,37,111,2019,24.0
1627789,Timothe Luwawu-Cabarrot,2017-18,52,806.5666666666666,100,267,53,158,46,58,14,58,72,54,12,5,38,97,299,2018,22.0
1627789,Timothe Luwawu-Cabarrot,2018-19,50,669.3166666666667,82,218,36,116,31,41,11,86,97,26,19,8,21,73,231,2019,23.0
1627789,Timothe Luwawu-Cabarrot,2019-20,47,852.7166666666667,117,269,62,160,69,81,29,98,127,29,18,7,37,106,365,2020,24.0
1627789,Timothe Luwawu-Cabarrot,2020-21,58,1050.2333333333333,130,356,75,239,35,43,28,101,129,69,33,6,43,99,370,2021,25.0
1627789,Timothe Luwawu-Cabarrot,2021-22,52,684.8666666666667,74,186,44,122,35,41,17,65,82,40,18,6,20,76,227,2022,26.0
1627812,Yogi Ferrell,2017-18,82,2281.5333333333333,311,730,134,359,82,103,26,223,249,201,64,9,78,153,838,2018,24.0
1627812,Yogi Ferrell,2018-19,71,1066.6666666666667,153,352,54,149,60,67,13,96,109,137,36,4,40,64,420,2019,25.0
1627812,Yogi Ferrell,2019-20,50,529.7666666666667,79,188,24,79,36,42,6,43,49,69,18,4,28,38,218,2020,26.0
1627812,Yogi Ferrell,2020-21,10,136.98333333333335,20,57,9,28,7,9,5,14,19,22,7,3,3,11,56,2021,27.0
1627816,Alex Poythress,2017-18,25,104.11666666666667,11,26,4,11,0,0,7,10,17,2,3,1,2,16,26,2018,24.0
1627816,Alex Poythress,2018-19,21,304.9,40,81,9,23,18,29,29,47,76,17,4,10,13,47,107,2019,25.0
1627817,Tim Quarterman,2017-18,3,12.75,1,3,0,2,2,2,0,3,3,1,0,0,2,1,4,2018,23.0
1627819,Isaiah Taylor,2017-18,67,1167.05,163,390,20,80,99,141,22,72,94,206,34,10,84,116,445,2018,23.0
1627826,Ivica Zubac,2017-18,43,409.8333333333333,61,122,0,1,39,51,45,78,123,25,8,15,26,47,161,2018,20.0
1627826,Ivica Zubac,2018-19,59,1039.2166666666667,212,379,0,0,101,126,115,247,362,63,14,51,70,137,525,2019,21.0
1627826,Ivica Zubac,2019-20,72,1326.0333333333333,236,385,0,2,124,166,197,346,543,82,16,66,61,168,596,2020,22.0
1627826,Ivica Zubac,2020-21,72,1608.5166666666667,257,394,1,4,135,171,189,330,519,90,24,62,81,187,650,2021,23.0
1627826,Ivica Zubac,2021-22,76,1851.6833333333334,310,495,0,0,165,227,217,427,644,120,36,77,114,203,785,2022,24.0
1627826,Ivica Zubac,2022-23,76,2169.483333333333,326,514,0,2,166,238,236,520,756,77,29,98,117,219,818,2023,25.0
1627826,Ivica Zubac,2023-24,68,1794.5,337,519,0,0,120,166,196,430,626,93,22,83,79,180,794,2024,26.0
1627827,Dorian Finney-Smith,2017-18,21,448.3333333333333,46,121,20,67,11,15,22,53,75,26,10,4,21,43,123,2018,24.0
1627827,Dorian Finney-Smith,2018-19,81,1985.3333333333333,228,528,79,254,73,103,138,251,389,95,69,36,74,186,608,2019,25.0
1627827,Dorian Finney-Smith,2019-20,71,2119.55,243,522,114,303,78,108,145,260,405,114,45,39,69,178,678,2020,26.0
1627827,Dorian Finney-Smith,2020-21,60,1920.5666666666666,220,466,119,302,31,41,98,228,326,102,52,25,48,138,590,2021,27.0
1627827,Dorian Finney-Smith,2021-22,80,2643.616666666667,326,692,172,435,56,83,122,253,375,150,88,39,80,183,880,2022,28.0
1627827,Dorian Finney-Smith,2022-23,66,2008.8333333333333,196,501,114,338,45,59,114,202,316,100,55,36,62,144,551,2023,29.0
1627827,Dorian Finney-Smith,2023-24,68,1934.6333333333334,215,511,117,336,33,46,109,208,317,107,56,38,59,150,580,2024,30.0
1627832,Fred VanVleet,2017-18,76,1520.1166666666666,232,545,108,261,84,101,25,159,184,243,68,19,74,130,656,2018,23.0
1627832,Fred VanVleet,2018-19,64,1760.2666666666667,246,600,112,296,97,115,21,146,167,307,57,20,82,110,701,2019,24.0
1627832,Fred VanVleet,2019-20,54,1928.1666666666667,319,773,146,374,168,198,18,185,203,357,100,17,121,132,952,2020,25.0
1627832,Fred VanVleet,2020-21,52,1898.5666666666666,338,870,174,476,169,191,32,188,220,328,87,37,95,119,1019,2021,26.0
1627832,Fred VanVleet,2021-22,65,2462.05,442,1097,242,642,194,222,44,245,289,434,111,35,170,162,1320,2022,27.0
1627832,Fred VanVleet,2022-23,69,2534.983333333333,437,1112,207,606,254,283,30,250,280,495,123,38,140,193,1335,2023,28.0
1627832,Fred VanVleet,2023-24,73,2684.45,423,1018,227,586,197,229,33,245,278,589,101,59,126,183,1270,2024,29.0
1627834,Georgios Papagiannis,2017-18,17,121.61666666666667,18,42,0,0,0,0,13,24,37,9,4,6,8,12,36,2018,20.0
1627835,Paul Zipser,2017-18,54,824.05,81,234,37,110,19,25,13,118,131,46,20,15,43,86,218,2018,23.0
1627850,Marshall Plumlee,2017-18,8,51.766666666666666,1,3,0,0,12,16,4,13,17,2,0,1,3,10,14,2018,25.0
1627851,Mindaugas Kuzminskas,2017-18,1,1.85,0,2,0,0,0,0,0,0,0,0,0,0,0,0,0,2018,28.0
1627852,Nicolas Brussino,2017-18,4,9.916666666666668,0,2,0,2,0,0,0,3,3,0,0,0,0,0,0,2018,24.0
1627854,Bryn Forbes,2017-18,80,1516.9166666666667,209,497,89,228,48,72,12,98,110,80,28,2,37,108,555,2018,24.0
1627854,Bryn Forbes,2018-19,82,2292.616666666667,361,791,176,413,69,78,18,221,239,175,45,4,80,159,967,2019,25.0
1627854,Bryn Forbes,2019-20,63,1579.2166666666667,242,581,148,381,75,90,12,114,126,108,33,0,57,113,707,2020,26.0
1627854,Bryn Forbes,2020-21,70,1354.35,250,529,154,341,47,61,11,101,112,45,24,1,44,77,701,2021,27.0
1627854,Bryn Forbes,2021-22,75,1285.9166666666667,231,539,122,295,79,87,10,83,93,75,25,5,56,95,663,2022,28.0
1627854,Bryn Forbes,2022-23,25,267.73333333333335,30,83,14,46,15,15,4,11,15,17,7,2,12,22,89,2023,29.0
1627855,Okaro White,2017-18,6,79.55,7,16,4,11,2,3,3,8,11,2,1,1,1,6,20,2018,25.0
1627855,Okaro White,2018-19,3,6.283333333333333,0,2,0,2,0,0,1,1,2,0,0,0,0,0,0,2019,26.0
1627863,Danuel House Jr.,2017-18,23,402.65,56,129,15,58,25,31,13,63,76,25,7,6,11,23,152,2018,24.0
1627863,Danuel House Jr.,2018-19,39,978.6666666666666,118,252,74,178,56,71,25,115,140,40,21,11,35,80,366,2019,25.0
1627863,Danuel House Jr.,2019-20,63,1912.6666666666667,230,539,129,355,73,90,57,210,267,85,67,34,54,132,662,2020,26.0
1627863,Danuel House Jr.,2020-21,36,932.3333333333334,110,272,54,156,41,63,18,114,132,69,20,16,36,67,315,2021,27.0
1627863,Danuel House Jr.,2021-22,42,726.9833333333333,80,198,44,117,44,58,18,93,111,44,21,17,33,51,248,2022,28.0
1627863,Danuel House Jr.,2022-23,56,807.0166666666667,93,197,37,110,45,60,9,85,94,44,14,9,26,69,268,2023,29.0
1627863,Danuel House Jr.,2023-24,34,509.06666666666666,47,105,15,50,35,46,16,42,58,28,15,5,19,45,144,2024,30.0
1627875,Marcus Georges-Hunt,2017-18,42,224.38333333333333,21,48,4,15,13,21,7,9,16,7,6,0,3,32,59,2018,23.0
1627884,Derrick Jones Jr.,2017-18,20,245.18333333333334,21,53,3,18,16,24,21,17,38,9,4,13,7,24,61,2018,20.0
1627884,Derrick Jones Jr.,2018-19,60,1153.5833333333333,160,324,28,91,74,122,96,144,240,37,46,42,43,123,422,2019,21.0
1627884,Derrick Jones Jr.,2019-20,59,1375.1,184,349,37,132,95,123,66,167,233,62,58,38,30,130,500,2020,22.0
1627884,Derrick Jones Jr.,2020-21,58,1317.9333333333334,147,304,43,136,59,91,77,128,205,47,37,54,32,127,396,2021,23.0
1627884,Derrick Jones Jr.,2021-22,51,899.45,105,195,20,61,56,70,60,109,169,30,25,33,30,105,286,2022,24.0
1627884,Derrick Jones Jr.,2022-23,64,893.4333333333333,115,230,27,80,62,84,60,93,153,34,29,37,25,86,319,2023,25.0
1627884,Derrick Jones Jr.,2023-24,76,1782.8833333333332,239,495,82,239,97,136,82,168,250,75,53,51,65,121,657,2024,26.0
1628021,David Nwaba,2017-18,70,1645.9666666666667,202,423,18,52,133,203,89,237,326,104,59,29,77,158,555,2018,25.0
1628021,David Nwaba,2018-19,51,984.25,126,262,24,75,58,85,41,122,163,54,36,17,29,106,334,2019,26.0
1628021,David Nwaba,2019-20,20,268.45,37,71,12,28,18,27,8,37,45,8,11,12,8,32,104,2020,27.0
1628021,David Nwaba,2020-21,30,678.6,106,218,17,63,47,68,40,78,118,31,30,21,17,60,276,2021,28.0
1628021,David Nwaba,2021-22,46,608.8833333333333,85,176,15,49,48,67,41,110,151,35,28,20,21,55,233,2022,29.0
1628455,Mike James,2017-18,36,686.4833333333333,123,321,26,98,64,84,13,77,90,126,28,7,49,48,336,2018,42.0
1628455,Mike James,2020-21,13,236.0,34,92,11,31,21,27,3,29,32,54,6,1,20,10,100,2021,45.0
1628991,Jaren Jackson Jr.,2018-19,58,1514.7166666666667,298,589,51,142,151,197,73,199,272,64,52,82,98,220,798,2019,51.0
1628991,Jaren Jackson Jr.,2019-20,57,1621.9833333333333,353,753,145,368,139,186,55,207,262,78,40,92,99,232,990,2020,52.0
1628991,Jaren Jackson Jr.,2020-21,11,258.43333333333334,53,125,17,60,35,42,17,45,62,12,12,18,15,42,158,2021,53.0
1628991,Jaren Jackson Jr.,2021-22,78,2126.2166666666667,430,1036,128,401,284,345,119,335,454,86,73,177,130,272,1272,2022,54.0
1628991,Jaren Jackson Jr.,2022-23,63,1787.5,416,822,100,282,241,306,108,318,426,60,65,189,107,227,1173,2023,55.0
1628991,Jaren Jackson Jr.,2023-24,66,2124.2,516,1161,117,366,337,417,85,280,365,154,80,106,160,235,1486,2024,56.0
1628994,George King,2018-19,1,5.9,0,0,0,0,0,0,0,1,1,0,0,0,0,0,0,2019,90.0
1628994,George King,2021-22,4,19.166666666666668,0,5,0,4,1,2,0,5,5,0,0,0,1,4,1,2022,93.0
1629018,Gary Trent Jr.,2018-19,15,110.55,16,50,5,21,3,7,1,10,11,5,1,2,4,4,40,2019,44.0
1629018,Gary Trent Jr.,2019-20,61,1332.0166666666667,196,441,112,268,37,45,25,75,100,61,48,16,21,90,541,2020,45.0
1629018,Gary Trent Jr.,2020-21,58,1802.0,320,785,165,429,83,106,27,125,152,80,56,10,43,92,888,2021,46.0
1629018,Gary Trent Jr.,2021-22,70,2447.9166666666665,450,1086,209,545,174,204,26,165,191,141,122,19,73,144,1283,2022,47.0
1629018,Gary Trent Jr.,2022-23,66,2117.983333333333,405,935,166,450,172,205,30,143,173,106,104,14,55,102,1148,2023,48.0
1629018,Gary Trent Jr.,2023-24,71,1993.6,361,847,178,453,74,96,25,163,188,119,77,10,47,96,974,2024,49.0
1629645,Kevin Porter Jr.,2019-20,50,1161.7166666666667,186,421,53,158,73,101,22,140,162,109,46,14,93,135,498,2020,69.0
1629645,Kevin Porter Jr.,2020-21,26,835.5,156,367,50,161,69,94,20,79,99,164,19,8,91,61,431,2021,70.0
1629645,Kevin Porter Jr.,2021-22,61,1907.1666666666667,335,808,155,413,124,193,43,224,267,376,69,22,192,156,949,2022,71.0
1629645,Kevin Porter Jr.,2022-23,59,2023.8833333333334,391,884,141,385,207,264,76,238,314,338,82,17,188,156,1130,2023,72.0
1630231,Kenyon Martin Jr.,2020-21,45,1067.6666666666667,162,318,35,96,60,84,73,169,242,48,30,41,38,89,419,2021,43.0
1630231,Kenyon Martin Jr.,2021-22,79,1656.35,279,523,60,168,78,123,80,217,297,101,34,40,60,113,696,2022,44.0
1630231,Kenyon Martin Jr.,2022-23,82,2292.1666666666665,410,720,68,216,151,222,126,326,452,123,41,30,91,147,1039,2023,45.0
1630314,Brandon Williams,2021-22,24,639.7166666666667,105,282,31,106,68,97,19,55,74,94,24,10,58,52,309,2022,46.0
1630314,Brandon Williams,2023-24,17,112.86666666666667,20,54,3,15,11,17,4,9,13,17,1,1,7,4,54,2024,48.0
1630613,Duane Washington Jr.,2021-22,48,968.0333333333333,173,427,81,215,46,61,4,79,83,85,26,3,57,66,473,2022,57.0
1630613,Duane Washington Jr.,2022-23,31,393.8333333333333,94,256,40,111,16,24,2,34,36,63,6,4,34,23,244,2023,58.0
1631095,Jabari Smith Jr.,2022-23,79,2450.55,364,892,120,391,162,206,122,447,569,101,43,74,104,227,1010,2023,45.0
1631095,Jabari Smith Jr.,2023-24,76,2423.9166666666665,378,833,138,380,150,185,139,477,616,121,52,61,89,200,1044,2024,46.0
1631098,Johnny Davis,2022-23,28,422.56666666666666,66,171,17,70,14,27,10,55,65,28,10,8,17,48,163,2023,67.0
1631098,Johnny Davis,2023-24,50,613.5,62,154,14,40,14,24,18,54,72,32,18,10,13,57,152,2024,68.0
1631199,Ron Harper Jr.,2022-23,9,47.5,8,16,3,9,1,1,3,4,7,4,0,1,0,3,20,2023,59.0
1631199,Ron Harper Jr.,2023-24,1,3.65,0,0,0,0,0,0,0,0,0,1,0,0,0,2,0,2024,60.0
1631466,Nate Williams,2023-24,22,129.38333333333333,27,50,2,5,7,13,12,11,23,7,4,1,4,10,63,2024,73.0
